project,variant,scenario,mode,registry,runner,base_runner,builds_per_month,p_v,p_a_per_gb,p_t_per_gb_month,r_a,r_t,cost_none,cost_cache,saved_runner_cost,added_cache_cost,cache_cheaper,ra_star_with_storage
caddy,default,S0,min,GitHub Container Registry,1-core,False,10,0.002,0.0,0.0,0.0,0.0,0.0029110728021833334,0.00019507125901666695,0.002712179932083335,0.0,True,37.21432500702504
caddy,default,S0,min,GitHub Container Registry,1-core,False,100,0.002,0.0,0.0,0.0,0.0,0.0029110728021833334,0.00019507125901666695,0.002712179932083335,0.0,True,37.21432500702504
caddy,default,S0,min,GitHub Container Registry,1-core,False,1000,0.002,0.0,0.0,0.0,0.0,0.0029110728021833334,0.00019507125901666695,0.002712179932083335,0.0,True,37.21432500702504
caddy,default,S0,min,GitHub Container Registry,2-core,False,10,0.006,0.0,0.0,0.0,0.0,0.008733218406550001,0.0005852137770500009,0.008136539796250005,0.0,True,37.21432500702504
caddy,default,S0,min,GitHub Container Registry,2-core,False,100,0.006,0.0,0.0,0.0,0.0,0.008733218406550001,0.0005852137770500009,0.008136539796250005,0.0,True,37.21432500702504
caddy,default,S0,min,GitHub Container Registry,2-core,False,1000,0.006,0.0,0.0,0.0,0.0,0.008733218406550001,0.0005852137770500009,0.008136539796250005,0.0,True,37.21432500702504
caddy,default,S0,min,GitHub Container Registry,4-core,True,10,0.012,0.0,0.0,0.0,0.0,0.017466436813100002,0.0011704275541000017,0.01627307959250001,0.0,True,37.21432500702504
caddy,default,S0,min,GitHub Container Registry,4-core,True,100,0.012,0.0,0.0,0.0,0.0,0.017466436813100002,0.0011704275541000017,0.01627307959250001,0.0,True,37.21432500702504
caddy,default,S0,min,GitHub Container Registry,4-core,True,1000,0.012,0.0,0.0,0.0,0.0,0.017466436813100002,0.0011704275541000017,0.01627307959250001,0.0,True,37.21432500702504
caddy,default,S0,min,GitHub Container Registry,8-core,False,10,0.022,0.0,0.0,0.0,0.0,0.032021800824016664,0.002145783849183336,0.02983397925291668,0.0,True,37.21432500702504
caddy,default,S0,min,GitHub Container Registry,8-core,False,100,0.022,0.0,0.0,0.0,0.0,0.032021800824016664,0.002145783849183336,0.02983397925291668,0.0,True,37.21432500702504
caddy,default,S0,min,GitHub Container Registry,8-core,False,1000,0.022,0.0,0.0,0.0,0.0,0.032021800824016664,0.002145783849183336,0.02983397925291668,0.0,True,37.21432500702504
caddy,default,S0,min,Amazon ECR,1-core,False,10,0.002,0.09,0.1,45.0,50.0,0.0029110728021833334,0.004137397454016667,0.002712179932083335,0.003942326195,False,28.120934458359002
caddy,default,S0,min,Amazon ECR,1-core,False,100,0.002,0.09,0.1,45.0,50.0,0.0029110728021833334,0.003540943797516667,0.002712179932083335,0.0033458725385,False,36.30498595215843
caddy,default,S0,min,Amazon ECR,1-core,False,1000,0.002,0.09,0.1,45.0,50.0,0.0029110728021833334,0.003481298431866667,0.002712179932083335,0.00328622717285,False,37.12339110153838
caddy,default,S0,min,Amazon ECR,2-core,False,10,0.006,0.09,0.1,15.0,16.666666666666668,0.008733218406550001,0.004527539972050001,0.008136539796250005,0.003942326195,True,34.18319482413636
caddy,default,S0,min,Amazon ECR,2-core,False,100,0.006,0.09,0.1,15.0,16.666666666666668,0.008733218406550001,0.0039310863155500005,0.008136539796250005,0.0033458725385,True,36.91121198873617
caddy,default,S0,min,Amazon ECR,2-core,False,1000,0.006,0.09,0.1,15.0,16.666666666666668,0.008733218406550001,0.003871440949900001,0.008136539796250005,0.00328622717285,True,37.18401370519616
caddy,default,S0,min,Amazon ECR,4-core,True,10,0.012,0.09,0.1,7.5,8.333333333333334,0.017466436813100002,0.005112753749100002,0.01627307959250001,0.003942326195,True,35.6987599155807
caddy,default,S0,min,Amazon ECR,4-core,True,100,0.012,0.09,0.1,7.5,8.333333333333334,0.017466436813100002,0.0045163000926000015,0.01627307959250001,0.0033458725385,True,37.062768497880604
caddy,default,S0,min,Amazon ECR,4-core,True,1000,0.012,0.09,0.1,7.5,8.333333333333334,0.017466436813100002,0.004456654726950002,0.01627307959250001,0.00328622717285,True,37.199169356110595
caddy,default,S0,min,Amazon ECR,8-core,False,10,0.022,0.09,0.1,4.090909090909091,4.545454545454546,0.032021800824016664,0.0060881100441833366,0.02983397925291668,0.003942326195,True,36.38765313896449
caddy,default,S0,min,Amazon ECR,8-core,False,100,0.022,0.09,0.1,4.090909090909091,4.545454545454546,0.032021800824016664,0.005491656387683336,0.02983397925291668,0.0033458725385,True,37.13165782021898
caddy,default,S0,min,Amazon ECR,8-core,False,1000,0.022,0.09,0.1,4.090909090909091,4.545454545454546,0.032021800824016664,0.005432011022033336,0.02983397925291668,0.00328622717285,True,37.20605828834444
caddy,default,S0,min,Google Artifact Registry,1-core,False,10,0.002,0.11175870895385742,0.09313225746154785,55.87935447692871,46.566128730773926,0.0029110728021833334,0.004884770451548074,0.002712179932083335,0.004689699192531407,False,28.74544510925732
caddy,default,S0,min,Google Artifact Registry,1-core,False,100,0.002,0.11175870895385742,0.09313225746154785,55.87935447692871,46.566128730773926,0.0029110728021833334,0.0043292796965376775,0.002712179932083335,0.00413420843752101,False,36.367437017248264
caddy,default,S0,min,Google Artifact Registry,1-core,False,1000,0.002,0.11175870895385742,0.09313225746154785,55.87935447692871,46.566128730773926,0.0029110728021833334,0.004273730621036638,0.002712179932083335,0.0040786593620199705,False,37.129636208047366
caddy,default,S0,min,Google Artifact Registry,2-core,False,10,0.006,0.11175870895385742,0.09313225746154785,18.62645149230957,15.522042910257975,0.008733218406550001,0.005274912969581408,0.008136539796250005,0.004689699192531407,True,34.39136504110247
caddy,default,S0,min,Google Artifact Registry,2-core,False,100,0.006,0.11175870895385742,0.09313225746154785,18.62645149230957,15.522042910257975,0.008733218406550001,0.004719422214571011,0.008136539796250005,0.00413420843752101,True,36.932029010432785
caddy,default,S0,min,Google Artifact Registry,2-core,False,1000,0.006,0.11175870895385742,0.09313225746154785,18.62645149230957,15.522042910257975,0.008733218406550001,0.0046638731390699715,0.008136539796250005,0.0040786593620199705,True,37.18609540736581
caddy,default,S0,min,Google Artifact Registry,4-core,True,10,0.012,0.11175870895385742,0.09313225746154785,9.313225746154785,7.761021455128987,0.017466436813100002,0.005860126746631409,0.01627307959250001,0.004689699192531407,True,35.80284502406375
caddy,default,S0,min,Google Artifact Registry,4-core,True,100,0.012,0.11175870895385742,0.09313225746154785,9.313225746154785,7.761021455128987,0.017466436813100002,0.005304635991621012,0.01627307959250001,0.00413420843752101,True,37.073177008728905
caddy,default,S0,min,Google Artifact Registry,4-core,True,1000,0.012,0.11175870895385742,0.09313225746154785,9.313225746154785,7.761021455128987,0.017466436813100002,0.0052490869161199724,0.01627307959250001,0.0040786593620199705,True,37.200210207195425
caddy,default,S0,min,Google Artifact Registry,8-core,False,10,0.022,0.11175870895385742,0.09313225746154785,5.079941316084429,4.233284430070357,0.032021800824016664,0.006835483041714743,0.02983397925291668,0.004689699192531407,True,36.4444268345007
caddy,default,S0,min,Google Artifact Registry,8-core,False,100,0.022,0.11175870895385742,0.09313225746154785,5.079941316084429,4.233284430070357,0.032021800824016664,0.006279992286704346,0.02983397925291668,0.00413420843752101,True,37.13733518977261
caddy,default,S0,min,Google Artifact Registry,8-core,False,1000,0.022,0.11175870895385742,0.09313225746154785,5.079941316084429,4.233284430070357,0.032021800824016664,0.006224443211203306,0.02983397925291668,0.0040786593620199705,True,37.2066260252998
caddy,default,S0,min,Azure Container Registry,1-core,False,10,0.002,0.087,0.1,43.49999999999999,50.0,0.0029110728021833334,0.004028077457016666,0.002712179932083335,0.0038330061979999996,False,28.120934458359002
caddy,default,S0,min,Azure Container Registry,1-core,False,100,0.002,0.087,0.1,43.49999999999999,50.0,0.0029110728021833334,0.0034316238005166664,0.002712179932083335,0.0032365525414999995,False,36.30498595215843
caddy,default,S0,min,Azure Container Registry,1-core,False,1000,0.002,0.087,0.1,43.49999999999999,50.0,0.0029110728021833334,0.0033719784348666664,0.002712179932083335,0.0031769071758499996,False,37.12339110153838
caddy,default,S0,min,Azure Container Registry,2-core,False,10,0.006,0.087,0.1,14.499999999999998,16.666666666666668,0.008733218406550001,0.00441821997505,0.008136539796250005,0.0038330061979999996,True,34.18319482413636
caddy,default,S0,min,Azure Container Registry,2-core,False,100,0.006,0.087,0.1,14.499999999999998,16.666666666666668,0.008733218406550001,0.0038217663185500005,0.008136539796250005,0.0032365525414999995,True,36.91121198873617
caddy,default,S0,min,Azure Container Registry,2-core,False,1000,0.006,0.087,0.1,14.499999999999998,16.666666666666668,0.008733218406550001,0.0037621209529000005,0.008136539796250005,0.0031769071758499996,True,37.18401370519616
caddy,default,S0,min,Azure Container Registry,4-core,True,10,0.012,0.087,0.1,7.249999999999999,8.333333333333334,0.017466436813100002,0.005003433752100001,0.01627307959250001,0.0038330061979999996,True,35.6987599155807
caddy,default,S0,min,Azure Container Registry,4-core,True,100,0.012,0.087,0.1,7.249999999999999,8.333333333333334,0.017466436813100002,0.0044069800956000015,0.01627307959250001,0.0032365525414999995,True,37.062768497880604
caddy,default,S0,min,Azure Container Registry,4-core,True,1000,0.012,0.087,0.1,7.249999999999999,8.333333333333334,0.017466436813100002,0.004347334729950001,0.01627307959250001,0.0031769071758499996,True,37.199169356110595
caddy,default,S0,min,Azure Container Registry,8-core,False,10,0.022,0.087,0.1,3.9545454545454546,4.545454545454546,0.032021800824016664,0.005978790047183336,0.02983397925291668,0.0038330061979999996,True,36.38765313896449
caddy,default,S0,min,Azure Container Registry,8-core,False,100,0.022,0.087,0.1,3.9545454545454546,4.545454545454546,0.032021800824016664,0.005382336390683336,0.02983397925291668,0.0032365525414999995,True,37.13165782021898
caddy,default,S0,min,Azure Container Registry,8-core,False,1000,0.022,0.087,0.1,3.9545454545454546,4.545454545454546,0.032021800824016664,0.005322691025033336,0.02983397925291668,0.0031769071758499996,True,37.20605828834444
caddy,default,S0,max,GitHub Container Registry,1-core,False,10,0.002,0.0,0.0,0.0,0.0,0.0029110728021833334,0.0002038609470666652,0.0027025978077500003,0.0,True,37.082849950779355
caddy,default,S0,max,GitHub Container Registry,1-core,False,100,0.002,0.0,0.0,0.0,0.0,0.0029110728021833334,0.0002038609470666652,0.0027025978077500003,0.0,True,37.082849950779355
caddy,default,S0,max,GitHub Container Registry,1-core,False,1000,0.002,0.0,0.0,0.0,0.0,0.0029110728021833334,0.0002038609470666652,0.0027025978077500003,0.0,True,37.082849950779355
caddy,default,S0,max,GitHub Container Registry,2-core,False,10,0.006,0.0,0.0,0.0,0.0,0.008733218406550001,0.0006115828411999957,0.008107793423250001,0.0,True,37.082849950779355
caddy,default,S0,max,GitHub Container Registry,2-core,False,100,0.006,0.0,0.0,0.0,0.0,0.008733218406550001,0.0006115828411999957,0.008107793423250001,0.0,True,37.082849950779355
caddy,default,S0,max,GitHub Container Registry,2-core,False,1000,0.006,0.0,0.0,0.0,0.0,0.008733218406550001,0.0006115828411999957,0.008107793423250001,0.0,True,37.082849950779355
caddy,default,S0,max,GitHub Container Registry,4-core,True,10,0.012,0.0,0.0,0.0,0.0,0.017466436813100002,0.0012231656823999913,0.016215586846500003,0.0,True,37.082849950779355
caddy,default,S0,max,GitHub Container Registry,4-core,True,100,0.012,0.0,0.0,0.0,0.0,0.017466436813100002,0.0012231656823999913,0.016215586846500003,0.0,True,37.082849950779355
caddy,default,S0,max,GitHub Container Registry,4-core,True,1000,0.012,0.0,0.0,0.0,0.0,0.017466436813100002,0.0012231656823999913,0.016215586846500003,0.0,True,37.082849950779355
caddy,default,S0,max,GitHub Container Registry,8-core,False,10,0.022,0.0,0.0,0.0,0.0,0.032021800824016664,0.0022424704177333174,0.02972857588525,0.0,True,37.082849950779355
caddy,default,S0,max,GitHub Container Registry,8-core,False,100,0.022,0.0,0.0,0.0,0.0,0.032021800824016664,0.0022424704177333174,0.02972857588525,0.0,True,37.082849950779355
caddy,default,S0,max,GitHub Container Registry,8-core,False,1000,0.022,0.0,0.0,0.0,0.0,0.032021800824016664,0.0022424704177333174,0.02972857588525,0.0,True,37.082849950779355
caddy,default,S0,max,Amazon ECR,1-core,False,10,0.002,0.09,0.1,45.0,50.0,0.0029110728021833334,0.012799039142066666,0.0027025978077500003,0.012595178195,False,-90.73794557016416
caddy,default,S0,max,Amazon ECR,1-core,False,100,0.002,0.09,0.1,45.0,50.0,0.0029110728021833334,0.004415018442566665,0.0027025978077500003,0.0042111574955000005,False,24.300770398685007
caddy,default,S0,max,Amazon ECR,1-core,False,1000,0.002,0.09,0.1,45.0,50.0,0.0029110728021833334,0.0035766163726166657,0.0027025978077500003,0.0033727554255500005,False,35.80464199556992
caddy,default,S0,max,Amazon ECR,2-core,False,10,0.006,0.09,0.1,15.0,16.666666666666668,0.008733218406550001,0.013206761036199997,0.008107793423250001,0.012595178195,False,-5.524081889535155
caddy,default,S0,max,Amazon ECR,2-core,False,100,0.006,0.09,0.1,15.0,16.666666666666668,0.008733218406550001,0.004822740336699996,0.008107793423250001,0.0042111574955000005,True,32.82215676674791
caddy,default,S0,max,Amazon ECR,2-core,False,1000,0.006,0.09,0.1,15.0,16.666666666666668,0.008733218406550001,0.003984338266749996,0.008107793423250001,0.0033727554255500005,True,36.65678063237621
caddy,default,S0,max,Amazon ECR,4-core,True,10,0.012,0.09,0.1,7.5,8.333333333333334,0.017466436813100002,0.013818343877399991,0.016215586846500003,0.012595178195,True,15.7793840306221
caddy,default,S0,max,Amazon ECR,4-core,True,100,0.012,0.09,0.1,7.5,8.333333333333334,0.017466436813100002,0.005434323177899992,0.016215586846500003,0.0042111574955000005,True,34.952503358763636
caddy,default,S0,max,Amazon ECR,4-core,True,1000,0.012,0.09,0.1,7.5,8.333333333333334,0.017466436813100002,0.004595921107949992,0.016215586846500003,0.0033727554255500005,True,36.86981529157779
caddy,default,S0,max,Amazon ECR,8-core,False,10,0.022,0.09,0.1,4.090909090909091,4.545454545454546,0.032021800824016664,0.014837648612733317,0.02972857588525,0.012595178195,True,25.462777630693584
caddy,default,S0,max,Amazon ECR,8-core,False,100,0.022,0.09,0.1,4.090909090909091,4.545454545454546,0.032021800824016664,0.006453627913233318,0.02972857588525,0.0042111574955000005,True,35.920842718770785
caddy,default,S0,max,Amazon ECR,8-core,False,1000,0.022,0.09,0.1,4.090909090909091,4.545454545454546,0.032021800824016664,0.005615225843283318,0.02972857588525,0.0033727554255500005,True,36.9666492275785
caddy,default,S0,max,Google Artifact Registry,1-core,False,10,0.002,0.11175870895385742,0.09313225746154785,55.87935447692871,46.566128730773926,0.0029110728021833334,0.012952156458185732,0.0027025978077500003,0.012748295511119067,False,-81.95954242318439
caddy,default,S0,max,Google Artifact Registry,1-core,False,100,0.002,0.11175870895385742,0.09313225746154785,55.87935447692871,46.566128730773926,0.0029110728021833334,0.0051439287146979274,0.0027025978077500003,0.004940067767631263,False,25.178610713382984
caddy,default,S0,max,Google Artifact Registry,1-core,False,1000,0.002,0.11175870895385742,0.09313225746154785,55.87935447692871,46.566128730773926,0.0029110728021833334,0.0043631059403491474,0.0027025978077500003,0.004159244993282483,False,35.89242602703972
caddy,default,S0,max,Google Artifact Registry,2-core,False,10,0.006,0.11175870895385742,0.09313225746154785,18.62645149230957,15.522042910257975,0.008733218406550001,0.013359878352319063,0.008107793423250001,0.012748295511119067,False,-2.5979475072085605
caddy,default,S0,max,Google Artifact Registry,2-core,False,100,0.006,0.11175870895385742,0.09313225746154785,18.62645149230957,15.522042910257975,0.008733218406550001,0.005551650608831258,0.008107793423250001,0.004940067767631263,True,33.114770204980566
caddy,default,S0,max,Google Artifact Registry,2-core,False,1000,0.006,0.11175870895385742,0.09313225746154785,18.62645149230957,15.522042910257975,0.008733218406550001,0.004770827834482478,0.008107793423250001,0.004159244993282483,True,36.686041976199476
caddy,default,S0,max,Google Artifact Registry,4-core,True,10,0.012,0.11175870895385742,0.09313225746154785,9.313225746154785,7.761021455128987,0.017466436813100002,0.013971461193519058,0.016215586846500003,0.012748295511119067,True,17.242451221785398
caddy,default,S0,max,Google Artifact Registry,4-core,True,100,0.012,0.11175870895385742,0.09313225746154785,9.313225746154785,7.761021455128987,0.017466436813100002,0.006163233450031254,0.016215586846500003,0.004940067767631263,True,35.09881007787996
caddy,default,S0,max,Google Artifact Registry,4-core,True,1000,0.012,0.11175870895385742,0.09313225746154785,9.313225746154785,7.761021455128987,0.017466436813100002,0.005382410675682474,0.016215586846500003,0.004159244993282483,True,36.88444596348942
caddy,default,S0,max,Google Artifact Registry,8-core,False,10,0.022,0.11175870895385742,0.09313225746154785,5.079941316084429,4.233284430070357,0.032021800824016664,0.014990765928852384,0.02972857588525,0.012748295511119067,True,26.260814280419012
caddy,default,S0,max,Google Artifact Registry,8-core,False,100,0.022,0.11175870895385742,0.09313225746154785,5.079941316084429,4.233284430070357,0.032021800824016664,0.00718253818536458,0.02972857588525,0.004940067767631263,True,36.00064638374332
caddy,default,S0,max,Google Artifact Registry,8-core,False,1000,0.022,0.11175870895385742,0.09313225746154785,5.079941316084429,4.233284430070357,0.032021800824016664,0.0064017154110158,0.02972857588525,0.004159244993282483,True,36.97462959407576
caddy,default,S0,max,Azure Container Registry,1-core,False,10,0.002,0.087,0.1,43.49999999999999,50.0,0.0029110728021833334,0.012689719154066664,0.0027025978077500003,0.012485858207,False,-90.73794557016416
caddy,default,S0,max,Azure Container Registry,1-core,False,100,0.002,0.087,0.1,43.49999999999999,50.0,0.0029110728021833334,0.004305698454566665,0.0027025978077500003,0.0041018375075,False,24.300770398685007
caddy,default,S0,max,Azure Container Registry,1-core,False,1000,0.002,0.087,0.1,43.49999999999999,50.0,0.0029110728021833334,0.0034672963846166653,0.0027025978077500003,0.00326343543755,False,35.80464199556992
caddy,default,S0,max,Azure Container Registry,2-core,False,10,0.006,0.087,0.1,14.499999999999998,16.666666666666668,0.008733218406550001,0.013097441048199996,0.008107793423250001,0.012485858207,False,-5.524081889535155
caddy,default,S0,max,Azure Container Registry,2-core,False,100,0.006,0.087,0.1,14.499999999999998,16.666666666666668,0.008733218406550001,0.004713420348699995,0.008107793423250001,0.0041018375075,True,32.82215676674791
caddy,default,S0,max,Azure Container Registry,2-core,False,1000,0.006,0.087,0.1,14.499999999999998,16.666666666666668,0.008733218406550001,0.0038750182787499958,0.008107793423250001,0.00326343543755,True,36.65678063237621
caddy,default,S0,max,Azure Container Registry,4-core,True,10,0.012,0.087,0.1,7.249999999999999,8.333333333333334,0.017466436813100002,0.01370902388939999,0.016215586846500003,0.012485858207,True,15.7793840306221
caddy,default,S0,max,Azure Container Registry,4-core,True,100,0.012,0.087,0.1,7.249999999999999,8.333333333333334,0.017466436813100002,0.005325003189899992,0.016215586846500003,0.0041018375075,True,34.952503358763636
caddy,default,S0,max,Azure Container Registry,4-core,True,1000,0.012,0.087,0.1,7.249999999999999,8.333333333333334,0.017466436813100002,0.0044866011199499916,0.016215586846500003,0.00326343543755,True,36.86981529157779
caddy,default,S0,max,Azure Container Registry,8-core,False,10,0.022,0.087,0.1,3.9545454545454546,4.545454545454546,0.032021800824016664,0.014728328624733316,0.02972857588525,0.012485858207,True,25.462777630693584
caddy,default,S0,max,Azure Container Registry,8-core,False,100,0.022,0.087,0.1,3.9545454545454546,4.545454545454546,0.032021800824016664,0.0063443079252333175,0.02972857588525,0.0041018375075,True,35.920842718770785
caddy,default,S0,max,Azure Container Registry,8-core,False,1000,0.022,0.087,0.1,3.9545454545454546,4.545454545454546,0.032021800824016664,0.005505905855283317,0.02972857588525,0.00326343543755,True,36.9666492275785
caddy,default,S1,min,GitHub Container Registry,1-core,False,10,0.002,0.0,0.0,0.0,0.0,0.0030728013244499994,0.003271216170883334,-0.00019305260723333505,0.0,False,
caddy,default,S1,min,GitHub Container Registry,1-core,False,100,0.002,0.0,0.0,0.0,0.0,0.0030728013244499994,0.003271216170883334,-0.00019305260723333505,0.0,False,
caddy,default,S1,min,GitHub Container Registry,1-core,False,1000,0.002,0.0,0.0,0.0,0.0,0.0030728013244499994,0.003271216170883334,-0.00019305260723333505,0.0,False,
caddy,default,S1,min,GitHub Container Registry,2-core,False,10,0.006,0.0,0.0,0.0,0.0,0.009218403973349998,0.009813648512650002,-0.0005791578217000051,0.0,False,
caddy,default,S1,min,GitHub Container Registry,2-core,False,100,0.006,0.0,0.0,0.0,0.0,0.009218403973349998,0.009813648512650002,-0.0005791578217000051,0.0,False,
caddy,default,S1,min,GitHub Container Registry,2-core,False,1000,0.006,0.0,0.0,0.0,0.0,0.009218403973349998,0.009813648512650002,-0.0005791578217000051,0.0,False,
caddy,default,S1,min,GitHub Container Registry,4-core,True,10,0.012,0.0,0.0,0.0,0.0,0.018436807946699996,0.019627297025300004,-0.0011583156434000102,0.0,False,
caddy,default,S1,min,GitHub Container Registry,4-core,True,100,0.012,0.0,0.0,0.0,0.0,0.018436807946699996,0.019627297025300004,-0.0011583156434000102,0.0,False,
caddy,default,S1,min,GitHub Container Registry,4-core,True,1000,0.012,0.0,0.0,0.0,0.0,0.018436807946699996,0.019627297025300004,-0.0011583156434000102,0.0,False,
caddy,default,S1,min,GitHub Container Registry,8-core,False,10,0.022,0.0,0.0,0.0,0.0,0.03380081456894999,0.03598337787971667,-0.002123578679566685,0.0,False,
caddy,default,S1,min,GitHub Container Registry,8-core,False,100,0.022,0.0,0.0,0.0,0.0,0.03380081456894999,0.03598337787971667,-0.002123578679566685,0.0,False,
caddy,default,S1,min,GitHub Container Registry,8-core,False,1000,0.022,0.0,0.0,0.0,0.0,0.03380081456894999,0.03598337787971667,-0.002123578679566685,0.0,False,
caddy,default,S1,min,Amazon ECR,1-core,False,10,0.002,0.09,0.1,45.0,50.0,0.0030728013244499994,0.005397759490883334,-0.00019305260723333505,0.00212654332,False,
caddy,default,S1,min,Amazon ECR,1-core,False,100,0.002,0.09,0.1,45.0,50.0,0.0030728013244499994,0.004801305370883333,-0.00019305260723333505,0.0015300891999999997,False,
caddy,default,S1,min,Amazon ECR,1-core,False,1000,0.002,0.09,0.1,45.0,50.0,0.0030728013244499994,0.0047416599588833335,-0.00019305260723333505,0.0014704437879999998,False,
caddy,default,S1,min,Amazon ECR,2-core,False,10,0.006,0.09,0.1,15.0,16.666666666666668,0.009218403973349998,0.011940191832650002,-0.0005791578217000051,0.00212654332,False,
caddy,default,S1,min,Amazon ECR,2-core,False,100,0.006,0.09,0.1,15.0,16.666666666666668,0.009218403973349998,0.011343737712650001,-0.0005791578217000051,0.0015300891999999997,False,
caddy,default,S1,min,Amazon ECR,2-core,False,1000,0.006,0.09,0.1,15.0,16.666666666666668,0.009218403973349998,0.011284092300650002,-0.0005791578217000051,0.0014704437879999998,False,
caddy,default,S1,min,Amazon ECR,4-core,True,10,0.012,0.09,0.1,7.5,8.333333333333334,0.018436807946699996,0.021753840345300004,-0.0011583156434000102,0.00212654332,False,
caddy,default,S1,min,Amazon ECR,4-core,True,100,0.012,0.09,0.1,7.5,8.333333333333334,0.018436807946699996,0.021157386225300005,-0.0011583156434000102,0.0015300891999999997,False,
caddy,default,S1,min,Amazon ECR,4-core,True,1000,0.012,0.09,0.1,7.5,8.333333333333334,0.018436807946699996,0.021097740813300004,-0.0011583156434000102,0.0014704437879999998,False,
caddy,default,S1,min,Amazon ECR,8-core,False,10,0.022,0.09,0.1,4.090909090909091,4.545454545454546,0.03380081456894999,0.03810992119971667,-0.002123578679566685,0.00212654332,False,
caddy,default,S1,min,Amazon ECR,8-core,False,100,0.022,0.09,0.1,4.090909090909091,4.545454545454546,0.03380081456894999,0.03751346707971667,-0.002123578679566685,0.0015300891999999997,False,
caddy,default,S1,min,Amazon ECR,8-core,False,1000,0.022,0.09,0.1,4.090909090909091,4.545454545454546,0.03380081456894999,0.03745382166771667,-0.002123578679566685,0.0014704437879999998,False,
caddy,default,S1,min,Google Artifact Registry,1-core,False,10,0.002,0.11175870895385742,0.09313225746154785,55.87935447692871,46.566128730773926,0.0030728013244499994,0.0057061424274207715,-0.00019305260723333505,0.0024349262565374376,False,
caddy,default,S1,min,Google Artifact Registry,1-core,False,100,0.002,0.11175870895385742,0.09313225746154785,55.87935447692871,46.566128730773926,0.0030728013244499994,0.005150651240742362,-0.00019305260723333505,0.0018794350698590277,False,
caddy,default,S1,min,Google Artifact Registry,1-core,False,1000,0.002,0.11175870895385742,0.09313225746154785,55.87935447692871,46.566128730773926,0.0030728013244499994,0.00509510212207452,-0.00019305260723333505,0.0018238859511911867,False,
caddy,default,S1,min,Google Artifact Registry,2-core,False,10,0.006,0.11175870895385742,0.09313225746154785,18.62645149230957,15.522042910257975,0.009218403973349998,0.01224857476918744,-0.0005791578217000051,0.0024349262565374376,False,
caddy,default,S1,min,Google Artifact Registry,2-core,False,100,0.006,0.11175870895385742,0.09313225746154785,18.62645149230957,15.522042910257975,0.009218403973349998,0.011693083582509029,-0.0005791578217000051,0.0018794350698590277,False,
caddy,default,S1,min,Google Artifact Registry,2-core,False,1000,0.006,0.11175870895385742,0.09313225746154785,18.62645149230957,15.522042910257975,0.009218403973349998,0.01163753446384119,-0.0005791578217000051,0.0018238859511911867,False,
caddy,default,S1,min,Google Artifact Registry,4-core,True,10,0.012,0.11175870895385742,0.09313225746154785,9.313225746154785,7.761021455128987,0.018436807946699996,0.02206222328183744,-0.0011583156434000102,0.0024349262565374376,False,
caddy,default,S1,min,Google Artifact Registry,4-core,True,100,0.012,0.11175870895385742,0.09313225746154785,9.313225746154785,7.761021455128987,0.018436807946699996,0.02150673209515903,-0.0011583156434000102,0.0018794350698590277,False,
caddy,default,S1,min,Google Artifact Registry,4-core,True,1000,0.012,0.11175870895385742,0.09313225746154785,9.313225746154785,7.761021455128987,0.018436807946699996,0.02145118297649119,-0.0011583156434000102,0.0018238859511911867,False,
caddy,default,S1,min,Google Artifact Registry,8-core,False,10,0.022,0.11175870895385742,0.09313225746154785,5.079941316084429,4.233284430070357,0.03380081456894999,0.038418304136254106,-0.002123578679566685,0.0024349262565374376,False,
caddy,default,S1,min,Google Artifact Registry,8-core,False,100,0.022,0.11175870895385742,0.09313225746154785,5.079941316084429,4.233284430070357,0.03380081456894999,0.0378628129495757,-0.002123578679566685,0.0018794350698590277,False,
caddy,default,S1,min,Google Artifact Registry,8-core,False,1000,0.022,0.11175870895385742,0.09313225746154785,5.079941316084429,4.233284430070357,0.03380081456894999,0.03780726383090786,-0.002123578679566685,0.0018238859511911867,False,
caddy,default,S1,min,Azure Container Registry,1-core,False,10,0.002,0.087,0.1,43.49999999999999,50.0,0.0030728013244499994,0.005348965606883334,-0.00019305260723333505,0.002077749436,False,
caddy,default,S1,min,Azure Container Registry,1-core,False,100,0.002,0.087,0.1,43.49999999999999,50.0,0.0030728013244499994,0.004752511486883333,-0.00019305260723333505,0.0014812953159999997,False,
caddy,default,S1,min,Azure Container Registry,1-core,False,1000,0.002,0.087,0.1,43.49999999999999,50.0,0.0030728013244499994,0.0046928660748833334,-0.00019305260723333505,0.0014216499039999997,False,
caddy,default,S1,min,Azure Container Registry,2-core,False,10,0.006,0.087,0.1,14.499999999999998,16.666666666666668,0.009218403973349998,0.011891397948650002,-0.0005791578217000051,0.002077749436,False,
caddy,default,S1,min,Azure Container Registry,2-core,False,100,0.006,0.087,0.1,14.499999999999998,16.666666666666668,0.009218403973349998,0.011294943828650001,-0.0005791578217000051,0.0014812953159999997,False,
caddy,default,S1,min,Azure Container Registry,2-core,False,1000,0.006,0.087,0.1,14.499999999999998,16.666666666666668,0.009218403973349998,0.011235298416650002,-0.0005791578217000051,0.0014216499039999997,False,
caddy,default,S1,min,Azure Container Registry,4-core,True,10,0.012,0.087,0.1,7.249999999999999,8.333333333333334,0.018436807946699996,0.021705046461300004,-0.0011583156434000102,0.002077749436,False,
caddy,default,S1,min,Azure Container Registry,4-core,True,100,0.012,0.087,0.1,7.249999999999999,8.333333333333334,0.018436807946699996,0.021108592341300005,-0.0011583156434000102,0.0014812953159999997,False,
caddy,default,S1,min,Azure Container Registry,4-core,True,1000,0.012,0.087,0.1,7.249999999999999,8.333333333333334,0.018436807946699996,0.021048946929300004,-0.0011583156434000102,0.0014216499039999997,False,
caddy,default,S1,min,Azure Container Registry,8-core,False,10,0.022,0.087,0.1,3.9545454545454546,4.545454545454546,0.03380081456894999,0.03806112731571667,-0.002123578679566685,0.002077749436,False,
caddy,default,S1,min,Azure Container Registry,8-core,False,100,0.022,0.087,0.1,3.9545454545454546,4.545454545454546,0.03380081456894999,0.03746467319571667,-0.002123578679566685,0.0014812953159999997,False,
caddy,default,S1,min,Azure Container Registry,8-core,False,1000,0.022,0.087,0.1,3.9545454545454546,4.545454545454546,0.03380081456894999,0.03740502778371667,-0.002123578679566685,0.0014216499039999997,False,
caddy,default,S1,max,GitHub Container Registry,1-core,False,10,0.002,0.0,0.0,0.0,0.0,0.0030728013244499994,0.0038695212108499997,-0.00082213513291667,0.0,False,
caddy,default,S1,max,GitHub Container Registry,1-core,False,100,0.002,0.0,0.0,0.0,0.0,0.0030728013244499994,0.0038695212108499997,-0.00082213513291667,0.0,False,
caddy,default,S1,max,GitHub Container Registry,1-core,False,1000,0.002,0.0,0.0,0.0,0.0,0.0030728013244499994,0.0038695212108499997,-0.00082213513291667,0.0,False,
caddy,default,S1,max,GitHub Container Registry,2-core,False,10,0.006,0.0,0.0,0.0,0.0,0.009218403973349998,0.011608563632549999,-0.00246640539875001,0.0,False,
caddy,default,S1,max,GitHub Container Registry,2-core,False,100,0.006,0.0,0.0,0.0,0.0,0.009218403973349998,0.011608563632549999,-0.00246640539875001,0.0,False,
caddy,default,S1,max,GitHub Container Registry,2-core,False,1000,0.006,0.0,0.0,0.0,0.0,0.009218403973349998,0.011608563632549999,-0.00246640539875001,0.0,False,
caddy,default,S1,max,GitHub Container Registry,4-core,True,10,0.012,0.0,0.0,0.0,0.0,0.018436807946699996,0.023217127265099998,-0.00493281079750002,0.0,False,
caddy,default,S1,max,GitHub Container Registry,4-core,True,100,0.012,0.0,0.0,0.0,0.0,0.018436807946699996,0.023217127265099998,-0.00493281079750002,0.0,False,
caddy,default,S1,max,GitHub Container Registry,4-core,True,1000,0.012,0.0,0.0,0.0,0.0,0.018436807946699996,0.023217127265099998,-0.00493281079750002,0.0,False,
caddy,default,S1,max,GitHub Container Registry,8-core,False,10,0.022,0.0,0.0,0.0,0.0,0.03380081456894999,0.04256473331934999,-0.00904348646208337,0.0,False,
caddy,default,S1,max,GitHub Container Registry,8-core,False,100,0.022,0.0,0.0,0.0,0.0,0.03380081456894999,0.04256473331934999,-0.00904348646208337,0.0,False,
caddy,default,S1,max,GitHub Container Registry,8-core,False,1000,0.022,0.0,0.0,0.0,0.0,0.03380081456894999,0.04256473331934999,-0.00904348646208337,0.0,False,
caddy,default,S1,max,Amazon ECR,1-core,False,10,0.002,0.09,0.1,45.0,50.0,0.0030728013244499994,0.04683157800584999,-0.00082213513291667,0.042962056794999995,False,
caddy,default,S1,max,Amazon ECR,1-core,False,100,0.002,0.09,0.1,45.0,50.0,0.0030728013244499994,0.038447267429849996,-0.00082213513291667,0.034577746219,False,
caddy,default,S1,max,Amazon ECR,1-core,False,1000,0.002,0.09,0.1,45.0,50.0,0.0030728013244499994,0.037608836372249994,-0.00082213513291667,0.033739315161399996,False,
caddy,default,S1,max,Amazon ECR,2-core,False,10,0.006,0.09,0.1,15.0,16.666666666666668,0.009218403973349998,0.054570620427549996,-0.00246640539875001,0.042962056794999995,False,
caddy,default,S1,max,Amazon ECR,2-core,False,100,0.006,0.09,0.1,15.0,16.666666666666668,0.009218403973349998,0.04618630985155,-0.00246640539875001,0.034577746219,False,
caddy,default,S1,max,Amazon ECR,2-core,False,1000,0.006,0.09,0.1,15.0,16.666666666666668,0.009218403973349998,0.04534787879395,-0.00246640539875001,0.033739315161399996,False,
caddy,default,S1,max,Amazon ECR,4-core,True,10,0.012,0.09,0.1,7.5,8.333333333333334,0.018436807946699996,0.0661791840601,-0.00493281079750002,0.042962056794999995,False,
caddy,default,S1,max,Amazon ECR,4-core,True,100,0.012,0.09,0.1,7.5,8.333333333333334,0.018436807946699996,0.05779487348409999,-0.00493281079750002,0.034577746219,False,
caddy,default,S1,max,Amazon ECR,4-core,True,1000,0.012,0.09,0.1,7.5,8.333333333333334,0.018436807946699996,0.0569564424265,-0.00493281079750002,0.033739315161399996,False,
caddy,default,S1,max,Amazon ECR,8-core,False,10,0.022,0.09,0.1,4.090909090909091,4.545454545454546,0.03380081456894999,0.08552679011435,-0.00904348646208337,0.042962056794999995,False,
caddy,default,S1,max,Amazon ECR,8-core,False,100,0.022,0.09,0.1,4.090909090909091,4.545454545454546,0.03380081456894999,0.07714247953834999,-0.00904348646208337,0.034577746219,False,
caddy,default,S1,max,Amazon ECR,8-core,False,1000,0.022,0.09,0.1,4.090909090909091,4.545454545454546,0.03380081456894999,0.07630404848074998,-0.00904348646208337,0.033739315161399996,False,
caddy,default,S1,max,Google Artifact Registry,1-core,False,10,0.002,0.11175870895385742,0.09313225746154785,55.87935447692871,46.566128730773926,0.0030728013244499994,0.05432619614800882,-0.00082213513291667,0.05045667493715882,False,
caddy,default,S1,max,Google Artifact Registry,1-core,False,100,0.002,0.11175870895385742,0.09313225746154785,55.87935447692871,46.566128730773926,0.0030728013244499994,0.04651769843599272,-0.00082213513291667,0.04264817722514272,False,
caddy,default,S1,max,Google Artifact Registry,1-core,False,1000,0.002,0.11175870895385742,0.09313225746154785,55.87935447692871,46.566128730773926,0.0030728013244499994,0.0457368486647911,-0.00082213513291667,0.0418673274539411,False,
caddy,default,S1,max,Google Artifact Registry,2-core,False,10,0.006,0.11175870895385742,0.09313225746154785,18.62645149230957,15.522042910257975,0.009218403973349998,0.062065238569708824,-0.00246640539875001,0.05045667493715882,False,
caddy,default,S1,max,Google Artifact Registry,2-core,False,100,0.006,0.11175870895385742,0.09313225746154785,18.62645149230957,15.522042910257975,0.009218403973349998,0.05425674085769272,-0.00246640539875001,0.04264817722514272,False,
caddy,default,S1,max,Google Artifact Registry,2-core,False,1000,0.006,0.11175870895385742,0.09313225746154785,18.62645149230957,15.522042910257975,0.009218403973349998,0.053475891086491104,-0.00246640539875001,0.0418673274539411,False,
caddy,default,S1,max,Google Artifact Registry,4-core,True,10,0.012,0.11175870895385742,0.09313225746154785,9.313225746154785,7.761021455128987,0.018436807946699996,0.07367380220225882,-0.00493281079750002,0.05045667493715882,False,
caddy,default,S1,max,Google Artifact Registry,4-core,True,100,0.012,0.11175870895385742,0.09313225746154785,9.313225746154785,7.761021455128987,0.018436807946699996,0.06586530449024272,-0.00493281079750002,0.04264817722514272,False,
caddy,default,S1,max,Google Artifact Registry,4-core,True,1000,0.012,0.11175870895385742,0.09313225746154785,9.313225746154785,7.761021455128987,0.018436807946699996,0.0650844547190411,-0.00493281079750002,0.0418673274539411,False,
caddy,default,S1,max,Google Artifact Registry,8-core,False,10,0.022,0.11175870895385742,0.09313225746154785,5.079941316084429,4.233284430070357,0.03380081456894999,0.09302140825650881,-0.00904348646208337,0.05045667493715882,False,
caddy,default,S1,max,Google Artifact Registry,8-core,False,100,0.022,0.11175870895385742,0.09313225746154785,5.079941316084429,4.233284430070357,0.03380081456894999,0.0852129105444927,-0.00904348646208337,0.04264817722514272,False,
caddy,default,S1,max,Google Artifact Registry,8-core,False,1000,0.022,0.11175870895385742,0.09313225746154785,5.079941316084429,4.233284430070357,0.03380081456894999,0.0844320607732911,-0.00904348646208337,0.0418673274539411,False,
caddy,default,S1,max,Azure Container Registry,1-core,False,10,0.002,0.087,0.1,43.49999999999999,50.0,0.0030728013244499994,0.04571003946734999,-0.00082213513291667,0.041840518256499995,False,
caddy,default,S1,max,Azure Container Registry,1-core,False,100,0.002,0.087,0.1,43.49999999999999,50.0,0.0030728013244499994,0.037325728891349996,-0.00082213513291667,0.0334562076805,False,
caddy,default,S1,max,Azure Container Registry,1-core,False,1000,0.002,0.087,0.1,43.49999999999999,50.0,0.0030728013244499994,0.036487297833749995,-0.00082213513291667,0.0326177766229,False,
caddy,default,S1,max,Azure Container Registry,2-core,False,10,0.006,0.087,0.1,14.499999999999998,16.666666666666668,0.009218403973349998,0.053449081889049996,-0.00246640539875001,0.041840518256499995,False,
caddy,default,S1,max,Azure Container Registry,2-core,False,100,0.006,0.087,0.1,14.499999999999998,16.666666666666668,0.009218403973349998,0.04506477131305,-0.00246640539875001,0.0334562076805,False,
caddy,default,S1,max,Azure Container Registry,2-core,False,1000,0.006,0.087,0.1,14.499999999999998,16.666666666666668,0.009218403973349998,0.04422634025545,-0.00246640539875001,0.0326177766229,False,
caddy,default,S1,max,Azure Container Registry,4-core,True,10,0.012,0.087,0.1,7.249999999999999,8.333333333333334,0.018436807946699996,0.0650576455216,-0.00493281079750002,0.041840518256499995,False,
caddy,default,S1,max,Azure Container Registry,4-core,True,100,0.012,0.087,0.1,7.249999999999999,8.333333333333334,0.018436807946699996,0.05667333494559999,-0.00493281079750002,0.0334562076805,False,
caddy,default,S1,max,Azure Container Registry,4-core,True,1000,0.012,0.087,0.1,7.249999999999999,8.333333333333334,0.018436807946699996,0.055834903888,-0.00493281079750002,0.0326177766229,False,
caddy,default,S1,max,Azure Container Registry,8-core,False,10,0.022,0.087,0.1,3.9545454545454546,4.545454545454546,0.03380081456894999,0.08440525157585,-0.00904348646208337,0.041840518256499995,False,
caddy,default,S1,max,Azure Container Registry,8-core,False,100,0.022,0.087,0.1,3.9545454545454546,4.545454545454546,0.03380081456894999,0.07602094099984999,-0.00904348646208337,0.0334562076805,False,
caddy,default,S1,max,Azure Container Registry,8-core,False,1000,0.022,0.087,0.1,3.9545454545454546,4.545454545454546,0.03380081456894999,0.07518250994224998,-0.00904348646208337,0.0326177766229,False,
caddy,default,S2,min,GitHub Container Registry,1-core,False,10,0.002,0.0,0.0,0.0,0.0,0.003001849168783334,0.0030666842387166676,-4.674939503333538e-05,0.0,False,
caddy,default,S2,min,GitHub Container Registry,1-core,False,100,0.002,0.0,0.0,0.0,0.0,0.003001849168783334,0.0030666842387166676,-4.674939503333538e-05,0.0,False,
caddy,default,S2,min,GitHub Container Registry,1-core,False,1000,0.002,0.0,0.0,0.0,0.0,0.003001849168783334,0.0030666842387166676,-4.674939503333538e-05,0.0,False,
caddy,default,S2,min,GitHub Container Registry,2-core,False,10,0.006,0.0,0.0,0.0,0.0,0.009005547506350003,0.009200052716150004,-0.00014024818510000614,0.0,False,
caddy,default,S2,min,GitHub Container Registry,2-core,False,100,0.006,0.0,0.0,0.0,0.0,0.009005547506350003,0.009200052716150004,-0.00014024818510000614,0.0,False,
caddy,default,S2,min,GitHub Container Registry,2-core,False,1000,0.006,0.0,0.0,0.0,0.0,0.009005547506350003,0.009200052716150004,-0.00014024818510000614,0.0,False,
caddy,default,S2,min,GitHub Container Registry,4-core,True,10,0.012,0.0,0.0,0.0,0.0,0.018011095012700006,0.018400105432300008,-0.0002804963702000123,0.0,False,
caddy,default,S2,min,GitHub Container Registry,4-core,True,100,0.012,0.0,0.0,0.0,0.0,0.018011095012700006,0.018400105432300008,-0.0002804963702000123,0.0,False,
caddy,default,S2,min,GitHub Container Registry,4-core,True,1000,0.012,0.0,0.0,0.0,0.0,0.018011095012700006,0.018400105432300008,-0.0002804963702000123,0.0,False,
caddy,default,S2,min,GitHub Container Registry,8-core,False,10,0.022,0.0,0.0,0.0,0.0,0.03302034085661667,0.033733526625883345,-0.0005142433453666891,0.0,False,
caddy,default,S2,min,GitHub Container Registry,8-core,False,100,0.022,0.0,0.0,0.0,0.0,0.03302034085661667,0.033733526625883345,-0.0005142433453666891,0.0,False,
caddy,default,S2,min,GitHub Container Registry,8-core,False,1000,0.022,0.0,0.0,0.0,0.0,0.03302034085661667,0.033733526625883345,-0.0005142433453666891,0.0,False,
caddy,default,S2,min,Amazon ECR,1-core,False,10,0.002,0.09,0.1,45.0,50.0,0.003001849168783334,0.007009021033716667,-4.674939503333538e-05,0.003942336794999999,False,
caddy,default,S2,min,Amazon ECR,1-core,False,100,0.002,0.09,0.1,45.0,50.0,0.003001849168783334,0.006412559092716668,-4.674939503333538e-05,0.0033458748539999996,False,
caddy,default,S2,min,Amazon ECR,1-core,False,1000,0.002,0.09,0.1,45.0,50.0,0.003001849168783334,0.006352912898616668,-4.674939503333538e-05,0.0032862286598999996,False,
caddy,default,S2,min,Amazon ECR,2-core,False,10,0.006,0.09,0.1,15.0,16.666666666666668,0.009005547506350003,0.013142389511150003,-0.00014024818510000614,0.003942336794999999,False,
caddy,default,S2,min,Amazon ECR,2-core,False,100,0.006,0.09,0.1,15.0,16.666666666666668,0.009005547506350003,0.012545927570150004,-0.00014024818510000614,0.0033458748539999996,False,
caddy,default,S2,min,Amazon ECR,2-core,False,1000,0.006,0.09,0.1,15.0,16.666666666666668,0.009005547506350003,0.012486281376050004,-0.00014024818510000614,0.0032862286598999996,False,
caddy,default,S2,min,Amazon ECR,4-core,True,10,0.012,0.09,0.1,7.5,8.333333333333334,0.018011095012700006,0.02234244222730001,-0.0002804963702000123,0.003942336794999999,False,
caddy,default,S2,min,Amazon ECR,4-core,True,100,0.012,0.09,0.1,7.5,8.333333333333334,0.018011095012700006,0.02174598028630001,-0.0002804963702000123,0.0033458748539999996,False,
caddy,default,S2,min,Amazon ECR,4-core,True,1000,0.012,0.09,0.1,7.5,8.333333333333334,0.018011095012700006,0.021686334092200006,-0.0002804963702000123,0.0032862286598999996,False,
caddy,default,S2,min,Amazon ECR,8-core,False,10,0.022,0.09,0.1,4.090909090909091,4.545454545454546,0.03302034085661667,0.037675863420883346,-0.0005142433453666891,0.003942336794999999,False,
caddy,default,S2,min,Amazon ECR,8-core,False,100,0.022,0.09,0.1,4.090909090909091,4.545454545454546,0.03302034085661667,0.037079401479883346,-0.0005142433453666891,0.0033458748539999996,False,
caddy,default,S2,min,Amazon ECR,8-core,False,1000,0.022,0.09,0.1,4.090909090909091,4.545454545454546,0.03302034085661667,0.03701975528578334,-0.0005142433453666891,0.0032862286598999996,False,
caddy,default,S2,min,Google Artifact Registry,1-core,False,10,0.002,0.11175870895385742,0.09313225746154785,55.87935447692871,46.566128730773926,0.003001849168783334,0.0077563937363323635,-4.674939503333538e-05,0.004689709497615695,False,
caddy,default,S2,min,Google Artifact Registry,1-core,False,100,0.002,0.11175870895385742,0.09313225746154785,55.87935447692871,46.566128730773926,0.003001849168783334,0.007200895265780096,-4.674939503333538e-05,0.004134211027063429,False,
caddy,default,S2,min,Google Artifact Registry,1-core,False,1000,0.002,0.11175870895385742,0.09313225746154785,55.87935447692871,46.566128730773926,0.003001849168783334,0.00714534541872487,-4.674939503333538e-05,0.004078661180008203,False,
caddy,default,S2,min,Google Artifact Registry,2-core,False,10,0.006,0.11175870895385742,0.09313225746154785,18.62645149230957,15.522042910257975,0.009005547506350003,0.0138897622137657,-0.00014024818510000614,0.004689709497615695,False,
caddy,default,S2,min,Google Artifact Registry,2-core,False,100,0.006,0.11175870895385742,0.09313225746154785,18.62645149230957,15.522042910257975,0.009005547506350003,0.013334263743213434,-0.00014024818510000614,0.004134211027063429,False,
caddy,default,S2,min,Google Artifact Registry,2-core,False,1000,0.006,0.11175870895385742,0.09313225746154785,18.62645149230957,15.522042910257975,0.009005547506350003,0.013278713896158208,-0.00014024818510000614,0.004078661180008203,False,
caddy,default,S2,min,Google Artifact Registry,4-core,True,10,0.012,0.11175870895385742,0.09313225746154785,9.313225746154785,7.761021455128987,0.018011095012700006,0.023089814929915704,-0.0002804963702000123,0.004689709497615695,False,
caddy,default,S2,min,Google Artifact Registry,4-core,True,100,0.012,0.11175870895385742,0.09313225746154785,9.313225746154785,7.761021455128987,0.018011095012700006,0.02253431645936344,-0.0002804963702000123,0.004134211027063429,False,
caddy,default,S2,min,Google Artifact Registry,4-core,True,1000,0.012,0.11175870895385742,0.09313225746154785,9.313225746154785,7.761021455128987,0.018011095012700006,0.022478766612308212,-0.0002804963702000123,0.004078661180008203,False,
caddy,default,S2,min,Google Artifact Registry,8-core,False,10,0.022,0.11175870895385742,0.09313225746154785,5.079941316084429,4.233284430070357,0.03302034085661667,0.038423236123499044,-0.0005142433453666891,0.004689709497615695,False,
caddy,default,S2,min,Google Artifact Registry,8-core,False,100,0.022,0.11175870895385742,0.09313225746154785,5.079941316084429,4.233284430070357,0.03302034085661667,0.03786773765294677,-0.0005142433453666891,0.004134211027063429,False,
caddy,default,S2,min,Google Artifact Registry,8-core,False,1000,0.022,0.11175870895385742,0.09313225746154785,5.079941316084429,4.233284430070357,0.03302034085661667,0.037812187805891545,-0.0005142433453666891,0.004078661180008203,False,
caddy,default,S2,min,Azure Container Registry,1-core,False,10,0.002,0.087,0.1,43.49999999999999,50.0,0.003001849168783334,0.006899700990216667,-4.674939503333538e-05,0.0038330167514999997,False,
caddy,default,S2,min,Azure Container Registry,1-core,False,100,0.002,0.087,0.1,43.49999999999999,50.0,0.003001849168783334,0.006303239049216668,-4.674939503333538e-05,0.0032365548104999996,False,
caddy,default,S2,min,Azure Container Registry,1-core,False,1000,0.002,0.087,0.1,43.49999999999999,50.0,0.003001849168783334,0.006243592855116668,-4.674939503333538e-05,0.0031769086163999996,False,
caddy,default,S2,min,Azure Container Registry,2-core,False,10,0.006,0.087,0.1,14.499999999999998,16.666666666666668,0.009005547506350003,0.013033069467650003,-0.00014024818510000614,0.0038330167514999997,False,
caddy,default,S2,min,Azure Container Registry,2-core,False,100,0.006,0.087,0.1,14.499999999999998,16.666666666666668,0.009005547506350003,0.012436607526650004,-0.00014024818510000614,0.0032365548104999996,False,
caddy,default,S2,min,Azure Container Registry,2-core,False,1000,0.006,0.087,0.1,14.499999999999998,16.666666666666668,0.009005547506350003,0.012376961332550004,-0.00014024818510000614,0.0031769086163999996,False,
caddy,default,S2,min,Azure Container Registry,4-core,True,10,0.012,0.087,0.1,7.249999999999999,8.333333333333334,0.018011095012700006,0.022233122183800007,-0.0002804963702000123,0.0038330167514999997,False,
caddy,default,S2,min,Azure Container Registry,4-core,True,100,0.012,0.087,0.1,7.249999999999999,8.333333333333334,0.018011095012700006,0.021636660242800008,-0.0002804963702000123,0.0032365548104999996,False,
caddy,default,S2,min,Azure Container Registry,4-core,True,1000,0.012,0.087,0.1,7.249999999999999,8.333333333333334,0.018011095012700006,0.021577014048700008,-0.0002804963702000123,0.0031769086163999996,False,
caddy,default,S2,min,Azure Container Registry,8-core,False,10,0.022,0.087,0.1,3.9545454545454546,4.545454545454546,0.03302034085661667,0.03756654337738335,-0.0005142433453666891,0.0038330167514999997,False,
caddy,default,S2,min,Azure Container Registry,8-core,False,100,0.022,0.087,0.1,3.9545454545454546,4.545454545454546,0.03302034085661667,0.03697008143638335,-0.0005142433453666891,0.0032365548104999996,False,
caddy,default,S2,min,Azure Container Registry,8-core,False,1000,0.022,0.087,0.1,3.9545454545454546,4.545454545454546,0.03302034085661667,0.036910435242283345,-0.0005142433453666891,0.0031769086163999996,False,
caddy,default,S2,max,GitHub Container Registry,1-core,False,10,0.002,0.0,0.0,0.0,0.0,0.003001849168783334,0.003942039233816664,-0.0009151315231833299,0.0,False,
caddy,default,S2,max,GitHub Container Registry,1-core,False,100,0.002,0.0,0.0,0.0,0.0,0.003001849168783334,0.003942039233816664,-0.0009151315231833299,0.0,False,
caddy,default,S2,max,GitHub Container Registry,1-core,False,1000,0.002,0.0,0.0,0.0,0.0,0.003001849168783334,0.003942039233816664,-0.0009151315231833299,0.0,False,
caddy,default,S2,max,GitHub Container Registry,2-core,False,10,0.006,0.0,0.0,0.0,0.0,0.009005547506350003,0.011826117701449994,-0.0027453945695499896,0.0,False,
caddy,default,S2,max,GitHub Container Registry,2-core,False,100,0.006,0.0,0.0,0.0,0.0,0.009005547506350003,0.011826117701449994,-0.0027453945695499896,0.0,False,
caddy,default,S2,max,GitHub Container Registry,2-core,False,1000,0.006,0.0,0.0,0.0,0.0,0.009005547506350003,0.011826117701449994,-0.0027453945695499896,0.0,False,
caddy,default,S2,max,GitHub Container Registry,4-core,True,10,0.012,0.0,0.0,0.0,0.0,0.018011095012700006,0.02365223540289999,-0.005490789139099979,0.0,False,
caddy,default,S2,max,GitHub Container Registry,4-core,True,100,0.012,0.0,0.0,0.0,0.0,0.018011095012700006,0.02365223540289999,-0.005490789139099979,0.0,False,
caddy,default,S2,max,GitHub Container Registry,4-core,True,1000,0.012,0.0,0.0,0.0,0.0,0.018011095012700006,0.02365223540289999,-0.005490789139099979,0.0,False,
caddy,default,S2,max,GitHub Container Registry,8-core,False,10,0.022,0.0,0.0,0.0,0.0,0.03302034085661667,0.04336243157198331,-0.010066446755016629,0.0,False,
caddy,default,S2,max,GitHub Container Registry,8-core,False,100,0.022,0.0,0.0,0.0,0.0,0.03302034085661667,0.04336243157198331,-0.010066446755016629,0.0,False,
caddy,default,S2,max,GitHub Container Registry,8-core,False,1000,0.022,0.0,0.0,0.0,0.0,0.03302034085661667,0.04336243157198331,-0.010066446755016629,0.0,False,
caddy,default,S2,max,Amazon ECR,1-core,False,10,0.002,0.09,0.1,45.0,50.0,0.003001849168783334,0.016537227493816666,-0.0009151315231833299,0.012595188260000001,False,
caddy,default,S2,max,Amazon ECR,1-core,False,100,0.002,0.09,0.1,45.0,50.0,0.003001849168783334,0.008153204175316665,-0.0009151315231833299,0.0042111649415,False,
caddy,default,S2,max,Amazon ECR,1-core,False,1000,0.002,0.09,0.1,45.0,50.0,0.003001849168783334,0.007314801843466664,-0.0009151315231833299,0.00337276260965,False,
caddy,default,S2,max,Amazon ECR,2-core,False,10,0.006,0.09,0.1,15.0,16.666666666666668,0.009005547506350003,0.024421305961449993,-0.0027453945695499896,0.012595188260000001,False,
caddy,default,S2,max,Amazon ECR,2-core,False,100,0.006,0.09,0.1,15.0,16.666666666666668,0.009005547506350003,0.016037282642949995,-0.0027453945695499896,0.0042111649415,False,
caddy,default,S2,max,Amazon ECR,2-core,False,1000,0.006,0.09,0.1,15.0,16.666666666666668,0.009005547506350003,0.015198880311099994,-0.0027453945695499896,0.00337276260965,False,
caddy,default,S2,max,Amazon ECR,4-core,True,10,0.012,0.09,0.1,7.5,8.333333333333334,0.018011095012700006,0.036247423662899986,-0.005490789139099979,0.012595188260000001,False,
caddy,default,S2,max,Amazon ECR,4-core,True,100,0.012,0.09,0.1,7.5,8.333333333333334,0.018011095012700006,0.027863400344399988,-0.005490789139099979,0.0042111649415,False,
caddy,default,S2,max,Amazon ECR,4-core,True,1000,0.012,0.09,0.1,7.5,8.333333333333334,0.018011095012700006,0.027024998012549987,-0.005490789139099979,0.00337276260965,False,
caddy,default,S2,max,Amazon ECR,8-core,False,10,0.022,0.09,0.1,4.090909090909091,4.545454545454546,0.03302034085661667,0.05595761983198331,-0.010066446755016629,0.012595188260000001,False,
caddy,default,S2,max,Amazon ECR,8-core,False,100,0.022,0.09,0.1,4.090909090909091,4.545454545454546,0.03302034085661667,0.04757359651348331,-0.010066446755016629,0.0042111649415,False,
caddy,default,S2,max,Amazon ECR,8-core,False,1000,0.022,0.09,0.1,4.090909090909091,4.545454545454546,0.03302034085661667,0.046735194181633306,-0.010066446755016629,0.00337276260965,False,
caddy,default,S2,max,Google Artifact Registry,1-core,False,10,0.002,0.11175870895385742,0.09313225746154785,55.87935447692871,46.566128730773926,0.003001849168783334,0.016690346339901786,-0.0009151315231833299,0.012748307106085122,False,
caddy,default,S2,max,Google Artifact Registry,1-core,False,100,0.002,0.11175870895385742,0.09313225746154785,55.87935447692871,46.566128730773926,0.003001849168783334,0.008882116157280158,-0.0009151315231833299,0.004940076923463494,False,
caddy,default,S2,max,Google Artifact Registry,1-core,False,1000,0.002,0.11175870895385742,0.09313225746154785,55.87935447692871,46.566128730773926,0.003001849168783334,0.008101293139017996,-0.0009151315231833299,0.004159253905201331,False,
caddy,default,S2,max,Google Artifact Registry,2-core,False,10,0.006,0.11175870895385742,0.09313225746154785,18.62645149230957,15.522042910257975,0.009005547506350003,0.024574424807535116,-0.0027453945695499896,0.012748307106085122,False,
caddy,default,S2,max,Google Artifact Registry,2-core,False,100,0.006,0.11175870895385742,0.09313225746154785,18.62645149230957,15.522042910257975,0.009005547506350003,0.016766194624913487,-0.0027453945695499896,0.004940076923463494,False,
caddy,default,S2,max,Google Artifact Registry,2-core,False,1000,0.006,0.11175870895385742,0.09313225746154785,18.62645149230957,15.522042910257975,0.009005547506350003,0.015985371606651325,-0.0027453945695499896,0.004159253905201331,False,
caddy,default,S2,max,Google Artifact Registry,4-core,True,10,0.012,0.11175870895385742,0.09313225746154785,9.313225746154785,7.761021455128987,0.018011095012700006,0.03640054250898511,-0.005490789139099979,0.012748307106085122,False,
caddy,default,S2,max,Google Artifact Registry,4-core,True,100,0.012,0.11175870895385742,0.09313225746154785,9.313225746154785,7.761021455128987,0.018011095012700006,0.028592312326363483,-0.005490789139099979,0.004940076923463494,False,
caddy,default,S2,max,Google Artifact Registry,4-core,True,1000,0.012,0.11175870895385742,0.09313225746154785,9.313225746154785,7.761021455128987,0.018011095012700006,0.02781148930810132,-0.005490789139099979,0.004159253905201331,False,
caddy,default,S2,max,Google Artifact Registry,8-core,False,10,0.022,0.11175870895385742,0.09313225746154785,5.079941316084429,4.233284430070357,0.03302034085661667,0.05611073867806843,-0.010066446755016629,0.012748307106085122,False,
caddy,default,S2,max,Google Artifact Registry,8-core,False,100,0.022,0.11175870895385742,0.09313225746154785,5.079941316084429,4.233284430070357,0.03302034085661667,0.0483025084954468,-0.010066446755016629,0.004940076923463494,False,
caddy,default,S2,max,Google Artifact Registry,8-core,False,1000,0.022,0.11175870895385742,0.09313225746154785,5.079941316084429,4.233284430070357,0.03302034085661667,0.04752168547718464,-0.010066446755016629,0.004159253905201331,False,
caddy,default,S2,max,Azure Container Registry,1-core,False,10,0.002,0.087,0.1,43.49999999999999,50.0,0.003001849168783334,0.016427907267316664,-0.0009151315231833299,0.0124858680335,False,
caddy,default,S2,max,Azure Container Registry,1-core,False,100,0.002,0.087,0.1,43.49999999999999,50.0,0.003001849168783334,0.008043883948816666,-0.0009151315231833299,0.0041018447150000005,False,
caddy,default,S2,max,Azure Container Registry,1-core,False,1000,0.002,0.087,0.1,43.49999999999999,50.0,0.003001849168783334,0.007205481616966665,-0.0009151315231833299,0.00326344238315,False,
caddy,default,S2,max,Azure Container Registry,2-core,False,10,0.006,0.087,0.1,14.499999999999998,16.666666666666668,0.009005547506350003,0.024311985734949994,-0.0027453945695499896,0.0124858680335,False,
caddy,default,S2,max,Azure Container Registry,2-core,False,100,0.006,0.087,0.1,14.499999999999998,16.666666666666668,0.009005547506350003,0.015927962416449996,-0.0027453945695499896,0.0041018447150000005,False,
caddy,default,S2,max,Azure Container Registry,2-core,False,1000,0.006,0.087,0.1,14.499999999999998,16.666666666666668,0.009005547506350003,0.015089560084599994,-0.0027453945695499896,0.00326344238315,False,
caddy,default,S2,max,Azure Container Registry,4-core,True,10,0.012,0.087,0.1,7.249999999999999,8.333333333333334,0.018011095012700006,0.03613810343639999,-0.005490789139099979,0.0124858680335,False,
caddy,default,S2,max,Azure Container Registry,4-core,True,100,0.012,0.087,0.1,7.249999999999999,8.333333333333334,0.018011095012700006,0.02775408011789999,-0.005490789139099979,0.0041018447150000005,False,
caddy,default,S2,max,Azure Container Registry,4-core,True,1000,0.012,0.087,0.1,7.249999999999999,8.333333333333334,0.018011095012700006,0.026915677786049988,-0.005490789139099979,0.00326344238315,False,
caddy,default,S2,max,Azure Container Registry,8-core,False,10,0.022,0.087,0.1,3.9545454545454546,4.545454545454546,0.03302034085661667,0.055848299605483306,-0.010066446755016629,0.0124858680335,False,
caddy,default,S2,max,Azure Container Registry,8-core,False,100,0.022,0.087,0.1,3.9545454545454546,4.545454545454546,0.03302034085661667,0.04746427628698331,-0.010066446755016629,0.0041018447150000005,False,
caddy,default,S2,max,Azure Container Registry,8-core,False,1000,0.022,0.087,0.1,3.9545454545454546,4.545454545454546,0.03302034085661667,0.04662587395513331,-0.010066446755016629,0.00326344238315,False,
caddy,default,S3,min,GitHub Container Registry,1-core,False,10,0.002,0.0,0.0,0.0,0.0,0.003088207370566664,0.0030927323736000033,-1.2188195750002251e-05,0.0,False,
caddy,default,S3,min,GitHub Container Registry,1-core,False,100,0.002,0.0,0.0,0.0,0.0,0.003088207370566664,0.0030927323736000033,-1.2188195750002251e-05,0.0,False,
caddy,default,S3,min,GitHub Container Registry,1-core,False,1000,0.002,0.0,0.0,0.0,0.0,0.003088207370566664,0.0030927323736000033,-1.2188195750002251e-05,0.0,False,
caddy,default,S3,min,GitHub Container Registry,2-core,False,10,0.006,0.0,0.0,0.0,0.0,0.009264622111699993,0.009278197120800009,-3.656458725000675e-05,0.0,False,
caddy,default,S3,min,GitHub Container Registry,2-core,False,100,0.006,0.0,0.0,0.0,0.0,0.009264622111699993,0.009278197120800009,-3.656458725000675e-05,0.0,False,
caddy,default,S3,min,GitHub Container Registry,2-core,False,1000,0.006,0.0,0.0,0.0,0.0,0.009264622111699993,0.009278197120800009,-3.656458725000675e-05,0.0,False,
caddy,default,S3,min,GitHub Container Registry,4-core,True,10,0.012,0.0,0.0,0.0,0.0,0.018529244223399986,0.018556394241600018,-7.31291745000135e-05,0.0,False,
caddy,default,S3,min,GitHub Container Registry,4-core,True,100,0.012,0.0,0.0,0.0,0.0,0.018529244223399986,0.018556394241600018,-7.31291745000135e-05,0.0,False,
caddy,default,S3,min,GitHub Container Registry,4-core,True,1000,0.012,0.0,0.0,0.0,0.0,0.018529244223399986,0.018556394241600018,-7.31291745000135e-05,0.0,False,
caddy,default,S3,min,GitHub Container Registry,8-core,False,10,0.022,0.0,0.0,0.0,0.0,0.0339702810762333,0.03402005610960003,-0.00013407015325002475,0.0,False,
caddy,default,S3,min,GitHub Container Registry,8-core,False,100,0.022,0.0,0.0,0.0,0.0,0.0339702810762333,0.03402005610960003,-0.00013407015325002475,0.0,False,
caddy,default,S3,min,GitHub Container Registry,8-core,False,1000,0.022,0.0,0.0,0.0,0.0,0.0339702810762333,0.03402005610960003,-0.00013407015325002475,0.0,False,
caddy,default,S3,min,Amazon ECR,1-core,False,10,0.002,0.09,0.1,45.0,50.0,0.003088207370566664,0.007035067998600003,-1.2188195750002251e-05,0.003942335625,False,
caddy,default,S3,min,Amazon ECR,1-core,False,100,0.002,0.09,0.1,45.0,50.0,0.003088207370566664,0.006438605085600003,-1.2188195750002251e-05,0.0033458727119999995,False,
caddy,default,S3,min,Amazon ECR,1-core,False,1000,0.002,0.09,0.1,45.0,50.0,0.003088207370566664,0.006378958794300003,-1.2188195750002251e-05,0.0032862264206999997,False,
caddy,default,S3,min,Amazon ECR,2-core,False,10,0.006,0.09,0.1,15.0,16.666666666666668,0.009264622111699993,0.013220532745800009,-3.656458725000675e-05,0.003942335625,False,
caddy,default,S3,min,Amazon ECR,2-core,False,100,0.006,0.09,0.1,15.0,16.666666666666668,0.009264622111699993,0.012624069832800008,-3.656458725000675e-05,0.0033458727119999995,False,
caddy,default,S3,min,Amazon ECR,2-core,False,1000,0.006,0.09,0.1,15.0,16.666666666666668,0.009264622111699993,0.01256442354150001,-3.656458725000675e-05,0.0032862264206999997,False,
caddy,default,S3,min,Amazon ECR,4-core,True,10,0.012,0.09,0.1,7.5,8.333333333333334,0.018529244223399986,0.022498729866600016,-7.31291745000135e-05,0.003942335625,False,
caddy,default,S3,min,Amazon ECR,4-core,True,100,0.012,0.09,0.1,7.5,8.333333333333334,0.018529244223399986,0.02190226695360002,-7.31291745000135e-05,0.0033458727119999995,False,
caddy,default,S3,min,Amazon ECR,4-core,True,1000,0.012,0.09,0.1,7.5,8.333333333333334,0.018529244223399986,0.021842620662300017,-7.31291745000135e-05,0.0032862264206999997,False,
caddy,default,S3,min,Amazon ECR,8-core,False,10,0.022,0.09,0.1,4.090909090909091,4.545454545454546,0.0339702810762333,0.03796239173460003,-0.00013407015325002475,0.003942335625,False,
caddy,default,S3,min,Amazon ECR,8-core,False,100,0.022,0.09,0.1,4.090909090909091,4.545454545454546,0.0339702810762333,0.03736592882160003,-0.00013407015325002475,0.0033458727119999995,False,
caddy,default,S3,min,Amazon ECR,8-core,False,1000,0.022,0.09,0.1,4.090909090909091,4.545454545454546,0.0339702810762333,0.03730628253030003,-0.00013407015325002475,0.0032862264206999997,False,
caddy,default,S3,min,Google Artifact Registry,1-core,False,10,0.002,0.11175870895385742,0.09313225746154785,55.87935447692871,46.566128730773926,0.003088207370566664,0.0077824400830763555,-1.2188195750002251e-05,0.004689707709476352,False,
caddy,default,S3,min,Google Artifact Registry,1-core,False,100,0.002,0.11175870895385742,0.09313225746154785,55.87935447692871,46.566128730773926,0.003088207370566664,0.007226940707278547,-1.2188195750002251e-05,0.0041342083336785435,False,
caddy,default,S3,min,Google Artifact Registry,1-core,False,1000,0.002,0.11175870895385742,0.09313225746154785,55.87935447692871,46.566128730773926,0.003088207370566664,0.007171390769698766,-1.2188195750002251e-05,0.004078658396098763,False,
caddy,default,S3,min,Google Artifact Registry,2-core,False,10,0.006,0.11175870895385742,0.09313225746154785,18.62645149230957,15.522042910257975,0.009264622111699993,0.013967904830276361,-3.656458725000675e-05,0.004689707709476352,False,
caddy,default,S3,min,Google Artifact Registry,2-core,False,100,0.006,0.11175870895385742,0.09313225746154785,18.62645149230957,15.522042910257975,0.009264622111699993,0.013412405454478553,-3.656458725000675e-05,0.0041342083336785435,False,
caddy,default,S3,min,Google Artifact Registry,2-core,False,1000,0.006,0.11175870895385742,0.09313225746154785,18.62645149230957,15.522042910257975,0.009264622111699993,0.013356855516898771,-3.656458725000675e-05,0.004078658396098763,False,
caddy,default,S3,min,Google Artifact Registry,4-core,True,10,0.012,0.11175870895385742,0.09313225746154785,9.313225746154785,7.761021455128987,0.018529244223399986,0.02324610195107637,-7.31291745000135e-05,0.004689707709476352,False,
caddy,default,S3,min,Google Artifact Registry,4-core,True,100,0.012,0.11175870895385742,0.09313225746154785,9.313225746154785,7.761021455128987,0.018529244223399986,0.02269060257527856,-7.31291745000135e-05,0.0041342083336785435,False,
caddy,default,S3,min,Google Artifact Registry,4-core,True,1000,0.012,0.11175870895385742,0.09313225746154785,9.313225746154785,7.761021455128987,0.018529244223399986,0.022635052637698782,-7.31291745000135e-05,0.004078658396098763,False,
caddy,default,S3,min,Google Artifact Registry,8-core,False,10,0.022,0.11175870895385742,0.09313225746154785,5.079941316084429,4.233284430070357,0.0339702810762333,0.038709763819076384,-0.00013407015325002475,0.004689707709476352,False,
caddy,default,S3,min,Google Artifact Registry,8-core,False,100,0.022,0.11175870895385742,0.09313225746154785,5.079941316084429,4.233284430070357,0.0339702810762333,0.038154264443278574,-0.00013407015325002475,0.0041342083336785435,False,
caddy,default,S3,min,Google Artifact Registry,8-core,False,1000,0.022,0.11175870895385742,0.09313225746154785,5.079941316084429,4.233284430070357,0.0339702810762333,0.038098714505698794,-0.00013407015325002475,0.004078658396098763,False,
caddy,default,S3,min,Azure Container Registry,1-core,False,10,0.002,0.087,0.1,43.49999999999999,50.0,0.003088207370566664,0.006925748030100003,-1.2188195750002251e-05,0.0038330156564999997,False,
caddy,default,S3,min,Azure Container Registry,1-core,False,100,0.002,0.087,0.1,43.49999999999999,50.0,0.003088207370566664,0.006329285117100003,-1.2188195750002251e-05,0.0032365527434999996,False,
caddy,default,S3,min,Azure Container Registry,1-core,False,1000,0.002,0.087,0.1,43.49999999999999,50.0,0.003088207370566664,0.006269638825800003,-1.2188195750002251e-05,0.0031769064522,False,
caddy,default,S3,min,Azure Container Registry,2-core,False,10,0.006,0.087,0.1,14.499999999999998,16.666666666666668,0.009264622111699993,0.01311121277730001,-3.656458725000675e-05,0.0038330156564999997,False,
caddy,default,S3,min,Azure Container Registry,2-core,False,100,0.006,0.087,0.1,14.499999999999998,16.666666666666668,0.009264622111699993,0.012514749864300009,-3.656458725000675e-05,0.0032365527434999996,False,
caddy,default,S3,min,Azure Container Registry,2-core,False,1000,0.006,0.087,0.1,14.499999999999998,16.666666666666668,0.009264622111699993,0.012455103573000009,-3.656458725000675e-05,0.0031769064522,False,
caddy,default,S3,min,Azure Container Registry,4-core,True,10,0.012,0.087,0.1,7.249999999999999,8.333333333333334,0.018529244223399986,0.022389409898100017,-7.31291745000135e-05,0.0038330156564999997,False,
caddy,default,S3,min,Azure Container Registry,4-core,True,100,0.012,0.087,0.1,7.249999999999999,8.333333333333334,0.018529244223399986,0.021792946985100016,-7.31291745000135e-05,0.0032365527434999996,False,
caddy,default,S3,min,Azure Container Registry,4-core,True,1000,0.012,0.087,0.1,7.249999999999999,8.333333333333334,0.018529244223399986,0.021733300693800018,-7.31291745000135e-05,0.0031769064522,False,
caddy,default,S3,min,Azure Container Registry,8-core,False,10,0.022,0.087,0.1,3.9545454545454546,4.545454545454546,0.0339702810762333,0.03785307176610003,-0.00013407015325002475,0.0038330156564999997,False,
caddy,default,S3,min,Azure Container Registry,8-core,False,100,0.022,0.087,0.1,3.9545454545454546,4.545454545454546,0.0339702810762333,0.03725660885310003,-0.00013407015325002475,0.0032365527434999996,False,
caddy,default,S3,min,Azure Container Registry,8-core,False,1000,0.022,0.087,0.1,3.9545454545454546,4.545454545454546,0.0339702810762333,0.03719696256180003,-0.00013407015325002475,0.0031769064522,False,
caddy,default,S3,max,GitHub Container Registry,1-core,False,10,0.002,0.0,0.0,0.0,0.0,0.003088207370566664,0.003914058951633333,-0.0008225900102333316,0.0,False,
caddy,default,S3,max,GitHub Container Registry,1-core,False,100,0.002,0.0,0.0,0.0,0.0,0.003088207370566664,0.003914058951633333,-0.0008225900102333316,0.0,False,
caddy,default,S3,max,GitHub Container Registry,1-core,False,1000,0.002,0.0,0.0,0.0,0.0,0.003088207370566664,0.003914058951633333,-0.0008225900102333316,0.0,False,
caddy,default,S3,max,GitHub Container Registry,2-core,False,10,0.006,0.0,0.0,0.0,0.0,0.009264622111699993,0.011742176854899998,-0.0024677700306999953,0.0,False,
caddy,default,S3,max,GitHub Container Registry,2-core,False,100,0.006,0.0,0.0,0.0,0.0,0.009264622111699993,0.011742176854899998,-0.0024677700306999953,0.0,False,
caddy,default,S3,max,GitHub Container Registry,2-core,False,1000,0.006,0.0,0.0,0.0,0.0,0.009264622111699993,0.011742176854899998,-0.0024677700306999953,0.0,False,
caddy,default,S3,max,GitHub Container Registry,4-core,True,10,0.012,0.0,0.0,0.0,0.0,0.018529244223399986,0.023484353709799996,-0.0049355400613999905,0.0,False,
caddy,default,S3,max,GitHub Container Registry,4-core,True,100,0.012,0.0,0.0,0.0,0.0,0.018529244223399986,0.023484353709799996,-0.0049355400613999905,0.0,False,
caddy,default,S3,max,GitHub Container Registry,4-core,True,1000,0.012,0.0,0.0,0.0,0.0,0.018529244223399986,0.023484353709799996,-0.0049355400613999905,0.0,False,
caddy,default,S3,max,GitHub Container Registry,8-core,False,10,0.022,0.0,0.0,0.0,0.0,0.0339702810762333,0.04305464846796666,-0.009048490112566648,0.0,False,
caddy,default,S3,max,GitHub Container Registry,8-core,False,100,0.022,0.0,0.0,0.0,0.0,0.0339702810762333,0.04305464846796666,-0.009048490112566648,0.0,False,
caddy,default,S3,max,GitHub Container Registry,8-core,False,1000,0.022,0.0,0.0,0.0,0.0,0.0339702810762333,0.04305464846796666,-0.009048490112566648,0.0,False,
caddy,default,S3,max,Amazon ECR,1-core,False,10,0.002,0.09,0.1,45.0,50.0,0.003088207370566664,0.01650925078663333,-0.0008225900102333316,0.012595191835,False,
caddy,default,S3,max,Amazon ECR,1-core,False,100,0.002,0.09,0.1,45.0,50.0,0.003088207370566664,0.008125216272133333,-0.0008225900102333316,0.0042111573205,False,
caddy,default,S3,max,Amazon ECR,1-core,False,1000,0.002,0.09,0.1,45.0,50.0,0.003088207370566664,0.007286812820683332,-0.0008225900102333316,0.0033727538690499995,False,
caddy,default,S3,max,Amazon ECR,2-core,False,10,0.006,0.09,0.1,15.0,16.666666666666668,0.009264622111699993,0.024337368689899996,-0.0024677700306999953,0.012595191835,False,
caddy,default,S3,max,Amazon ECR,2-core,False,100,0.006,0.09,0.1,15.0,16.666666666666668,0.009264622111699993,0.0159533341754,-0.0024677700306999953,0.0042111573205,False,
caddy,default,S3,max,Amazon ECR,2-core,False,1000,0.006,0.09,0.1,15.0,16.666666666666668,0.009264622111699993,0.015114930723949998,-0.0024677700306999953,0.0033727538690499995,False,
caddy,default,S3,max,Amazon ECR,4-core,True,10,0.012,0.09,0.1,7.5,8.333333333333334,0.018529244223399986,0.036079545544799994,-0.0049355400613999905,0.012595191835,False,
caddy,default,S3,max,Amazon ECR,4-core,True,100,0.012,0.09,0.1,7.5,8.333333333333334,0.018529244223399986,0.027695511030299998,-0.0049355400613999905,0.0042111573205,False,
caddy,default,S3,max,Amazon ECR,4-core,True,1000,0.012,0.09,0.1,7.5,8.333333333333334,0.018529244223399986,0.026857107578849994,-0.0049355400613999905,0.0033727538690499995,False,
caddy,default,S3,max,Amazon ECR,8-core,False,10,0.022,0.09,0.1,4.090909090909091,4.545454545454546,0.0339702810762333,0.05564984030296666,-0.009048490112566648,0.012595191835,False,
caddy,default,S3,max,Amazon ECR,8-core,False,100,0.022,0.09,0.1,4.090909090909091,4.545454545454546,0.0339702810762333,0.04726580578846666,-0.009048490112566648,0.0042111573205,False,
caddy,default,S3,max,Amazon ECR,8-core,False,1000,0.022,0.09,0.1,4.090909090909091,4.545454545454546,0.0339702810762333,0.04642740233701666,-0.009048490112566648,0.0033727538690499995,False,
caddy,default,S3,max,Google Artifact Registry,1-core,False,10,0.002,0.11175870895385742,0.09313225746154785,55.87935447692871,46.566128730773926,0.003088207370566664,0.01666236663513845,-0.0008225900102333316,0.012748307683505117,False,
caddy,default,S3,max,Google Artifact Registry,1-core,False,100,0.002,0.11175870895385742,0.09313225746154785,55.87935447692871,46.566128730773926,0.003088207370566664,0.008854126025429277,-0.0008225900102333316,0.004940067073795944,False,
caddy,default,S3,max,Google Artifact Registry,1-core,False,1000,0.002,0.11175870895385742,0.09313225746154785,55.87935447692871,46.566128730773926,0.003088207370566664,0.00807330196445836,-0.0008225900102333316,0.0041592430128250275,False,
caddy,default,S3,max,Google Artifact Registry,2-core,False,10,0.006,0.11175870895385742,0.09313225746154785,18.62645149230957,15.522042910257975,0.009264622111699993,0.024490484538405115,-0.0024677700306999953,0.012748307683505117,False,
caddy,default,S3,max,Google Artifact Registry,2-core,False,100,0.006,0.11175870895385742,0.09313225746154785,18.62645149230957,15.522042910257975,0.009264622111699993,0.016682243928695942,-0.0024677700306999953,0.004940067073795944,False,
caddy,default,S3,max,Google Artifact Registry,2-core,False,1000,0.006,0.11175870895385742,0.09313225746154785,18.62645149230957,15.522042910257975,0.009264622111699993,0.015901419867725024,-0.0024677700306999953,0.0041592430128250275,False,
caddy,default,S3,max,Google Artifact Registry,4-core,True,10,0.012,0.11175870895385742,0.09313225746154785,9.313225746154785,7.761021455128987,0.018529244223399986,0.03623266139330511,-0.0049355400613999905,0.012748307683505117,False,
caddy,default,S3,max,Google Artifact Registry,4-core,True,100,0.012,0.11175870895385742,0.09313225746154785,9.313225746154785,7.761021455128987,0.018529244223399986,0.02842442078359594,-0.0049355400613999905,0.004940067073795944,False,
caddy,default,S3,max,Google Artifact Registry,4-core,True,1000,0.012,0.11175870895385742,0.09313225746154785,9.313225746154785,7.761021455128987,0.018529244223399986,0.027643596722625022,-0.0049355400613999905,0.0041592430128250275,False,
caddy,default,S3,max,Google Artifact Registry,8-core,False,10,0.022,0.11175870895385742,0.09313225746154785,5.079941316084429,4.233284430070357,0.0339702810762333,0.05580295615147178,-0.009048490112566648,0.012748307683505117,False,
caddy,default,S3,max,Google Artifact Registry,8-core,False,100,0.022,0.11175870895385742,0.09313225746154785,5.079941316084429,4.233284430070357,0.0339702810762333,0.0479947155417626,-0.009048490112566648,0.004940067073795944,False,
caddy,default,S3,max,Google Artifact Registry,8-core,False,1000,0.022,0.11175870895385742,0.09313225746154785,5.079941316084429,4.233284430070357,0.0339702810762333,0.047213891480791685,-0.009048490112566648,0.0041592430128250275,False,
caddy,default,S3,max,Azure Container Registry,1-core,False,10,0.002,0.087,0.1,43.49999999999999,50.0,0.003088207370566664,0.016399930855633335,-0.0008225900102333316,0.012485871904,False,
caddy,default,S3,max,Azure Container Registry,1-core,False,100,0.002,0.087,0.1,43.49999999999999,50.0,0.003088207370566664,0.008015896341133331,-0.0008225900102333316,0.0041018373895,False,
caddy,default,S3,max,Azure Container Registry,1-core,False,1000,0.002,0.087,0.1,43.49999999999999,50.0,0.003088207370566664,0.007177492889683332,-0.0008225900102333316,0.0032634339380499993,False,
caddy,default,S3,max,Azure Container Registry,2-core,False,10,0.006,0.087,0.1,14.499999999999998,16.666666666666668,0.009264622111699993,0.0242280487589,-0.0024677700306999953,0.012485871904,False,
caddy,default,S3,max,Azure Container Registry,2-core,False,100,0.006,0.087,0.1,14.499999999999998,16.666666666666668,0.009264622111699993,0.015844014244399997,-0.0024677700306999953,0.0041018373895,False,
caddy,default,S3,max,Azure Container Registry,2-core,False,1000,0.006,0.087,0.1,14.499999999999998,16.666666666666668,0.009264622111699993,0.015005610792949996,-0.0024677700306999953,0.0032634339380499993,False,
caddy,default,S3,max,Azure Container Registry,4-core,True,10,0.012,0.087,0.1,7.249999999999999,8.333333333333334,0.018529244223399986,0.0359702256138,-0.0049355400613999905,0.012485871904,False,
caddy,default,S3,max,Azure Container Registry,4-core,True,100,0.012,0.087,0.1,7.249999999999999,8.333333333333334,0.018529244223399986,0.027586191099299995,-0.0049355400613999905,0.0041018373895,False,
caddy,default,S3,max,Azure Container Registry,4-core,True,1000,0.012,0.087,0.1,7.249999999999999,8.333333333333334,0.018529244223399986,0.026747787647849994,-0.0049355400613999905,0.0032634339380499993,False,
caddy,default,S3,max,Azure Container Registry,8-core,False,10,0.022,0.087,0.1,3.9545454545454546,4.545454545454546,0.0339702810762333,0.05554052037196666,-0.009048490112566648,0.012485871904,False,
caddy,default,S3,max,Azure Container Registry,8-core,False,100,0.022,0.087,0.1,3.9545454545454546,4.545454545454546,0.0339702810762333,0.04715648585746666,-0.009048490112566648,0.0041018373895,False,
caddy,default,S3,max,Azure Container Registry,8-core,False,1000,0.022,0.087,0.1,3.9545454545454546,4.545454545454546,0.0339702810762333,0.04631808240601666,-0.009048490112566648,0.0032634339380499993,False,
netbox,default,S0,min,GitHub Container Registry,1-core,False,10,0.002,0.0,0.0,0.0,0.0,0.0042113112336666664,0.0007446315005833328,0.0034530046190333298,0.0,True,12.134898773126931
netbox,default,S0,min,GitHub Container Registry,1-core,False,100,0.002,0.0,0.0,0.0,0.0,0.0042113112336666664,0.0007446315005833328,0.0034530046190333298,0.0,True,12.134898773126931
netbox,default,S0,min,GitHub Container Registry,1-core,False,1000,0.002,0.0,0.0,0.0,0.0,0.0042113112336666664,0.0007446315005833328,0.0034530046190333298,0.0,True,12.134898773126931
netbox,default,S0,min,GitHub Container Registry,2-core,False,10,0.006,0.0,0.0,0.0,0.0,0.012633933701000001,0.002233894501749998,0.01035901385709999,0.0,True,12.134898773126931
netbox,default,S0,min,GitHub Container Registry,2-core,False,100,0.006,0.0,0.0,0.0,0.0,0.012633933701000001,0.002233894501749998,0.01035901385709999,0.0,True,12.134898773126931
netbox,default,S0,min,GitHub Container Registry,2-core,False,1000,0.006,0.0,0.0,0.0,0.0,0.012633933701000001,0.002233894501749998,0.01035901385709999,0.0,True,12.134898773126931
netbox,default,S0,min,GitHub Container Registry,4-core,True,10,0.012,0.0,0.0,0.0,0.0,0.025267867402000002,0.004467789003499996,0.02071802771419998,0.0,True,12.134898773126931
netbox,default,S0,min,GitHub Container Registry,4-core,True,100,0.012,0.0,0.0,0.0,0.0,0.025267867402000002,0.004467789003499996,0.02071802771419998,0.0,True,12.134898773126931
netbox,default,S0,min,GitHub Container Registry,4-core,True,1000,0.012,0.0,0.0,0.0,0.0,0.025267867402000002,0.004467789003499996,0.02071802771419998,0.0,True,12.134898773126931
netbox,default,S0,min,GitHub Container Registry,8-core,False,10,0.022,0.0,0.0,0.0,0.0,0.04632442357033333,0.00819094650641666,0.03798305080936663,0.0,True,12.134898773126931
netbox,default,S0,min,GitHub Container Registry,8-core,False,100,0.022,0.0,0.0,0.0,0.0,0.04632442357033333,0.00819094650641666,0.03798305080936663,0.0,True,12.134898773126931
netbox,default,S0,min,GitHub Container Registry,8-core,False,1000,0.022,0.0,0.0,0.0,0.0,0.04632442357033333,0.00819094650641666,0.03798305080936663,0.0,True,12.134898773126931
netbox,default,S0,min,Amazon ECR,1-core,False,10,0.002,0.09,0.1,45.0,50.0,0.0042113112336666664,0.015434442610583333,0.0034530046190333298,0.014689811110000001,False,5.510475847764858
netbox,default,S0,min,Amazon ECR,1-core,False,100,0.002,0.09,0.1,45.0,50.0,0.0042113112336666664,0.013737951601583333,0.0034530046190333298,0.012993320101000001,False,11.472456480590724
netbox,default,S0,min,Amazon ECR,1-core,False,1000,0.002,0.09,0.1,45.0,50.0,0.0042113112336666664,0.013568302500683332,0.0034530046190333298,0.0128236710001,False,12.06865454387331
netbox,default,S0,min,Amazon ECR,2-core,False,10,0.006,0.09,0.1,15.0,16.666666666666668,0.012633933701000001,0.01692370561175,0.01035901385709999,0.014689811110000001,False,9.92675779800624
netbox,default,S0,min,Amazon ECR,2-core,False,100,0.006,0.09,0.1,15.0,16.666666666666668,0.012633933701000001,0.015227214602749999,0.01035901385709999,0.012993320101000001,False,11.91408467561486
netbox,default,S0,min,Amazon ECR,2-core,False,1000,0.006,0.09,0.1,15.0,16.666666666666668,0.012633933701000001,0.015057565501849998,0.01035901385709999,0.0128236710001,False,12.112817363375722
netbox,default,S0,min,Amazon ECR,4-core,True,10,0.012,0.09,0.1,7.5,8.333333333333334,0.025267867402000002,0.019157600113499998,0.02071802771419998,0.014689811110000001,True,11.030828285566585
netbox,default,S0,min,Amazon ECR,4-core,True,100,0.012,0.09,0.1,7.5,8.333333333333334,0.025267867402000002,0.017461109104499998,0.02071802771419998,0.012993320101000001,True,12.024491724370895
netbox,default,S0,min,Amazon ECR,4-core,True,1000,0.012,0.09,0.1,7.5,8.333333333333334,0.025267867402000002,0.017291460003599997,0.02071802771419998,0.0128236710001,True,12.123858068251327
netbox,default,S0,min,Amazon ECR,8-core,False,10,0.022,0.09,0.1,4.090909090909091,4.545454545454546,0.04632442357033333,0.022880757616416662,0.03798305080936663,0.014689811110000001,True,11.532678507184924
netbox,default,S0,min,Amazon ECR,8-core,False,100,0.022,0.09,0.1,4.090909090909091,4.545454545454546,0.04632442357033333,0.02118426660741666,0.03798305080936663,0.012993320101000001,True,12.074676746532731
netbox,default,S0,min,Amazon ECR,8-core,False,1000,0.022,0.09,0.1,4.090909090909091,4.545454545454546,0.04632442357033333,0.02101461750651666,0.03798305080936663,0.0128236710001,True,12.12887657046751
netbox,default,S0,min,Google Artifact Registry,1-core,False,10,0.002,0.11175870895385742,0.09313225746154785,55.87935447692871,46.566128730773926,0.0042113112336666664,0.01840072385561113,0.0034530046190333298,0.017656092355027797,False,5.9654241589369255
netbox,default,S0,min,Google Artifact Registry,1-core,False,100,0.002,0.11175870895385742,0.09313225746154785,55.87935447692871,46.566128730773926,0.0042113112336666664,0.016820743481297237,0.0034530046190333298,0.016076111980713903,False,11.51795131170793
netbox,default,S0,min,Google Artifact Registry,1-core,False,1000,0.002,0.11175870895385742,0.09313225746154785,55.87935447692871,46.566128730773926,0.0042113112336666664,0.01666274544386585,0.0034530046190333298,0.015918113943282516,False,12.07320402698503
netbox,default,S0,min,Google Artifact Registry,2-core,False,10,0.006,0.11175870895385742,0.09313225746154785,18.62645149230957,15.522042910257975,0.012633933701000001,0.019889986856777796,0.01035901385709999,0.017656092355027797,False,10.078407235063596
netbox,default,S0,min,Google Artifact Registry,2-core,False,100,0.006,0.11175870895385742,0.09313225746154785,18.62645149230957,15.522042910257975,0.012633933701000001,0.018310006482463902,0.01035901385709999,0.016076111980713903,False,11.929249619320597
netbox,default,S0,min,Google Artifact Registry,2-core,False,1000,0.006,0.11175870895385742,0.09313225746154785,18.62645149230957,15.522042910257975,0.012633933701000001,0.018152008445032515,0.01035901385709999,0.015918113943282516,False,12.114333857746297
netbox,default,S0,min,Google Artifact Registry,4-core,True,10,0.012,0.11175870895385742,0.09313225746154785,9.313225746154785,7.761021455128987,0.025267867402000002,0.022123881358527792,0.02071802771419998,0.017656092355027797,True,11.106653004095262
netbox,default,S0,min,Google Artifact Registry,4-core,True,100,0.012,0.11175870895385742,0.09313225746154785,9.313225746154785,7.761021455128987,0.025267867402000002,0.020543900984213898,0.02071802771419998,0.016076111980713903,True,12.032074196223764
netbox,default,S0,min,Google Artifact Registry,4-core,True,1000,0.012,0.11175870895385742,0.09313225746154785,9.313225746154785,7.761021455128987,0.025267867402000002,0.02038590294678251,0.02071802771419998,0.015918113943282516,True,12.124616315436613
netbox,default,S0,min,Google Artifact Registry,8-core,False,10,0.022,0.11175870895385742,0.09313225746154785,5.079941316084429,4.233284430070357,0.04632442357033333,0.025847038861444457,0.03798305080936663,0.017656092355027797,True,11.574037444564203
netbox,default,S0,min,Google Artifact Registry,8-core,False,100,0.022,0.11175870895385742,0.09313225746154785,5.079941316084429,4.233284430070357,0.04632442357033333,0.024267058487130563,0.03798305080936663,0.016076111980713903,True,12.078812640270657
netbox,default,S0,min,Google Artifact Registry,8-core,False,1000,0.022,0.11175870895385742,0.09313225746154785,5.079941316084429,4.233284430070357,0.04632442357033333,0.024109060449699175,0.03798305080936663,0.015918113943282516,True,12.129290159841302
netbox,default,S0,min,Azure Container Registry,1-core,False,10,0.002,0.087,0.1,43.49999999999999,50.0,0.0042113112336666664,0.015007615240583333,0.0034530046190333298,0.01426298374,False,5.510475847764858
netbox,default,S0,min,Azure Container Registry,1-core,False,100,0.002,0.087,0.1,43.49999999999999,50.0,0.0042113112336666664,0.013311124231583333,0.0034530046190333298,0.012566492731,False,11.472456480590724
netbox,default,S0,min,Azure Container Registry,1-core,False,1000,0.002,0.087,0.1,43.49999999999999,50.0,0.0042113112336666664,0.013141475130683332,0.0034530046190333298,0.0123968436301,False,12.06865454387331
netbox,default,S0,min,Azure Container Registry,2-core,False,10,0.006,0.087,0.1,14.499999999999998,16.666666666666668,0.012633933701000001,0.016496878241749998,0.01035901385709999,0.01426298374,False,9.92675779800624
netbox,default,S0,min,Azure Container Registry,2-core,False,100,0.006,0.087,0.1,14.499999999999998,16.666666666666668,0.012633933701000001,0.014800387232749998,0.01035901385709999,0.012566492731,False,11.91408467561486
netbox,default,S0,min,Azure Container Registry,2-core,False,1000,0.006,0.087,0.1,14.499999999999998,16.666666666666668,0.012633933701000001,0.014630738131849997,0.01035901385709999,0.0123968436301,False,12.112817363375722
netbox,default,S0,min,Azure Container Registry,4-core,True,10,0.012,0.087,0.1,7.249999999999999,8.333333333333334,0.025267867402000002,0.018730772743499997,0.02071802771419998,0.01426298374,True,11.030828285566585
netbox,default,S0,min,Azure Container Registry,4-core,True,100,0.012,0.087,0.1,7.249999999999999,8.333333333333334,0.025267867402000002,0.017034281734499997,0.02071802771419998,0.012566492731,True,12.024491724370895
netbox,default,S0,min,Azure Container Registry,4-core,True,1000,0.012,0.087,0.1,7.249999999999999,8.333333333333334,0.025267867402000002,0.016864632633599996,0.02071802771419998,0.0123968436301,True,12.123858068251327
netbox,default,S0,min,Azure Container Registry,8-core,False,10,0.022,0.087,0.1,3.9545454545454546,4.545454545454546,0.04632442357033333,0.022453930246416662,0.03798305080936663,0.01426298374,True,11.532678507184924
netbox,default,S0,min,Azure Container Registry,8-core,False,100,0.022,0.087,0.1,3.9545454545454546,4.545454545454546,0.04632442357033333,0.02075743923741666,0.03798305080936663,0.012566492731,True,12.074676746532731
netbox,default,S0,min,Azure Container Registry,8-core,False,1000,0.022,0.087,0.1,3.9545454545454546,4.545454545454546,0.04632442357033333,0.02058779013651666,0.03798305080936663,0.0123968436301,True,12.12887657046751
netbox,default,S0,max,GitHub Container Registry,1-core,False,10,0.002,0.0,0.0,0.0,0.0,0.0042113112336666664,0.0007454814726666674,0.0034594004343000014,0.0,True,12.15734244105152
netbox,default,S0,max,GitHub Container Registry,1-core,False,100,0.002,0.0,0.0,0.0,0.0,0.0042113112336666664,0.0007454814726666674,0.0034594004343000014,0.0,True,12.15734244105152
netbox,default,S0,max,GitHub Container Registry,1-core,False,1000,0.002,0.0,0.0,0.0,0.0,0.0042113112336666664,0.0007454814726666674,0.0034594004343000014,0.0,True,12.15734244105152
netbox,default,S0,max,GitHub Container Registry,2-core,False,10,0.006,0.0,0.0,0.0,0.0,0.012633933701000001,0.0022364444180000024,0.010378201302900004,0.0,True,12.15734244105152
netbox,default,S0,max,GitHub Container Registry,2-core,False,100,0.006,0.0,0.0,0.0,0.0,0.012633933701000001,0.0022364444180000024,0.010378201302900004,0.0,True,12.15734244105152
netbox,default,S0,max,GitHub Container Registry,2-core,False,1000,0.006,0.0,0.0,0.0,0.0,0.012633933701000001,0.0022364444180000024,0.010378201302900004,0.0,True,12.15734244105152
netbox,default,S0,max,GitHub Container Registry,4-core,True,10,0.012,0.0,0.0,0.0,0.0,0.025267867402000002,0.004472888836000005,0.020756402605800008,0.0,True,12.15734244105152
netbox,default,S0,max,GitHub Container Registry,4-core,True,100,0.012,0.0,0.0,0.0,0.0,0.025267867402000002,0.004472888836000005,0.020756402605800008,0.0,True,12.15734244105152
netbox,default,S0,max,GitHub Container Registry,4-core,True,1000,0.012,0.0,0.0,0.0,0.0,0.025267867402000002,0.004472888836000005,0.020756402605800008,0.0,True,12.15734244105152
netbox,default,S0,max,GitHub Container Registry,8-core,False,10,0.022,0.0,0.0,0.0,0.0,0.04632442357033333,0.00820029619933334,0.038053404777300015,0.0,True,12.15734244105152
netbox,default,S0,max,GitHub Container Registry,8-core,False,100,0.022,0.0,0.0,0.0,0.0,0.04632442357033333,0.00820029619933334,0.038053404777300015,0.0,True,12.15734244105152
netbox,default,S0,max,GitHub Container Registry,8-core,False,1000,0.022,0.0,0.0,0.0,0.0,0.04632442357033333,0.00820029619933334,0.038053404777300015,0.0,True,12.15734244105152
netbox,default,S0,max,Amazon ECR,1-core,False,10,0.002,0.09,0.1,45.0,50.0,0.0042113112336666664,0.017997939272666668,0.0034594004343000014,0.0172524578,False,-3.4728278464860045
netbox,default,S0,max,Amazon ECR,1-core,False,100,0.002,0.09,0.1,45.0,50.0,0.0042113112336666664,0.013995097670666668,0.0034594004343000014,0.013249616198,False,10.594325412297767
netbox,default,S0,max,Amazon ECR,1-core,False,1000,0.002,0.09,0.1,45.0,50.0,0.0042113112336666664,0.013594813510466666,0.0034594004343000014,0.012849332037799999,False,12.001040738176146
netbox,default,S0,max,Amazon ECR,2-core,False,10,0.006,0.09,0.1,15.0,16.666666666666668,0.012633933701000001,0.019488902218000002,0.010378201302900004,0.0172524578,False,6.947285678539012
netbox,default,S0,max,Amazon ECR,2-core,False,100,0.006,0.09,0.1,15.0,16.666666666666668,0.012633933701000001,0.015486060616000004,0.010378201302900004,0.013249616198,False,11.63633676480027
netbox,default,S0,max,Amazon ECR,2-core,False,1000,0.006,0.09,0.1,15.0,16.666666666666668,0.012633933701000001,0.0150857764558,0.010378201302900004,0.012849332037799999,False,12.105241873426396
netbox,default,S0,max,Amazon ECR,4-core,True,10,0.012,0.09,0.1,7.5,8.333333333333334,0.025267867402000002,0.021725346636000002,0.020756402605800008,0.0172524578,True,9.552314059795266
netbox,default,S0,max,Amazon ECR,4-core,True,100,0.012,0.09,0.1,7.5,8.333333333333334,0.025267867402000002,0.017722505034000004,0.020756402605800008,0.013249616198,True,11.896839602925896
netbox,default,S0,max,Amazon ECR,4-core,True,1000,0.012,0.09,0.1,7.5,8.333333333333334,0.025267867402000002,0.017322220873800004,0.020756402605800008,0.012849332037799999,True,12.131292157238958
netbox,default,S0,max,Amazon ECR,8-core,False,10,0.022,0.09,0.1,4.090909090909091,4.545454545454546,0.04632442357033333,0.02545275399933334,0.038053404777300015,0.0172524578,True,10.736417869457199
netbox,default,S0,max,Amazon ECR,8-core,False,100,0.022,0.09,0.1,4.090909090909091,4.545454545454546,0.04632442357033333,0.02144991239733334,0.038053404777300015,0.013249616198,True,12.015249983892089
netbox,default,S0,max,Amazon ECR,8-core,False,1000,0.022,0.09,0.1,4.090909090909091,4.545454545454546,0.04632442357033333,0.02104962823713334,0.038053404777300015,0.012849332037799999,True,12.143133195335578
netbox,default,S0,max,Google Artifact Registry,1-core,False,10,0.002,0.11175870895385742,0.09313225746154785,55.87935447692871,46.566128730773926,0.0042113112336666664,0.020788235381449867,0.0034594004343000014,0.020042753908783198,False,-2.3993879928162807
netbox,default,S0,max,Google Artifact Registry,1-core,False,100,0.002,0.11175870895385742,0.09313225746154785,55.87935447692871,46.566128730773926,0.0042113112336666664,0.01706029863489728,0.0034594004343000014,0.01631481716223061,False,10.701669397664741
netbox,default,S0,max,Google Artifact Registry,1-core,False,1000,0.002,0.11175870895385742,0.09313225746154785,55.87935447692871,46.566128730773926,0.0042113112336666664,0.01668750496024202,0.0034594004343000014,0.01594202348757535,False,12.011775136712842
netbox,default,S0,max,Google Artifact Registry,2-core,False,10,0.006,0.11175870895385742,0.09313225746154785,18.62645149230957,15.522042910257975,0.012633933701000001,0.0222791983267832,0.010378201302900004,0.020042753908783198,False,7.305098963095587
netbox,default,S0,max,Google Artifact Registry,2-core,False,100,0.006,0.11175870895385742,0.09313225746154785,18.62645149230957,15.522042910257975,0.012633933701000001,0.018551261580230613,0.010378201302900004,0.01631481716223061,False,11.672118093255927
netbox,default,S0,max,Google Artifact Registry,2-core,False,1000,0.006,0.11175870895385742,0.09313225746154785,18.62645149230957,15.522042910257975,0.012633933701000001,0.018178467905575355,0.010378201302900004,0.01594202348757535,False,12.10882000627196
netbox,default,S0,max,Google Artifact Registry,4-core,True,10,0.012,0.11175870895385742,0.09313225746154785,9.313225746154785,7.761021455128987,0.025267867402000002,0.024515642744783205,0.020756402605800008,0.020042753908783198,True,9.731220702073553
netbox,default,S0,max,Google Artifact Registry,4-core,True,100,0.012,0.11175870895385742,0.09313225746154785,9.313225746154785,7.761021455128987,0.025267867402000002,0.020787705998230613,0.020756402605800008,0.01631481716223061,True,11.914730267153724
netbox,default,S0,max,Google Artifact Registry,4-core,True,1000,0.012,0.11175870895385742,0.09313225746154785,9.313225746154785,7.761021455128987,0.025267867402000002,0.020414912323575354,0.020756402605800008,0.01594202348757535,True,12.13308122366174
netbox,default,S0,max,Google Artifact Registry,8-core,False,10,0.022,0.11175870895385742,0.09313225746154785,5.079941316084429,4.233284430070357,0.04632442357033333,0.02824305010811654,0.038053404777300015,0.020042753908783198,True,10.834003310699902
netbox,default,S0,max,Google Artifact Registry,8-core,False,100,0.022,0.11175870895385742,0.09313225746154785,5.079941316084429,4.233284430070357,0.04632442357033333,0.02451511336156395,0.038053404777300015,0.01631481716223061,True,12.02500852801636
netbox,default,S0,max,Google Artifact Registry,8-core,False,1000,0.022,0.11175870895385742,0.09313225746154785,5.079941316084429,4.233284430070357,0.04632442357033333,0.024142319686908692,0.038053404777300015,0.01594202348757535,True,12.144109049748003
netbox,default,S0,max,Azure Container Registry,1-core,False,10,0.002,0.087,0.1,43.49999999999999,50.0,0.0042113112336666664,0.017571110738666667,0.0034594004343000014,0.016825629265999998,False,-3.4728278464860045
netbox,default,S0,max,Azure Container Registry,1-core,False,100,0.002,0.087,0.1,43.49999999999999,50.0,0.0042113112336666664,0.013568269136666667,0.0034594004343000014,0.012822787664,False,10.594325412297767
netbox,default,S0,max,Azure Container Registry,1-core,False,1000,0.002,0.087,0.1,43.49999999999999,50.0,0.0042113112336666664,0.013167984976466665,0.0034594004343000014,0.012422503503799998,False,12.001040738176146
netbox,default,S0,max,Azure Container Registry,2-core,False,10,0.006,0.087,0.1,14.499999999999998,16.666666666666668,0.012633933701000001,0.019062073684,0.010378201302900004,0.016825629265999998,False,6.947285678539012
netbox,default,S0,max,Azure Container Registry,2-core,False,100,0.006,0.087,0.1,14.499999999999998,16.666666666666668,0.012633933701000001,0.015059232082000003,0.010378201302900004,0.012822787664,False,11.63633676480027
netbox,default,S0,max,Azure Container Registry,2-core,False,1000,0.006,0.087,0.1,14.499999999999998,16.666666666666668,0.012633933701000001,0.0146589479218,0.010378201302900004,0.012422503503799998,False,12.105241873426396
netbox,default,S0,max,Azure Container Registry,4-core,True,10,0.012,0.087,0.1,7.249999999999999,8.333333333333334,0.025267867402000002,0.021298518102,0.020756402605800008,0.016825629265999998,True,9.552314059795266
netbox,default,S0,max,Azure Container Registry,4-core,True,100,0.012,0.087,0.1,7.249999999999999,8.333333333333334,0.025267867402000002,0.017295676500000003,0.020756402605800008,0.012822787664,True,11.896839602925896
netbox,default,S0,max,Azure Container Registry,4-core,True,1000,0.012,0.087,0.1,7.249999999999999,8.333333333333334,0.025267867402000002,0.016895392339800003,0.020756402605800008,0.012422503503799998,True,12.131292157238958
netbox,default,S0,max,Azure Container Registry,8-core,False,10,0.022,0.087,0.1,3.9545454545454546,4.545454545454546,0.04632442357033333,0.02502592546533334,0.038053404777300015,0.016825629265999998,True,10.736417869457199
netbox,default,S0,max,Azure Container Registry,8-core,False,100,0.022,0.087,0.1,3.9545454545454546,4.545454545454546,0.04632442357033333,0.02102308386333334,0.038053404777300015,0.012822787664,True,12.015249983892089
netbox,default,S0,max,Azure Container Registry,8-core,False,1000,0.022,0.087,0.1,3.9545454545454546,4.545454545454546,0.04632442357033333,0.02062279970313334,0.038053404777300015,0.012422503503799998,True,12.143133195335578
netbox,default,S1,min,GitHub Container Registry,1-core,False,10,0.002,0.0,0.0,0.0,0.0,0.004404343447966661,0.004581217356949992,-0.0001593646346333306,0.0,False,
netbox,default,S1,min,GitHub Container Registry,1-core,False,100,0.002,0.0,0.0,0.0,0.0,0.004404343447966661,0.004581217356949992,-0.0001593646346333306,0.0,False,
netbox,default,S1,min,GitHub Container Registry,1-core,False,1000,0.002,0.0,0.0,0.0,0.0,0.004404343447966661,0.004581217356949992,-0.0001593646346333306,0.0,False,
netbox,default,S1,min,GitHub Container Registry,2-core,False,10,0.006,0.0,0.0,0.0,0.0,0.013213030343899984,0.013743652070849975,-0.00047809390389999177,0.0,False,
netbox,default,S1,min,GitHub Container Registry,2-core,False,100,0.006,0.0,0.0,0.0,0.0,0.013213030343899984,0.013743652070849975,-0.00047809390389999177,0.0,False,
netbox,default,S1,min,GitHub Container Registry,2-core,False,1000,0.006,0.0,0.0,0.0,0.0,0.013213030343899984,0.013743652070849975,-0.00047809390389999177,0.0,False,
netbox,default,S1,min,GitHub Container Registry,4-core,True,10,0.012,0.0,0.0,0.0,0.0,0.026426060687799968,0.02748730414169995,-0.0009561878077999835,0.0,False,
netbox,default,S1,min,GitHub Container Registry,4-core,True,100,0.012,0.0,0.0,0.0,0.0,0.026426060687799968,0.02748730414169995,-0.0009561878077999835,0.0,False,
netbox,default,S1,min,GitHub Container Registry,4-core,True,1000,0.012,0.0,0.0,0.0,0.0,0.026426060687799968,0.02748730414169995,-0.0009561878077999835,0.0,False,
netbox,default,S1,min,GitHub Container Registry,8-core,False,10,0.022,0.0,0.0,0.0,0.0,0.048447777927633266,0.050393390926449906,-0.0017530109809666364,0.0,False,
netbox,default,S1,min,GitHub Container Registry,8-core,False,100,0.022,0.0,0.0,0.0,0.0,0.048447777927633266,0.050393390926449906,-0.0017530109809666364,0.0,False,
netbox,default,S1,min,GitHub Container Registry,8-core,False,1000,0.022,0.0,0.0,0.0,0.0,0.048447777927633266,0.050393390926449906,-0.0017530109809666364,0.0,False,
netbox,default,S1,min,Amazon ECR,1-core,False,10,0.002,0.09,0.1,45.0,50.0,0.004404343447966661,0.006580635511949992,-0.0001593646346333306,0.001999418155,False,
netbox,default,S1,min,Amazon ECR,1-core,False,100,0.002,0.09,0.1,45.0,50.0,0.004404343447966661,0.004884139615949992,-0.0001593646346333306,0.000302922259,False,
netbox,default,S1,min,Amazon ECR,1-core,False,1000,0.002,0.09,0.1,45.0,50.0,0.004404343447966661,0.0047144900263499925,-0.0001593646346333306,0.00013327266939999998,False,
netbox,default,S1,min,Amazon ECR,2-core,False,10,0.006,0.09,0.1,15.0,16.666666666666668,0.013213030343899984,0.015743070225849976,-0.00047809390389999177,0.001999418155,False,
netbox,default,S1,min,Amazon ECR,2-core,False,100,0.006,0.09,0.1,15.0,16.666666666666668,0.013213030343899984,0.014046574329849976,-0.00047809390389999177,0.000302922259,False,
netbox,default,S1,min,Amazon ECR,2-core,False,1000,0.006,0.09,0.1,15.0,16.666666666666668,0.013213030343899984,0.013876924740249975,-0.00047809390389999177,0.00013327266939999998,False,
netbox,default,S1,min,Amazon ECR,4-core,True,10,0.012,0.09,0.1,7.5,8.333333333333334,0.026426060687799968,0.02948672229669995,-0.0009561878077999835,0.001999418155,False,
netbox,default,S1,min,Amazon ECR,4-core,True,100,0.012,0.09,0.1,7.5,8.333333333333334,0.026426060687799968,0.02779022640069995,-0.0009561878077999835,0.000302922259,False,
netbox,default,S1,min,Amazon ECR,4-core,True,1000,0.012,0.09,0.1,7.5,8.333333333333334,0.026426060687799968,0.027620576811099952,-0.0009561878077999835,0.00013327266939999998,False,
netbox,default,S1,min,Amazon ECR,8-core,False,10,0.022,0.09,0.1,4.090909090909091,4.545454545454546,0.048447777927633266,0.05239280908144991,-0.0017530109809666364,0.001999418155,False,
netbox,default,S1,min,Amazon ECR,8-core,False,100,0.022,0.09,0.1,4.090909090909091,4.545454545454546,0.048447777927633266,0.050696313185449905,-0.0017530109809666364,0.000302922259,False,
netbox,default,S1,min,Amazon ECR,8-core,False,1000,0.022,0.09,0.1,4.090909090909091,4.545454545454546,0.048447777927633266,0.050526663595849904,-0.0017530109809666364,0.00013327266939999998,False,
netbox,default,S1,min,Google Artifact Registry,1-core,False,10,0.002,0.11175870895385742,0.09313225746154785,55.87935447692871,46.566128730773926,0.004404343447966661,0.006478842106640287,-0.0001593646346333306,0.0018976247496902943,False,
netbox,default,S1,min,Google Artifact Registry,1-core,False,100,0.002,0.11175870895385742,0.09313225746154785,55.87935447692871,46.566128730773926,0.004404343447966661,0.0048988571809529735,-0.0001593646346333306,0.0003176398240029812,False,
netbox,default,S1,min,Google Artifact Registry,1-core,False,1000,0.002,0.11175870895385742,0.09313225746154785,55.87935447692871,46.566128730773926,0.004404343447966661,0.0047408586883842425,-0.0001593646346333306,0.00015964133143424986,False,
netbox,default,S1,min,Google Artifact Registry,2-core,False,10,0.006,0.11175870895385742,0.09313225746154785,18.62645149230957,15.522042910257975,0.013213030343899984,0.01564127682054027,-0.00047809390389999177,0.0018976247496902943,False,
netbox,default,S1,min,Google Artifact Registry,2-core,False,100,0.006,0.11175870895385742,0.09313225746154785,18.62645149230957,15.522042910257975,0.013213030343899984,0.014061291894852957,-0.00047809390389999177,0.0003176398240029812,False,
netbox,default,S1,min,Google Artifact Registry,2-core,False,1000,0.006,0.11175870895385742,0.09313225746154785,18.62645149230957,15.522042910257975,0.013213030343899984,0.013903293402284226,-0.00047809390389999177,0.00015964133143424986,False,
netbox,default,S1,min,Google Artifact Registry,4-core,True,10,0.012,0.11175870895385742,0.09313225746154785,9.313225746154785,7.761021455128987,0.026426060687799968,0.029384928891390244,-0.0009561878077999835,0.0018976247496902943,False,
netbox,default,S1,min,Google Artifact Registry,4-core,True,100,0.012,0.11175870895385742,0.09313225746154785,9.313225746154785,7.761021455128987,0.026426060687799968,0.027804943965702933,-0.0009561878077999835,0.0003176398240029812,False,
netbox,default,S1,min,Google Artifact Registry,4-core,True,1000,0.012,0.11175870895385742,0.09313225746154785,9.313225746154785,7.761021455128987,0.026426060687799968,0.0276469454731342,-0.0009561878077999835,0.00015964133143424986,False,
netbox,default,S1,min,Google Artifact Registry,8-core,False,10,0.022,0.11175870895385742,0.09313225746154785,5.079941316084429,4.233284430070357,0.048447777927633266,0.0522910156761402,-0.0017530109809666364,0.0018976247496902943,False,
netbox,default,S1,min,Google Artifact Registry,8-core,False,100,0.022,0.11175870895385742,0.09313225746154785,5.079941316084429,4.233284430070357,0.048447777927633266,0.050711030750452885,-0.0017530109809666364,0.0003176398240029812,False,
netbox,default,S1,min,Google Artifact Registry,8-core,False,1000,0.022,0.11175870895385742,0.09313225746154785,5.079941316084429,4.233284430070357,0.048447777927633266,0.050553032257884156,-0.0017530109809666364,0.00015964133143424986,False,
netbox,default,S1,min,Azure Container Registry,1-core,False,10,0.002,0.087,0.1,43.49999999999999,50.0,0.004404343447966661,0.006576821421449992,-0.0001593646346333306,0.0019956040644999997,False,
netbox,default,S1,min,Azure Container Registry,1-core,False,100,0.002,0.087,0.1,43.49999999999999,50.0,0.004404343447966661,0.004880325525449992,-0.0001593646346333306,0.0002991081685,False,
netbox,default,S1,min,Azure Container Registry,1-core,False,1000,0.002,0.087,0.1,43.49999999999999,50.0,0.004404343447966661,0.004710675935849992,-0.0001593646346333306,0.00012945857889999998,False,
netbox,default,S1,min,Azure Container Registry,2-core,False,10,0.006,0.087,0.1,14.499999999999998,16.666666666666668,0.013213030343899984,0.015739256135349974,-0.00047809390389999177,0.0019956040644999997,False,
netbox,default,S1,min,Azure Container Registry,2-core,False,100,0.006,0.087,0.1,14.499999999999998,16.666666666666668,0.013213030343899984,0.014042760239349975,-0.00047809390389999177,0.0002991081685,False,
netbox,default,S1,min,Azure Container Registry,2-core,False,1000,0.006,0.087,0.1,14.499999999999998,16.666666666666668,0.013213030343899984,0.013873110649749975,-0.00047809390389999177,0.00012945857889999998,False,
netbox,default,S1,min,Azure Container Registry,4-core,True,10,0.012,0.087,0.1,7.249999999999999,8.333333333333334,0.026426060687799968,0.02948290820619995,-0.0009561878077999835,0.0019956040644999997,False,
netbox,default,S1,min,Azure Container Registry,4-core,True,100,0.012,0.087,0.1,7.249999999999999,8.333333333333334,0.026426060687799968,0.027786412310199952,-0.0009561878077999835,0.0002991081685,False,
netbox,default,S1,min,Azure Container Registry,4-core,True,1000,0.012,0.087,0.1,7.249999999999999,8.333333333333334,0.026426060687799968,0.02761676272059995,-0.0009561878077999835,0.00012945857889999998,False,
netbox,default,S1,min,Azure Container Registry,8-core,False,10,0.022,0.087,0.1,3.9545454545454546,4.545454545454546,0.048447777927633266,0.05238899499094991,-0.0017530109809666364,0.0019956040644999997,False,
netbox,default,S1,min,Azure Container Registry,8-core,False,100,0.022,0.087,0.1,3.9545454545454546,4.545454545454546,0.048447777927633266,0.050692499094949904,-0.0017530109809666364,0.0002991081685,False,
netbox,default,S1,min,Azure Container Registry,8-core,False,1000,0.022,0.087,0.1,3.9545454545454546,4.545454545454546,0.048447777927633266,0.05052284950534991,-0.0017530109809666364,0.00012945857889999998,False,
netbox,default,S1,max,GitHub Container Registry,1-core,False,10,0.002,0.0,0.0,0.0,0.0,0.004404343447966661,0.002643046381200001,0.0016810505831499993,0.0,True,2.9212042423416076
netbox,default,S1,max,GitHub Container Registry,1-core,False,100,0.002,0.0,0.0,0.0,0.0,0.004404343447966661,0.002643046381200001,0.0016810505831499993,0.0,True,2.9212042423416076
netbox,default,S1,max,GitHub Container Registry,1-core,False,1000,0.002,0.0,0.0,0.0,0.0,0.004404343447966661,0.002643046381200001,0.0016810505831499993,0.0,True,2.9212042423416076
netbox,default,S1,max,GitHub Container Registry,2-core,False,10,0.006,0.0,0.0,0.0,0.0,0.013213030343899984,0.007929139143600003,0.005043151749449998,0.0,True,2.9212042423416076
netbox,default,S1,max,GitHub Container Registry,2-core,False,100,0.006,0.0,0.0,0.0,0.0,0.013213030343899984,0.007929139143600003,0.005043151749449998,0.0,True,2.9212042423416076
netbox,default,S1,max,GitHub Container Registry,2-core,False,1000,0.006,0.0,0.0,0.0,0.0,0.013213030343899984,0.007929139143600003,0.005043151749449998,0.0,True,2.9212042423416076
netbox,default,S1,max,GitHub Container Registry,4-core,True,10,0.012,0.0,0.0,0.0,0.0,0.026426060687799968,0.015858278287200007,0.010086303498899996,0.0,True,2.9212042423416076
netbox,default,S1,max,GitHub Container Registry,4-core,True,100,0.012,0.0,0.0,0.0,0.0,0.026426060687799968,0.015858278287200007,0.010086303498899996,0.0,True,2.9212042423416076
netbox,default,S1,max,GitHub Container Registry,4-core,True,1000,0.012,0.0,0.0,0.0,0.0,0.026426060687799968,0.015858278287200007,0.010086303498899996,0.0,True,2.9212042423416076
netbox,default,S1,max,GitHub Container Registry,8-core,False,10,0.022,0.0,0.0,0.0,0.0,0.048447777927633266,0.02907351019320001,0.01849155641464999,0.0,True,2.9212042423416076
netbox,default,S1,max,GitHub Container Registry,8-core,False,100,0.022,0.0,0.0,0.0,0.0,0.048447777927633266,0.02907351019320001,0.01849155641464999,0.0,True,2.9212042423416076
netbox,default,S1,max,GitHub Container Registry,8-core,False,1000,0.022,0.0,0.0,0.0,0.0,0.048447777927633266,0.02907351019320001,0.01849155641464999,0.0,True,2.9212042423416076
netbox,default,S1,max,Amazon ECR,1-core,False,10,0.002,0.09,0.1,45.0,50.0,0.004404343447966661,0.0329865830812,0.0016810505831499993,0.0303435367,False,-4.807529220034516
netbox,default,S1,max,Amazon ECR,1-core,False,100,0.002,0.09,0.1,45.0,50.0,0.004404343447966661,0.0289837295542,0.0016810505831499993,0.026340683173,False,2.148330896103995
netbox,default,S1,max,Amazon ECR,1-core,False,1000,0.002,0.09,0.1,45.0,50.0,0.004404343447966661,0.0285834442015,0.0016810505831499993,0.0259403978203,False,2.8439169077178468
netbox,default,S1,max,Amazon ECR,2-core,False,10,0.006,0.09,0.1,15.0,16.666666666666668,0.013213030343899984,0.0382726758436,0.005043151749449998,0.0303435367,False,0.3449597548828995
netbox,default,S1,max,Amazon ECR,2-core,False,100,0.006,0.09,0.1,15.0,16.666666666666668,0.013213030343899984,0.0342698223166,0.005043151749449998,0.026340683173,False,2.663579793595737
netbox,default,S1,max,Amazon ECR,2-core,False,1000,0.006,0.09,0.1,15.0,16.666666666666668,0.013213030343899984,0.0338695369639,0.005043151749449998,0.0259403978203,False,2.8954417974670204
netbox,default,S1,max,Amazon ECR,4-core,True,10,0.012,0.09,0.1,7.5,8.333333333333334,0.026426060687799968,0.04620181498720001,0.010086303498899996,0.0303435367,False,1.6330819986122536
netbox,default,S1,max,Amazon ECR,4-core,True,100,0.012,0.09,0.1,7.5,8.333333333333334,0.026426060687799968,0.04219896146020001,0.010086303498899996,0.026340683173,False,2.7923920179686723
netbox,default,S1,max,Amazon ECR,4-core,True,1000,0.012,0.09,0.1,7.5,8.333333333333334,0.026426060687799968,0.0417986761075,0.010086303498899996,0.0259403978203,False,2.9083230199043144
netbox,default,S1,max,Amazon ECR,8-core,False,10,0.022,0.09,0.1,4.090909090909091,4.545454545454546,0.048447777927633266,0.05941704689320001,0.01849155641464999,0.0303435367,False,2.218592109398324
netbox,default,S1,max,Amazon ECR,8-core,False,100,0.022,0.09,0.1,4.090909090909091,4.545454545454546,0.048447777927633266,0.05541419336620001,0.01849155641464999,0.026340683173,False,2.8509430290472793
netbox,default,S1,max,Amazon ECR,8-core,False,1000,0.022,0.09,0.1,4.090909090909091,4.545454545454546,0.048447777927633266,0.05501390801350001,0.01849155641464999,0.0259403978203,False,2.914178121012175
netbox,default,S1,max,Google Artifact Registry,1-core,False,10,0.002,0.11175870895385742,0.09313225746154785,55.87935447692871,46.566128730773926,0.004404343447966661,0.03894181925083165,0.0016810505831499993,0.03629877286963165,False,-4.276739704355326
netbox,default,S1,max,Google Artifact Registry,1-core,False,100,0.002,0.11175870895385742,0.09313225746154785,55.87935447692871,46.566128730773926,0.004404343447966661,0.03521387139825736,0.0016810505831499993,0.03257082501705736,False,2.2014098476719144
netbox,default,S1,max,Google Artifact Registry,1-core,False,1000,0.002,0.11175870895385742,0.09313225746154785,55.87935447692871,46.566128730773926,0.004404343447966661,0.034841076612999934,0.0016810505831499993,0.032198030231799936,False,2.8492248028746383
netbox,default,S1,max,Google Artifact Registry,2-core,False,10,0.006,0.11175870895385742,0.09313225746154785,18.62645149230957,15.522042910257975,0.013213030343899984,0.04422791201323165,0.005043151749449998,0.03629877286963165,False,0.5218895934426301
netbox,default,S1,max,Google Artifact Registry,2-core,False,100,0.006,0.11175870895385742,0.09313225746154785,18.62645149230957,15.522042910257975,0.013213030343899984,0.04049996416065736,0.005043151749449998,0.03257082501705736,False,2.68127277745171
netbox,default,S1,max,Google Artifact Registry,2-core,False,1000,0.006,0.11175870895385742,0.09313225746154785,18.62645149230957,15.522042910257975,0.013213030343899984,0.04012716937539994,0.005043151749449998,0.032198030231799936,False,2.897211095852618
netbox,default,S1,max,Google Artifact Registry,4-core,True,10,0.012,0.11175870895385742,0.09313225746154785,9.313225746154785,7.761021455128987,0.026426060687799968,0.052157051156831655,0.010086303498899996,0.03629877286963165,False,1.7215469178921188
netbox,default,S1,max,Google Artifact Registry,4-core,True,100,0.012,0.11175870895385742,0.09313225746154785,9.313225746154785,7.761021455128987,0.026426060687799968,0.04842910330425737,0.010086303498899996,0.03257082501705736,False,2.801238509896659
netbox,default,S1,max,Google Artifact Registry,4-core,True,1000,0.012,0.11175870895385742,0.09313225746154785,9.313225746154785,7.761021455128987,0.026426060687799968,0.048056308518999946,0.010086303498899996,0.032198030231799936,False,2.9092076690971127
netbox,default,S1,max,Google Artifact Registry,8-core,False,10,0.022,0.11175870895385742,0.09313225746154785,5.079941316084429,4.233284430070357,0.048447777927633266,0.06537228306283166,0.01849155641464999,0.03629877286963165,False,2.266845701732796
netbox,default,S1,max,Google Artifact Registry,8-core,False,100,0.022,0.11175870895385742,0.09313225746154785,5.079941316084429,4.233284430070357,0.048447777927633266,0.06164433521025737,0.01849155641464999,0.03257082501705736,False,2.8557683882807265
netbox,default,S1,max,Google Artifact Registry,8-core,False,1000,0.022,0.11175870895385742,0.09313225746154785,5.079941316084429,4.233284430070357,0.048447777927633266,0.061271540424999944,0.01849155641464999,0.032198030231799936,False,2.9146606569355193
netbox,default,S1,max,Azure Container Registry,1-core,False,10,0.002,0.087,0.1,43.49999999999999,50.0,0.004404343447966661,0.032123385692199996,0.0016810505831499993,0.029480339310999998,False,-4.807529220034516
netbox,default,S1,max,Azure Container Registry,1-core,False,100,0.002,0.087,0.1,43.49999999999999,50.0,0.004404343447966661,0.0281205321652,0.0016810505831499993,0.025477485783999998,False,2.148330896103995
netbox,default,S1,max,Azure Container Registry,1-core,False,1000,0.002,0.087,0.1,43.49999999999999,50.0,0.004404343447966661,0.0277202468125,0.0016810505831499993,0.025077200431299997,False,2.8439169077178468
netbox,default,S1,max,Azure Container Registry,2-core,False,10,0.006,0.087,0.1,14.499999999999998,16.666666666666668,0.013213030343899984,0.0374094784546,0.005043151749449998,0.029480339310999998,False,0.3449597548828995
netbox,default,S1,max,Azure Container Registry,2-core,False,100,0.006,0.087,0.1,14.499999999999998,16.666666666666668,0.013213030343899984,0.0334066249276,0.005043151749449998,0.025477485783999998,False,2.663579793595737
netbox,default,S1,max,Azure Container Registry,2-core,False,1000,0.006,0.087,0.1,14.499999999999998,16.666666666666668,0.013213030343899984,0.0330063395749,0.005043151749449998,0.025077200431299997,False,2.8954417974670204
netbox,default,S1,max,Azure Container Registry,4-core,True,10,0.012,0.087,0.1,7.249999999999999,8.333333333333334,0.026426060687799968,0.0453386175982,0.010086303498899996,0.029480339310999998,False,1.6330819986122536
netbox,default,S1,max,Azure Container Registry,4-core,True,100,0.012,0.087,0.1,7.249999999999999,8.333333333333334,0.026426060687799968,0.0413357640712,0.010086303498899996,0.025477485783999998,False,2.7923920179686723
netbox,default,S1,max,Azure Container Registry,4-core,True,1000,0.012,0.087,0.1,7.249999999999999,8.333333333333334,0.026426060687799968,0.04093547871850001,0.010086303498899996,0.025077200431299997,False,2.9083230199043144
netbox,default,S1,max,Azure Container Registry,8-core,False,10,0.022,0.087,0.1,3.9545454545454546,4.545454545454546,0.048447777927633266,0.058553849504200006,0.01849155641464999,0.029480339310999998,False,2.218592109398324
netbox,default,S1,max,Azure Container Registry,8-core,False,100,0.022,0.087,0.1,3.9545454545454546,4.545454545454546,0.048447777927633266,0.054550995977200006,0.01849155641464999,0.025477485783999998,False,2.8509430290472793
netbox,default,S1,max,Azure Container Registry,8-core,False,1000,0.022,0.087,0.1,3.9545454545454546,4.545454545454546,0.048447777927633266,0.054150710624500005,0.01849155641464999,0.025077200431299997,False,2.914178121012175
netbox,default,S2,min,GitHub Container Registry,1-core,False,10,0.002,0.0,0.0,0.0,0.0,0.004103735129383334,0.004317254683133335,-0.00020629531941666906,0.0,False,
netbox,default,S2,min,GitHub Container Registry,1-core,False,100,0.002,0.0,0.0,0.0,0.0,0.004103735129383334,0.004317254683133335,-0.00020629531941666906,0.0,False,
netbox,default,S2,min,GitHub Container Registry,1-core,False,1000,0.002,0.0,0.0,0.0,0.0,0.004103735129383334,0.004317254683133335,-0.00020629531941666906,0.0,False,
netbox,default,S2,min,GitHub Container Registry,2-core,False,10,0.006,0.0,0.0,0.0,0.0,0.012311205388150002,0.012951764049400004,-0.0006188859582500072,0.0,False,
netbox,default,S2,min,GitHub Container Registry,2-core,False,100,0.006,0.0,0.0,0.0,0.0,0.012311205388150002,0.012951764049400004,-0.0006188859582500072,0.0,False,
netbox,default,S2,min,GitHub Container Registry,2-core,False,1000,0.006,0.0,0.0,0.0,0.0,0.012311205388150002,0.012951764049400004,-0.0006188859582500072,0.0,False,
netbox,default,S2,min,GitHub Container Registry,4-core,True,10,0.012,0.0,0.0,0.0,0.0,0.024622410776300004,0.02590352809880001,-0.0012377719165000145,0.0,False,
netbox,default,S2,min,GitHub Container Registry,4-core,True,100,0.012,0.0,0.0,0.0,0.0,0.024622410776300004,0.02590352809880001,-0.0012377719165000145,0.0,False,
netbox,default,S2,min,GitHub Container Registry,4-core,True,1000,0.012,0.0,0.0,0.0,0.0,0.024622410776300004,0.02590352809880001,-0.0012377719165000145,0.0,False,
netbox,default,S2,min,GitHub Container Registry,8-core,False,10,0.022,0.0,0.0,0.0,0.0,0.04514108642321667,0.04748980151446668,-0.0022692485135833596,0.0,False,
netbox,default,S2,min,GitHub Container Registry,8-core,False,100,0.022,0.0,0.0,0.0,0.0,0.04514108642321667,0.04748980151446668,-0.0022692485135833596,0.0,False,
netbox,default,S2,min,GitHub Container Registry,8-core,False,1000,0.022,0.0,0.0,0.0,0.0,0.04514108642321667,0.04748980151446668,-0.0022692485135833596,0.0,False,
netbox,default,S2,min,Amazon ECR,1-core,False,10,0.002,0.09,0.1,45.0,50.0,0.004103735129383334,0.006316667813133335,-0.00020629531941666906,0.00199941313,False,
netbox,default,S2,min,Amazon ECR,1-core,False,100,0.002,0.09,0.1,45.0,50.0,0.004103735129383334,0.004620175913133335,-0.00020629531941666906,0.00030292123,False,
netbox,default,S2,min,Amazon ECR,1-core,False,1000,0.002,0.09,0.1,45.0,50.0,0.004103735129383334,0.004450526723133335,-0.00020629531941666906,0.00013327204,False,
netbox,default,S2,min,Amazon ECR,2-core,False,10,0.006,0.09,0.1,15.0,16.666666666666668,0.012311205388150002,0.014951177179400005,-0.0006188859582500072,0.00199941313,False,
netbox,default,S2,min,Amazon ECR,2-core,False,100,0.006,0.09,0.1,15.0,16.666666666666668,0.012311205388150002,0.013254685279400004,-0.0006188859582500072,0.00030292123,False,
netbox,default,S2,min,Amazon ECR,2-core,False,1000,0.006,0.09,0.1,15.0,16.666666666666668,0.012311205388150002,0.013085036089400004,-0.0006188859582500072,0.00013327204,False,
netbox,default,S2,min,Amazon ECR,4-core,True,10,0.012,0.09,0.1,7.5,8.333333333333334,0.024622410776300004,0.027902941228800007,-0.0012377719165000145,0.00199941313,False,
netbox,default,S2,min,Amazon ECR,4-core,True,100,0.012,0.09,0.1,7.5,8.333333333333334,0.024622410776300004,0.026206449328800008,-0.0012377719165000145,0.00030292123,False,
netbox,default,S2,min,Amazon ECR,4-core,True,1000,0.012,0.09,0.1,7.5,8.333333333333334,0.024622410776300004,0.02603680013880001,-0.0012377719165000145,0.00013327204,False,
netbox,default,S2,min,Amazon ECR,8-core,False,10,0.022,0.09,0.1,4.090909090909091,4.545454545454546,0.04514108642321667,0.049489214644466685,-0.0022692485135833596,0.00199941313,False,
netbox,default,S2,min,Amazon ECR,8-core,False,100,0.022,0.09,0.1,4.090909090909091,4.545454545454546,0.04514108642321667,0.047792722744466686,-0.0022692485135833596,0.00030292123,False,
netbox,default,S2,min,Amazon ECR,8-core,False,1000,0.022,0.09,0.1,4.090909090909091,4.545454545454546,0.04514108642321667,0.04762307355446668,-0.0022692485135833596,0.00013327204,False,
netbox,default,S2,min,Google Artifact Registry,1-core,False,10,0.002,0.11175870895385742,0.09313225746154785,55.87935447692871,46.566128730773926,0.004103735129383334,0.00621487457131979,-0.00020629531941666906,0.0018976198881864549,False,
netbox,default,S2,min,Google Artifact Registry,1-core,False,100,0.002,0.11175870895385742,0.09313225746154785,55.87935447692871,46.566128730773926,0.004103735129383334,0.004634893367197485,-0.00020629531941666906,0.00031763868406414986,False,
netbox,default,S2,min,Google Artifact Registry,1-core,False,1000,0.002,0.11175870895385742,0.09313225746154785,55.87935447692871,46.566128730773926,0.004103735129383334,0.004476895246785254,-0.00020629531941666906,0.00015964056365191936,False,
netbox,default,S2,min,Google Artifact Registry,2-core,False,10,0.006,0.11175870895385742,0.09313225746154785,18.62645149230957,15.522042910257975,0.012311205388150002,0.014849383937586459,-0.0006188859582500072,0.0018976198881864549,False,
netbox,default,S2,min,Google Artifact Registry,2-core,False,100,0.006,0.11175870895385742,0.09313225746154785,18.62645149230957,15.522042910257975,0.012311205388150002,0.013269402733464154,-0.0006188859582500072,0.00031763868406414986,False,
netbox,default,S2,min,Google Artifact Registry,2-core,False,1000,0.006,0.11175870895385742,0.09313225746154785,18.62645149230957,15.522042910257975,0.012311205388150002,0.013111404613051924,-0.0006188859582500072,0.00015964056365191936,False,
netbox,default,S2,min,Google Artifact Registry,4-core,True,10,0.012,0.11175870895385742,0.09313225746154785,9.313225746154785,7.761021455128987,0.024622410776300004,0.027801147986986463,-0.0012377719165000145,0.0018976198881864549,False,
netbox,default,S2,min,Google Artifact Registry,4-core,True,100,0.012,0.11175870895385742,0.09313225746154785,9.313225746154785,7.761021455128987,0.024622410776300004,0.02622116678286416,-0.0012377719165000145,0.00031763868406414986,False,
netbox,default,S2,min,Google Artifact Registry,4-core,True,1000,0.012,0.11175870895385742,0.09313225746154785,9.313225746154785,7.761021455128987,0.024622410776300004,0.026063168662451928,-0.0012377719165000145,0.00015964056365191936,False,
netbox,default,S2,min,Google Artifact Registry,8-core,False,10,0.022,0.11175870895385742,0.09313225746154785,5.079941316084429,4.233284430070357,0.04514108642321667,0.04938742140265314,-0.0022692485135833596,0.0018976198881864549,False,
netbox,default,S2,min,Google Artifact Registry,8-core,False,100,0.022,0.11175870895385742,0.09313225746154785,5.079941316084429,4.233284430070357,0.04514108642321667,0.04780744019853083,-0.0022692485135833596,0.00031763868406414986,False,
netbox,default,S2,min,Google Artifact Registry,8-core,False,1000,0.022,0.11175870895385742,0.09313225746154785,5.079941316084429,4.233284430070357,0.04514108642321667,0.0476494420781186,-0.0022692485135833596,0.00015964056365191936,False,
netbox,default,S2,min,Azure Container Registry,1-core,False,10,0.002,0.087,0.1,43.49999999999999,50.0,0.004103735129383334,0.006312853742133335,-0.00020629531941666906,0.001995599059,False,
netbox,default,S2,min,Azure Container Registry,1-core,False,100,0.002,0.087,0.1,43.49999999999999,50.0,0.004103735129383334,0.004616361842133335,-0.00020629531941666906,0.000299107159,False,
netbox,default,S2,min,Azure Container Registry,1-core,False,1000,0.002,0.087,0.1,43.49999999999999,50.0,0.004103735129383334,0.004446712652133335,-0.00020629531941666906,0.000129457969,False,
netbox,default,S2,min,Azure Container Registry,2-core,False,10,0.006,0.087,0.1,14.499999999999998,16.666666666666668,0.012311205388150002,0.014947363108400004,-0.0006188859582500072,0.001995599059,False,
netbox,default,S2,min,Azure Container Registry,2-core,False,100,0.006,0.087,0.1,14.499999999999998,16.666666666666668,0.012311205388150002,0.013250871208400005,-0.0006188859582500072,0.000299107159,False,
netbox,default,S2,min,Azure Container Registry,2-core,False,1000,0.006,0.087,0.1,14.499999999999998,16.666666666666668,0.012311205388150002,0.013081222018400004,-0.0006188859582500072,0.000129457969,False,
netbox,default,S2,min,Azure Container Registry,4-core,True,10,0.012,0.087,0.1,7.249999999999999,8.333333333333334,0.024622410776300004,0.02789912715780001,-0.0012377719165000145,0.001995599059,False,
netbox,default,S2,min,Azure Container Registry,4-core,True,100,0.012,0.087,0.1,7.249999999999999,8.333333333333334,0.024622410776300004,0.02620263525780001,-0.0012377719165000145,0.000299107159,False,
netbox,default,S2,min,Azure Container Registry,4-core,True,1000,0.012,0.087,0.1,7.249999999999999,8.333333333333334,0.024622410776300004,0.02603298606780001,-0.0012377719165000145,0.000129457969,False,
netbox,default,S2,min,Azure Container Registry,8-core,False,10,0.022,0.087,0.1,3.9545454545454546,4.545454545454546,0.04514108642321667,0.04948540057346668,-0.0022692485135833596,0.001995599059,False,
netbox,default,S2,min,Azure Container Registry,8-core,False,100,0.022,0.087,0.1,3.9545454545454546,4.545454545454546,0.04514108642321667,0.04778890867346668,-0.0022692485135833596,0.000299107159,False,
netbox,default,S2,min,Azure Container Registry,8-core,False,1000,0.022,0.087,0.1,3.9545454545454546,4.545454545454546,0.04514108642321667,0.04761925948346668,-0.0022692485135833596,0.000129457969,False,
netbox,default,S2,max,GitHub Container Registry,1-core,False,10,0.002,0.0,0.0,0.0,0.0,0.004103735129383334,0.004498267983416668,-0.0003589588116333308,0.0,False,
netbox,default,S2,max,GitHub Container Registry,1-core,False,100,0.002,0.0,0.0,0.0,0.0,0.004103735129383334,0.004498267983416668,-0.0003589588116333308,0.0,False,
netbox,default,S2,max,GitHub Container Registry,1-core,False,1000,0.002,0.0,0.0,0.0,0.0,0.004103735129383334,0.004498267983416668,-0.0003589588116333308,0.0,False,
netbox,default,S2,max,GitHub Container Registry,2-core,False,10,0.006,0.0,0.0,0.0,0.0,0.012311205388150002,0.013494803950250003,-0.0010768764348999924,0.0,False,
netbox,default,S2,max,GitHub Container Registry,2-core,False,100,0.006,0.0,0.0,0.0,0.0,0.012311205388150002,0.013494803950250003,-0.0010768764348999924,0.0,False,
netbox,default,S2,max,GitHub Container Registry,2-core,False,1000,0.006,0.0,0.0,0.0,0.0,0.012311205388150002,0.013494803950250003,-0.0010768764348999924,0.0,False,
netbox,default,S2,max,GitHub Container Registry,4-core,True,10,0.012,0.0,0.0,0.0,0.0,0.024622410776300004,0.026989607900500007,-0.0021537528697999847,0.0,False,
netbox,default,S2,max,GitHub Container Registry,4-core,True,100,0.012,0.0,0.0,0.0,0.0,0.024622410776300004,0.026989607900500007,-0.0021537528697999847,0.0,False,
netbox,default,S2,max,GitHub Container Registry,4-core,True,1000,0.012,0.0,0.0,0.0,0.0,0.024622410776300004,0.026989607900500007,-0.0021537528697999847,0.0,False,
netbox,default,S2,max,GitHub Container Registry,8-core,False,10,0.022,0.0,0.0,0.0,0.0,0.04514108642321667,0.04948094781758334,-0.003948546927966638,0.0,False,
netbox,default,S2,max,GitHub Container Registry,8-core,False,100,0.022,0.0,0.0,0.0,0.0,0.04514108642321667,0.04948094781758334,-0.003948546927966638,0.0,False,
netbox,default,S2,max,GitHub Container Registry,8-core,False,1000,0.022,0.0,0.0,0.0,0.0,0.04514108642321667,0.04948094781758334,-0.003948546927966638,0.0,False,
netbox,default,S2,max,Amazon ECR,1-core,False,10,0.002,0.09,0.1,45.0,50.0,0.004103735129383334,0.019603420328416665,-0.0003589588116333308,0.015105152345,False,
netbox,default,S2,max,Amazon ECR,1-core,False,100,0.002,0.09,0.1,45.0,50.0,0.004103735129383334,0.015600586947916667,-0.0003589588116333308,0.011102318964499999,False,
netbox,default,S2,max,Amazon ECR,1-core,False,1000,0.002,0.09,0.1,45.0,50.0,0.004103735129383334,0.015200303609866668,-0.0003589588116333308,0.01070203562645,False,
netbox,default,S2,max,Amazon ECR,2-core,False,10,0.006,0.09,0.1,15.0,16.666666666666668,0.012311205388150002,0.02859995629525,-0.0010768764348999924,0.015105152345,False,
netbox,default,S2,max,Amazon ECR,2-core,False,100,0.006,0.09,0.1,15.0,16.666666666666668,0.012311205388150002,0.024597122914750004,-0.0010768764348999924,0.011102318964499999,False,
netbox,default,S2,max,Amazon ECR,2-core,False,1000,0.006,0.09,0.1,15.0,16.666666666666668,0.012311205388150002,0.024196839576700005,-0.0010768764348999924,0.01070203562645,False,
netbox,default,S2,max,Amazon ECR,4-core,True,10,0.012,0.09,0.1,7.5,8.333333333333334,0.024622410776300004,0.042094760245500004,-0.0021537528697999847,0.015105152345,False,
netbox,default,S2,max,Amazon ECR,4-core,True,100,0.012,0.09,0.1,7.5,8.333333333333334,0.024622410776300004,0.03809192686500001,-0.0021537528697999847,0.011102318964499999,False,
netbox,default,S2,max,Amazon ECR,4-core,True,1000,0.012,0.09,0.1,7.5,8.333333333333334,0.024622410776300004,0.03769164352695001,-0.0021537528697999847,0.01070203562645,False,
netbox,default,S2,max,Amazon ECR,8-core,False,10,0.022,0.09,0.1,4.090909090909091,4.545454545454546,0.04514108642321667,0.06458610016258334,-0.003948546927966638,0.015105152345,False,
netbox,default,S2,max,Amazon ECR,8-core,False,100,0.022,0.09,0.1,4.090909090909091,4.545454545454546,0.04514108642321667,0.06058326678208334,-0.003948546927966638,0.011102318964499999,False,
netbox,default,S2,max,Amazon ECR,8-core,False,1000,0.022,0.09,0.1,4.090909090909091,4.545454545454546,0.04514108642321667,0.06018298344403334,-0.003948546927966638,0.01070203562645,False,
netbox,default,S2,max,Google Artifact Registry,1-core,False,10,0.002,0.11175870895385742,0.09313225746154785,55.87935447692871,46.566128730773926,0.004103735129383334,0.02187457933496182,-0.0003589588116333308,0.017376311351545153,False,
netbox,default,S2,max,Google Artifact Registry,1-core,False,100,0.002,0.11175870895385742,0.09313225746154785,55.87935447692871,46.566128730773926,0.004103735129383334,0.018146650245277784,-0.0003589588116333308,0.013648382261861115,False,
netbox,default,S2,max,Google Artifact Registry,1-core,False,1000,0.002,0.11175870895385742,0.09313225746154785,55.87935447692871,46.566128730773926,0.004103735129383334,0.01777385733630938,-0.0003589588116333308,0.01327558935289271,False,
netbox,default,S2,max,Google Artifact Registry,2-core,False,10,0.006,0.11175870895385742,0.09313225746154785,18.62645149230957,15.522042910257975,0.012311205388150002,0.030871115301795156,-0.0010768764348999924,0.017376311351545153,False,
netbox,default,S2,max,Google Artifact Registry,2-core,False,100,0.006,0.11175870895385742,0.09313225746154785,18.62645149230957,15.522042910257975,0.012311205388150002,0.02714318621211112,-0.0010768764348999924,0.013648382261861115,False,
netbox,default,S2,max,Google Artifact Registry,2-core,False,1000,0.006,0.11175870895385742,0.09313225746154785,18.62645149230957,15.522042910257975,0.012311205388150002,0.026770393303142716,-0.0010768764348999924,0.01327558935289271,False,
netbox,default,S2,max,Google Artifact Registry,4-core,True,10,0.012,0.11175870895385742,0.09313225746154785,9.313225746154785,7.761021455128987,0.024622410776300004,0.04436591925204516,-0.0021537528697999847,0.017376311351545153,False,
netbox,default,S2,max,Google Artifact Registry,4-core,True,100,0.012,0.11175870895385742,0.09313225746154785,9.313225746154785,7.761021455128987,0.024622410776300004,0.04063799016236112,-0.0021537528697999847,0.013648382261861115,False,
netbox,default,S2,max,Google Artifact Registry,4-core,True,1000,0.012,0.11175870895385742,0.09313225746154785,9.313225746154785,7.761021455128987,0.024622410776300004,0.04026519725339272,-0.0021537528697999847,0.01327558935289271,False,
netbox,default,S2,max,Google Artifact Registry,8-core,False,10,0.022,0.11175870895385742,0.09313225746154785,5.079941316084429,4.233284430070357,0.04514108642321667,0.06685725916912849,-0.003948546927966638,0.017376311351545153,False,
netbox,default,S2,max,Google Artifact Registry,8-core,False,100,0.022,0.11175870895385742,0.09313225746154785,5.079941316084429,4.233284430070357,0.04514108642321667,0.06312933007944445,-0.003948546927966638,0.013648382261861115,False,
netbox,default,S2,max,Google Artifact Registry,8-core,False,1000,0.022,0.11175870895385742,0.09313225746154785,5.079941316084429,4.233284430070357,0.04514108642321667,0.06275653717047605,-0.003948546927966638,0.01327558935289271,False,
netbox,default,S2,max,Azure Container Registry,1-core,False,10,0.002,0.087,0.1,43.49999999999999,50.0,0.004103735129383334,0.019248168338416666,-0.0003589588116333308,0.014749900355,False,
netbox,default,S2,max,Azure Container Registry,1-core,False,100,0.002,0.087,0.1,43.49999999999999,50.0,0.004103735129383334,0.015245334957916667,-0.0003589588116333308,0.0107470669745,False,
netbox,default,S2,max,Azure Container Registry,1-core,False,1000,0.002,0.087,0.1,43.49999999999999,50.0,0.004103735129383334,0.014845051619866668,-0.0003589588116333308,0.01034678363645,False,
netbox,default,S2,max,Azure Container Registry,2-core,False,10,0.006,0.087,0.1,14.499999999999998,16.666666666666668,0.012311205388150002,0.02824470430525,-0.0010768764348999924,0.014749900355,False,
netbox,default,S2,max,Azure Container Registry,2-core,False,100,0.006,0.087,0.1,14.499999999999998,16.666666666666668,0.012311205388150002,0.024241870924750004,-0.0010768764348999924,0.0107470669745,False,
netbox,default,S2,max,Azure Container Registry,2-core,False,1000,0.006,0.087,0.1,14.499999999999998,16.666666666666668,0.012311205388150002,0.023841587586700005,-0.0010768764348999924,0.01034678363645,False,
netbox,default,S2,max,Azure Container Registry,4-core,True,10,0.012,0.087,0.1,7.249999999999999,8.333333333333334,0.024622410776300004,0.041739508255500005,-0.0021537528697999847,0.014749900355,False,
netbox,default,S2,max,Azure Container Registry,4-core,True,100,0.012,0.087,0.1,7.249999999999999,8.333333333333334,0.024622410776300004,0.03773667487500001,-0.0021537528697999847,0.0107470669745,False,
netbox,default,S2,max,Azure Container Registry,4-core,True,1000,0.012,0.087,0.1,7.249999999999999,8.333333333333334,0.024622410776300004,0.03733639153695001,-0.0021537528697999847,0.01034678363645,False,
netbox,default,S2,max,Azure Container Registry,8-core,False,10,0.022,0.087,0.1,3.9545454545454546,4.545454545454546,0.04514108642321667,0.06423084817258334,-0.003948546927966638,0.014749900355,False,
netbox,default,S2,max,Azure Container Registry,8-core,False,100,0.022,0.087,0.1,3.9545454545454546,4.545454545454546,0.04514108642321667,0.06022801479208334,-0.003948546927966638,0.0107470669745,False,
netbox,default,S2,max,Azure Container Registry,8-core,False,1000,0.022,0.087,0.1,3.9545454545454546,4.545454545454546,0.04514108642321667,0.05982773145403334,-0.003948546927966638,0.01034678363645,False,
netbox,default,S3,min,GitHub Container Registry,1-core,False,10,0.002,0.0,0.0,0.0,0.0,0.0039521781764999975,0.004112373109783329,-0.00018186175109999759,0.0,False,
netbox,default,S3,min,GitHub Container Registry,1-core,False,100,0.002,0.0,0.0,0.0,0.0,0.0039521781764999975,0.004112373109783329,-0.00018186175109999759,0.0,False,
netbox,default,S3,min,GitHub Container Registry,1-core,False,1000,0.002,0.0,0.0,0.0,0.0,0.0039521781764999975,0.004112373109783329,-0.00018186175109999759,0.0,False,
netbox,default,S3,min,GitHub Container Registry,2-core,False,10,0.006,0.0,0.0,0.0,0.0,0.011856534529499993,0.012337119329349987,-0.0005455852532999928,0.0,False,
netbox,default,S3,min,GitHub Container Registry,2-core,False,100,0.006,0.0,0.0,0.0,0.0,0.011856534529499993,0.012337119329349987,-0.0005455852532999928,0.0,False,
netbox,default,S3,min,GitHub Container Registry,2-core,False,1000,0.006,0.0,0.0,0.0,0.0,0.011856534529499993,0.012337119329349987,-0.0005455852532999928,0.0,False,
netbox,default,S3,min,GitHub Container Registry,4-core,True,10,0.012,0.0,0.0,0.0,0.0,0.023713069058999985,0.024674238658699974,-0.0010911705065999855,0.0,False,
netbox,default,S3,min,GitHub Container Registry,4-core,True,100,0.012,0.0,0.0,0.0,0.0,0.023713069058999985,0.024674238658699974,-0.0010911705065999855,0.0,False,
netbox,default,S3,min,GitHub Container Registry,4-core,True,1000,0.012,0.0,0.0,0.0,0.0,0.023713069058999985,0.024674238658699974,-0.0010911705065999855,0.0,False,
netbox,default,S3,min,GitHub Container Registry,8-core,False,10,0.022,0.0,0.0,0.0,0.0,0.043473959941499975,0.04523610420761662,-0.002000479262099973,0.0,False,
netbox,default,S3,min,GitHub Container Registry,8-core,False,100,0.022,0.0,0.0,0.0,0.0,0.043473959941499975,0.04523610420761662,-0.002000479262099973,0.0,False,
netbox,default,S3,min,GitHub Container Registry,8-core,False,1000,0.022,0.0,0.0,0.0,0.0,0.043473959941499975,0.04523610420761662,-0.002000479262099973,0.0,False,
netbox,default,S3,min,Amazon ECR,1-core,False,10,0.002,0.09,0.1,45.0,50.0,0.0039521781764999975,0.006111785989783329,-0.00018186175109999759,0.00199941288,False,
netbox,default,S3,min,Amazon ECR,1-core,False,100,0.002,0.09,0.1,45.0,50.0,0.0039521781764999975,0.004415294557783329,-0.00018186175109999759,0.000302921448,False,
netbox,default,S3,min,Amazon ECR,1-core,False,1000,0.002,0.09,0.1,45.0,50.0,0.0039521781764999975,0.004245645414583329,-0.00018186175109999759,0.0001332723048,False,
netbox,default,S3,min,Amazon ECR,2-core,False,10,0.006,0.09,0.1,15.0,16.666666666666668,0.011856534529499993,0.014336532209349988,-0.0005455852532999928,0.00199941288,False,
netbox,default,S3,min,Amazon ECR,2-core,False,100,0.006,0.09,0.1,15.0,16.666666666666668,0.011856534529499993,0.012640040777349986,-0.0005455852532999928,0.000302921448,False,
netbox,default,S3,min,Amazon ECR,2-core,False,1000,0.006,0.09,0.1,15.0,16.666666666666668,0.011856534529499993,0.012470391634149987,-0.0005455852532999928,0.0001332723048,False,
netbox,default,S3,min,Amazon ECR,4-core,True,10,0.012,0.09,0.1,7.5,8.333333333333334,0.023713069058999985,0.026673651538699973,-0.0010911705065999855,0.00199941288,False,
netbox,default,S3,min,Amazon ECR,4-core,True,100,0.012,0.09,0.1,7.5,8.333333333333334,0.023713069058999985,0.024977160106699973,-0.0010911705065999855,0.000302921448,False,
netbox,default,S3,min,Amazon ECR,4-core,True,1000,0.012,0.09,0.1,7.5,8.333333333333334,0.023713069058999985,0.024807510963499976,-0.0010911705065999855,0.0001332723048,False,
netbox,default,S3,min,Amazon ECR,8-core,False,10,0.022,0.09,0.1,4.090909090909091,4.545454545454546,0.043473959941499975,0.04723551708761662,-0.002000479262099973,0.00199941288,False,
netbox,default,S3,min,Amazon ECR,8-core,False,100,0.022,0.09,0.1,4.090909090909091,4.545454545454546,0.043473959941499975,0.04553902565561662,-0.002000479262099973,0.000302921448,False,
netbox,default,S3,min,Amazon ECR,8-core,False,1000,0.022,0.09,0.1,4.090909090909091,4.545454545454546,0.043473959941499975,0.04536937651241662,-0.002000479262099973,0.0001332723048,False,
netbox,default,S3,min,Google Artifact Registry,1-core,False,10,0.002,0.11175870895385742,0.09313225746154785,55.87935447692871,46.566128730773926,0.0039521781764999975,0.006009992848958172,-0.00018186175109999759,0.0018976197391748428,False,
netbox,default,S3,min,Google Artifact Registry,1-core,False,100,0.002,0.11175870895385742,0.09313225746154785,55.87935447692871,46.566128730773926,0.0039521781764999975,0.0044300120806948316,-0.00018186175109999759,0.00031763897091150286,False,
netbox,default,S3,min,Google Artifact Registry,1-core,False,1000,0.002,0.11175870895385742,0.09313225746154785,55.87935447692871,46.566128730773926,0.0039521781764999975,0.004272014003868498,-0.00018186175109999759,0.00015964089408516884,False,
netbox,default,S3,min,Google Artifact Registry,2-core,False,10,0.006,0.11175870895385742,0.09313225746154785,18.62645149230957,15.522042910257975,0.011856534529499993,0.01423473906852483,-0.0005455852532999928,0.0018976197391748428,False,
netbox,default,S3,min,Google Artifact Registry,2-core,False,100,0.006,0.11175870895385742,0.09313225746154785,18.62645149230957,15.522042910257975,0.011856534529499993,0.01265475830026149,-0.0005455852532999928,0.00031763897091150286,False,
netbox,default,S3,min,Google Artifact Registry,2-core,False,1000,0.006,0.11175870895385742,0.09313225746154785,18.62645149230957,15.522042910257975,0.011856534529499993,0.012496760223435157,-0.0005455852532999928,0.00015964089408516884,False,
netbox,default,S3,min,Google Artifact Registry,4-core,True,10,0.012,0.11175870895385742,0.09313225746154785,9.313225746154785,7.761021455128987,0.023713069058999985,0.026571858397874817,-0.0010911705065999855,0.0018976197391748428,False,
netbox,default,S3,min,Google Artifact Registry,4-core,True,100,0.012,0.11175870895385742,0.09313225746154785,9.313225746154785,7.761021455128987,0.023713069058999985,0.024991877629611477,-0.0010911705065999855,0.00031763897091150286,False,
netbox,default,S3,min,Google Artifact Registry,4-core,True,1000,0.012,0.11175870895385742,0.09313225746154785,9.313225746154785,7.761021455128987,0.023713069058999985,0.024833879552785144,-0.0010911705065999855,0.00015964089408516884,False,
netbox,default,S3,min,Google Artifact Registry,8-core,False,10,0.022,0.11175870895385742,0.09313225746154785,5.079941316084429,4.233284430070357,0.043473959941499975,0.04713372394679146,-0.002000479262099973,0.0018976197391748428,False,
netbox,default,S3,min,Google Artifact Registry,8-core,False,100,0.022,0.11175870895385742,0.09313225746154785,5.079941316084429,4.233284430070357,0.043473959941499975,0.045553743178528124,-0.002000479262099973,0.00031763897091150286,False,
netbox,default,S3,min,Google Artifact Registry,8-core,False,1000,0.022,0.11175870895385742,0.09313225746154785,5.079941316084429,4.233284430070357,0.043473959941499975,0.04539574510170179,-0.002000479262099973,0.00015964089408516884,False,
netbox,default,S3,min,Azure Container Registry,1-core,False,10,0.002,0.087,0.1,43.49999999999999,50.0,0.0039521781764999975,0.006107971909783329,-0.00018186175109999759,0.0019955988,False,
netbox,default,S3,min,Azure Container Registry,1-core,False,100,0.002,0.087,0.1,43.49999999999999,50.0,0.0039521781764999975,0.004411480477783329,-0.00018186175109999759,0.000299107368,False,
netbox,default,S3,min,Azure Container Registry,1-core,False,1000,0.002,0.087,0.1,43.49999999999999,50.0,0.0039521781764999975,0.004241831334583329,-0.00018186175109999759,0.0001294582248,False,
netbox,default,S3,min,Azure Container Registry,2-core,False,10,0.006,0.087,0.1,14.499999999999998,16.666666666666668,0.011856534529499993,0.014332718129349987,-0.0005455852532999928,0.0019955988,False,
netbox,default,S3,min,Azure Container Registry,2-core,False,100,0.006,0.087,0.1,14.499999999999998,16.666666666666668,0.011856534529499993,0.012636226697349987,-0.0005455852532999928,0.000299107368,False,
netbox,default,S3,min,Azure Container Registry,2-core,False,1000,0.006,0.087,0.1,14.499999999999998,16.666666666666668,0.011856534529499993,0.012466577554149988,-0.0005455852532999928,0.0001294582248,False,
netbox,default,S3,min,Azure Container Registry,4-core,True,10,0.012,0.087,0.1,7.249999999999999,8.333333333333334,0.023713069058999985,0.026669837458699976,-0.0010911705065999855,0.0019955988,False,
netbox,default,S3,min,Azure Container Registry,4-core,True,100,0.012,0.087,0.1,7.249999999999999,8.333333333333334,0.023713069058999985,0.024973346026699973,-0.0010911705065999855,0.000299107368,False,
netbox,default,S3,min,Azure Container Registry,4-core,True,1000,0.012,0.087,0.1,7.249999999999999,8.333333333333334,0.023713069058999985,0.024803696883499975,-0.0010911705065999855,0.0001294582248,False,
netbox,default,S3,min,Azure Container Registry,8-core,False,10,0.022,0.087,0.1,3.9545454545454546,4.545454545454546,0.043473959941499975,0.047231703007616616,-0.002000479262099973,0.0019955988,False,
netbox,default,S3,min,Azure Container Registry,8-core,False,100,0.022,0.087,0.1,3.9545454545454546,4.545454545454546,0.043473959941499975,0.045535211575616616,-0.002000479262099973,0.000299107368,False,
netbox,default,S3,min,Azure Container Registry,8-core,False,1000,0.022,0.087,0.1,3.9545454545454546,4.545454545454546,0.043473959941499975,0.045365562432416615,-0.002000479262099973,0.0001294582248,False,
netbox,default,S3,max,GitHub Container Registry,1-core,False,10,0.002,0.0,0.0,0.0,0.0,0.0039521781764999975,0.004577779493350006,-0.0006247771756833364,0.0,False,
netbox,default,S3,max,GitHub Container Registry,1-core,False,100,0.002,0.0,0.0,0.0,0.0,0.0039521781764999975,0.004577779493350006,-0.0006247771756833364,0.0,False,
netbox,default,S3,max,GitHub Container Registry,1-core,False,1000,0.002,0.0,0.0,0.0,0.0,0.0039521781764999975,0.004577779493350006,-0.0006247771756833364,0.0,False,
netbox,default,S3,max,GitHub Container Registry,2-core,False,10,0.006,0.0,0.0,0.0,0.0,0.011856534529499993,0.01373333848005002,-0.0018743315270500095,0.0,False,
netbox,default,S3,max,GitHub Container Registry,2-core,False,100,0.006,0.0,0.0,0.0,0.0,0.011856534529499993,0.01373333848005002,-0.0018743315270500095,0.0,False,
netbox,default,S3,max,GitHub Container Registry,2-core,False,1000,0.006,0.0,0.0,0.0,0.0,0.011856534529499993,0.01373333848005002,-0.0018743315270500095,0.0,False,
netbox,default,S3,max,GitHub Container Registry,4-core,True,10,0.012,0.0,0.0,0.0,0.0,0.023713069058999985,0.02746667696010004,-0.003748663054100019,0.0,False,
netbox,default,S3,max,GitHub Container Registry,4-core,True,100,0.012,0.0,0.0,0.0,0.0,0.023713069058999985,0.02746667696010004,-0.003748663054100019,0.0,False,
netbox,default,S3,max,GitHub Container Registry,4-core,True,1000,0.012,0.0,0.0,0.0,0.0,0.023713069058999985,0.02746667696010004,-0.003748663054100019,0.0,False,
netbox,default,S3,max,GitHub Container Registry,8-core,False,10,0.022,0.0,0.0,0.0,0.0,0.043473959941499975,0.05035557442685007,-0.006872548932516701,0.0,False,
netbox,default,S3,max,GitHub Container Registry,8-core,False,100,0.022,0.0,0.0,0.0,0.0,0.043473959941499975,0.05035557442685007,-0.006872548932516701,0.0,False,
netbox,default,S3,max,GitHub Container Registry,8-core,False,1000,0.022,0.0,0.0,0.0,0.0,0.043473959941499975,0.05035557442685007,-0.006872548932516701,0.0,False,
netbox,default,S3,max,Amazon ECR,1-core,False,10,0.002,0.09,0.1,45.0,50.0,0.0039521781764999975,0.009139794048350008,-0.0006247771756833364,0.0045620145550000005,False,
netbox,default,S3,max,Amazon ECR,1-core,False,100,0.002,0.09,0.1,45.0,50.0,0.0039521781764999975,0.005136958719350006,-0.0006247771756833364,0.000559179226,False,
netbox,default,S3,max,Amazon ECR,1-core,False,1000,0.002,0.09,0.1,45.0,50.0,0.0039521781764999975,0.0047366751864500066,-0.0006247771756833364,0.0001588956931,False,
netbox,default,S3,max,Amazon ECR,2-core,False,10,0.006,0.09,0.1,15.0,16.666666666666668,0.011856534529499993,0.01829535303505002,-0.0018743315270500095,0.0045620145550000005,False,
netbox,default,S3,max,Amazon ECR,2-core,False,100,0.006,0.09,0.1,15.0,16.666666666666668,0.011856534529499993,0.01429251770605002,-0.0018743315270500095,0.000559179226,False,
netbox,default,S3,max,Amazon ECR,2-core,False,1000,0.006,0.09,0.1,15.0,16.666666666666668,0.011856534529499993,0.01389223417315002,-0.0018743315270500095,0.0001588956931,False,
netbox,default,S3,max,Amazon ECR,4-core,True,10,0.012,0.09,0.1,7.5,8.333333333333334,0.023713069058999985,0.032028691515100044,-0.003748663054100019,0.0045620145550000005,False,
netbox,default,S3,max,Amazon ECR,4-core,True,100,0.012,0.09,0.1,7.5,8.333333333333334,0.023713069058999985,0.02802585618610004,-0.003748663054100019,0.000559179226,False,
netbox,default,S3,max,Amazon ECR,4-core,True,1000,0.012,0.09,0.1,7.5,8.333333333333334,0.023713069058999985,0.02762557265320004,-0.003748663054100019,0.0001588956931,False,
netbox,default,S3,max,Amazon ECR,8-core,False,10,0.022,0.09,0.1,4.090909090909091,4.545454545454546,0.043473959941499975,0.05491758898185007,-0.006872548932516701,0.0045620145550000005,False,
netbox,default,S3,max,Amazon ECR,8-core,False,100,0.022,0.09,0.1,4.090909090909091,4.545454545454546,0.043473959941499975,0.05091475365285007,-0.006872548932516701,0.000559179226,False,
netbox,default,S3,max,Amazon ECR,8-core,False,1000,0.022,0.09,0.1,4.090909090909091,4.545454545454546,0.043473959941499975,0.05051447011995007,-0.006872548932516701,0.0001588956931,False,
netbox,default,S3,max,Google Artifact Registry,1-core,False,10,0.002,0.11175870895385742,0.09313225746154785,55.87935447692871,46.566128730773926,0.0039521781764999975,0.008862007197979308,-0.0006247771756833364,0.004284227704629303,False,
netbox,default,S3,max,Google Artifact Registry,1-core,False,100,0.002,0.11175870895385742,0.09313225746154785,55.87935447692871,46.566128730773926,0.0039521781764999975,0.005134076293613232,-0.0006247771756833364,0.0005562968002632261,False,
netbox,default,S3,max,Google Artifact Registry,1-core,False,1000,0.002,0.11175870895385742,0.09313225746154785,55.87935447692871,46.566128730773926,0.0039521781764999975,0.004761283203176625,-0.0006247771756833364,0.00018350370982661844,False,
netbox,default,S3,max,Google Artifact Registry,2-core,False,10,0.006,0.11175870895385742,0.09313225746154785,18.62645149230957,15.522042910257975,0.011856534529499993,0.018017566184679323,-0.0018743315270500095,0.004284227704629303,False,
netbox,default,S3,max,Google Artifact Registry,2-core,False,100,0.006,0.11175870895385742,0.09313225746154785,18.62645149230957,15.522042910257975,0.011856534529499993,0.014289635280313247,-0.0018743315270500095,0.0005562968002632261,False,
netbox,default,S3,max,Google Artifact Registry,2-core,False,1000,0.006,0.11175870895385742,0.09313225746154785,18.62645149230957,15.522042910257975,0.011856534529499993,0.01391684218987664,-0.0018743315270500095,0.00018350370982661844,False,
netbox,default,S3,max,Google Artifact Registry,4-core,True,10,0.012,0.11175870895385742,0.09313225746154785,9.313225746154785,7.761021455128987,0.023713069058999985,0.031750904664729344,-0.003748663054100019,0.004284227704629303,False,
netbox,default,S3,max,Google Artifact Registry,4-core,True,100,0.012,0.11175870895385742,0.09313225746154785,9.313225746154785,7.761021455128987,0.023713069058999985,0.028022973760363265,-0.003748663054100019,0.0005562968002632261,False,
netbox,default,S3,max,Google Artifact Registry,4-core,True,1000,0.012,0.11175870895385742,0.09313225746154785,9.313225746154785,7.761021455128987,0.023713069058999985,0.02765018066992666,-0.003748663054100019,0.00018350370982661844,False,
netbox,default,S3,max,Google Artifact Registry,8-core,False,10,0.022,0.11175870895385742,0.09313225746154785,5.079941316084429,4.233284430070357,0.043473959941499975,0.05463980213147937,-0.006872548932516701,0.004284227704629303,False,
netbox,default,S3,max,Google Artifact Registry,8-core,False,100,0.022,0.11175870895385742,0.09313225746154785,5.079941316084429,4.233284430070357,0.043473959941499975,0.0509118712271133,-0.006872548932516701,0.0005562968002632261,False,
netbox,default,S3,max,Google Artifact Registry,8-core,False,1000,0.022,0.11175870895385742,0.09313225746154785,5.079941316084429,4.233284430070357,0.043473959941499975,0.050539078136676685,-0.006872548932516701,0.00018350370982661844,False,
netbox,default,S3,max,Azure Container Registry,1-core,False,10,0.002,0.087,0.1,43.49999999999999,50.0,0.0039521781764999975,0.009135980056850006,-0.0006247771756833364,0.0045582005635,False,
netbox,default,S3,max,Azure Container Registry,1-core,False,100,0.002,0.087,0.1,43.49999999999999,50.0,0.0039521781764999975,0.005133144727850006,-0.0006247771756833364,0.0005553652345,False,
netbox,default,S3,max,Azure Container Registry,1-core,False,1000,0.002,0.087,0.1,43.49999999999999,50.0,0.0039521781764999975,0.004732861194950006,-0.0006247771756833364,0.0001550817016,False,
netbox,default,S3,max,Azure Container Registry,2-core,False,10,0.006,0.087,0.1,14.499999999999998,16.666666666666668,0.011856534529499993,0.01829153904355002,-0.0018743315270500095,0.0045582005635,False,
netbox,default,S3,max,Azure Container Registry,2-core,False,100,0.006,0.087,0.1,14.499999999999998,16.666666666666668,0.011856534529499993,0.01428870371455002,-0.0018743315270500095,0.0005553652345,False,
netbox,default,S3,max,Azure Container Registry,2-core,False,1000,0.006,0.087,0.1,14.499999999999998,16.666666666666668,0.011856534529499993,0.01388842018165002,-0.0018743315270500095,0.0001550817016,False,
netbox,default,S3,max,Azure Container Registry,4-core,True,10,0.012,0.087,0.1,7.249999999999999,8.333333333333334,0.023713069058999985,0.03202487752360004,-0.003748663054100019,0.0045582005635,False,
netbox,default,S3,max,Azure Container Registry,4-core,True,100,0.012,0.087,0.1,7.249999999999999,8.333333333333334,0.023713069058999985,0.02802204219460004,-0.003748663054100019,0.0005553652345,False,
netbox,default,S3,max,Azure Container Registry,4-core,True,1000,0.012,0.087,0.1,7.249999999999999,8.333333333333334,0.023713069058999985,0.02762175866170004,-0.003748663054100019,0.0001550817016,False,
netbox,default,S3,max,Azure Container Registry,8-core,False,10,0.022,0.087,0.1,3.9545454545454546,4.545454545454546,0.043473959941499975,0.05491377499035007,-0.006872548932516701,0.0045582005635,False,
netbox,default,S3,max,Azure Container Registry,8-core,False,100,0.022,0.087,0.1,3.9545454545454546,4.545454545454546,0.043473959941499975,0.05091093966135007,-0.006872548932516701,0.0005553652345,False,
netbox,default,S3,max,Azure Container Registry,8-core,False,1000,0.022,0.087,0.1,3.9545454545454546,4.545454545454546,0.043473959941499975,0.05051065612845007,-0.006872548932516701,0.0001550817016,False,
synthetic,large-long,S0,min,GitHub Container Registry,1-core,False,10,0.002,0.0,0.0,0.0,0.0,0.00298006701695,0.0004254388933999981,0.0025399262251000003,0.0,True,4.729529652620426
synthetic,large-long,S0,min,GitHub Container Registry,1-core,False,100,0.002,0.0,0.0,0.0,0.0,0.00298006701695,0.0004254388933999981,0.0025399262251000003,0.0,True,4.729529652620426
synthetic,large-long,S0,min,GitHub Container Registry,1-core,False,1000,0.002,0.0,0.0,0.0,0.0,0.00298006701695,0.0004254388933999981,0.0025399262251000003,0.0,True,4.729529652620426
synthetic,large-long,S0,min,GitHub Container Registry,2-core,False,10,0.006,0.0,0.0,0.0,0.0,0.00894020105085,0.0012763166801999944,0.0076197786753000015,0.0,True,4.729529652620426
synthetic,large-long,S0,min,GitHub Container Registry,2-core,False,100,0.006,0.0,0.0,0.0,0.0,0.00894020105085,0.0012763166801999944,0.0076197786753000015,0.0,True,4.729529652620426
synthetic,large-long,S0,min,GitHub Container Registry,2-core,False,1000,0.006,0.0,0.0,0.0,0.0,0.00894020105085,0.0012763166801999944,0.0076197786753000015,0.0,True,4.729529652620426
synthetic,large-long,S0,min,GitHub Container Registry,4-core,True,10,0.012,0.0,0.0,0.0,0.0,0.0178804021017,0.002552633360399989,0.015239557350600003,0.0,True,4.729529652620426
synthetic,large-long,S0,min,GitHub Container Registry,4-core,True,100,0.012,0.0,0.0,0.0,0.0,0.0178804021017,0.002552633360399989,0.015239557350600003,0.0,True,4.729529652620426
synthetic,large-long,S0,min,GitHub Container Registry,4-core,True,1000,0.012,0.0,0.0,0.0,0.0,0.0178804021017,0.002552633360399989,0.015239557350600003,0.0,True,4.729529652620426
synthetic,large-long,S0,min,GitHub Container Registry,8-core,False,10,0.022,0.0,0.0,0.0,0.0,0.03278073718644999,0.004679827827399979,0.027939188476100003,0.0,True,4.729529652620426
synthetic,large-long,S0,min,GitHub Container Registry,8-core,False,100,0.022,0.0,0.0,0.0,0.0,0.03278073718644999,0.004679827827399979,0.027939188476100003,0.0,True,4.729529652620426
synthetic,large-long,S0,min,GitHub Container Registry,8-core,False,1000,0.022,0.0,0.0,0.0,0.0,0.03278073718644999,0.004679827827399979,0.027939188476100003,0.0,True,4.729529652620426
synthetic,large-long,S0,min,Amazon ECR,1-core,False,10,0.002,0.09,0.1,45.0,50.0,0.00298006701695,0.027739450693399996,0.0025399262251000003,0.0273140118,False,-1.1311715218942484
synthetic,large-long,S0,min,Amazon ECR,1-core,False,100,0.002,0.09,0.1,45.0,50.0,0.00298006701695,0.024906785558899996,0.0025399262251000003,0.0244813466655,False,4.143459535168958
synthetic,large-long,S0,min,Amazon ECR,1-core,False,1000,0.002,0.09,0.1,45.0,50.0,0.00298006701695,0.024623519045449998,0.0025399262251000003,0.02419808015205,False,4.670922640875278
synthetic,large-long,S0,min,Amazon ECR,2-core,False,10,0.006,0.09,0.1,15.0,16.666666666666668,0.00894020105085,0.028590328480199993,0.0076197786753000015,0.0273140118,False,2.7759625944488673
synthetic,large-long,S0,min,Amazon ECR,2-core,False,100,0.006,0.09,0.1,15.0,16.666666666666668,0.00894020105085,0.025757663345699993,0.0076197786753000015,0.0244813466655,False,4.534172946803269
synthetic,large-long,S0,min,Amazon ECR,2-core,False,1000,0.006,0.09,0.1,15.0,16.666666666666668,0.00894020105085,0.025474396832249994,0.0076197786753000015,0.02419808015205,False,4.70999398203871
synthetic,large-long,S0,min,Amazon ECR,4-core,True,10,0.012,0.09,0.1,7.5,8.333333333333334,0.0178804021017,0.02986664516039999,0.015239557350600003,0.0273140118,False,3.7527461235346466
synthetic,large-long,S0,min,Amazon ECR,4-core,True,100,0.012,0.09,0.1,7.5,8.333333333333334,0.0178804021017,0.02703398002589999,0.015239557350600003,0.0244813466655,False,4.6318512997118475
synthetic,large-long,S0,min,Amazon ECR,4-core,True,1000,0.012,0.09,0.1,7.5,8.333333333333334,0.0178804021017,0.02675071351244999,0.015239557350600003,0.02419808015205,False,4.719761817329568
synthetic,large-long,S0,min,Amazon ECR,8-core,False,10,0.022,0.09,0.1,4.090909090909091,4.545454545454546,0.03278073718644999,0.031993839627399975,0.027939188476100003,0.0273140118,True,4.196738636755455
synthetic,large-long,S0,min,Amazon ECR,8-core,False,100,0.022,0.09,0.1,4.090909090909091,4.545454545454546,0.03278073718644999,0.02916117449289998,0.027939188476100003,0.0244813466655,True,4.676250551033928
synthetic,large-long,S0,min,Amazon ECR,8-core,False,1000,0.022,0.09,0.1,4.090909090909091,4.545454545454546,0.03278073718644999,0.02887790797944998,0.027939188476100003,0.02419808015205,True,4.7242017424617755
synthetic,large-long,S0,min,Google Artifact Registry,1-core,False,10,0.002,0.11175870895385742,0.09313225746154785,55.87935447692871,46.566128730773926,0.00298006701695,0.0333658966220914,0.0025399262251000003,0.0329404577286914,False,-0.72867365428054
synthetic,large-long,S0,min,Google Artifact Registry,1-core,False,100,0.002,0.11175870895385742,0.09313225746154785,55.87935447692871,46.566128730773926,0.00298006701695,0.030727771636005357,0.0025399262251000003,0.03030233274260536,False,4.183709321930329
synthetic,large-long,S0,min,Google Artifact Registry,1-core,False,1000,0.002,0.11175870895385742,0.09313225746154785,55.87935447692871,46.566128730773926,0.00298006701695,0.030463959137396752,0.0025399262251000003,0.030038520243996756,False,4.674947619551416
synthetic,large-long,S0,min,Google Artifact Registry,2-core,False,10,0.006,0.11175870895385742,0.09313225746154785,18.62645149230957,15.522042910257975,0.00894020105085,0.03421677440889139,0.0076197786753000015,0.0329404577286914,False,2.910128550320104
synthetic,large-long,S0,min,Google Artifact Registry,2-core,False,100,0.006,0.11175870895385742,0.09313225746154785,18.62645149230957,15.522042910257975,0.00894020105085,0.031578649422805354,0.0076197786753000015,0.03030233274260536,False,4.547589542390393
synthetic,large-long,S0,min,Google Artifact Registry,2-core,False,1000,0.006,0.11175870895385742,0.09313225746154785,18.62645149230957,15.522042910257975,0.00894020105085,0.03131483692419675,0.0076197786753000015,0.030038520243996756,False,4.711335641597422
synthetic,large-long,S0,min,Google Artifact Registry,4-core,True,10,0.012,0.11175870895385742,0.09313225746154785,9.313225746154785,7.761021455128987,0.0178804021017,0.035493091089091384,0.015239557350600003,0.0329404577286914,False,3.8198291014702646
synthetic,large-long,S0,min,Google Artifact Registry,4-core,True,100,0.012,0.11175870895385742,0.09313225746154785,9.313225746154785,7.761021455128987,0.0178804021017,0.03285496610300535,0.015239557350600003,0.03030233274260536,False,4.6385595975054095
synthetic,large-long,S0,min,Google Artifact Registry,4-core,True,1000,0.012,0.11175870895385742,0.09313225746154785,9.313225746154785,7.761021455128987,0.0178804021017,0.032591153604396746,0.015239557350600003,0.030038520243996756,False,4.7204326471089235
synthetic,large-long,S0,min,Google Artifact Registry,8-core,False,10,0.022,0.11175870895385742,0.09313225746154785,5.079941316084429,4.233284430070357,0.03278073718644999,0.03762028555609138,0.027939188476100003,0.0329404577286914,False,4.233329351993064
synthetic,large-long,S0,min,Google Artifact Registry,8-core,False,100,0.022,0.11175870895385742,0.09313225746154785,5.079941316084429,4.233284430070357,0.03278073718644999,0.03498216057000534,0.027939188476100003,0.03030233274260536,False,4.679909622557689
synthetic,large-long,S0,min,Google Artifact Registry,8-core,False,1000,0.022,0.11175870895385742,0.09313225746154785,5.079941316084429,4.233284430070357,0.03278073718644999,0.03471834807139673,0.027939188476100003,0.030038520243996756,False,4.724567649614152
synthetic,large-long,S0,min,Azure Container Registry,1-core,False,10,0.002,0.087,0.1,43.49999999999999,50.0,0.00298006701695,0.026933897156899995,0.0025399262251000003,0.026508458263499998,False,-1.1311715218942484
synthetic,large-long,S0,min,Azure Container Registry,1-core,False,100,0.002,0.087,0.1,43.49999999999999,50.0,0.00298006701695,0.024101232022399995,0.0025399262251000003,0.023675793129,False,4.143459535168958
synthetic,large-long,S0,min,Azure Container Registry,1-core,False,1000,0.002,0.087,0.1,43.49999999999999,50.0,0.00298006701695,0.023817965508949997,0.0025399262251000003,0.02339252661555,False,4.670922640875278
synthetic,large-long,S0,min,Azure Container Registry,2-core,False,10,0.006,0.087,0.1,14.499999999999998,16.666666666666668,0.00894020105085,0.02778477494369999,0.0076197786753000015,0.026508458263499998,False,2.7759625944488673
synthetic,large-long,S0,min,Azure Container Registry,2-core,False,100,0.006,0.087,0.1,14.499999999999998,16.666666666666668,0.00894020105085,0.024952109809199992,0.0076197786753000015,0.023675793129,False,4.534172946803269
synthetic,large-long,S0,min,Azure Container Registry,2-core,False,1000,0.006,0.087,0.1,14.499999999999998,16.666666666666668,0.00894020105085,0.024668843295749993,0.0076197786753000015,0.02339252661555,False,4.70999398203871
synthetic,large-long,S0,min,Azure Container Registry,4-core,True,10,0.012,0.087,0.1,7.249999999999999,8.333333333333334,0.0178804021017,0.029061091623899988,0.015239557350600003,0.026508458263499998,False,3.7527461235346466
synthetic,large-long,S0,min,Azure Container Registry,4-core,True,100,0.012,0.087,0.1,7.249999999999999,8.333333333333334,0.0178804021017,0.02622842648939999,0.015239557350600003,0.023675793129,False,4.6318512997118475
synthetic,large-long,S0,min,Azure Container Registry,4-core,True,1000,0.012,0.087,0.1,7.249999999999999,8.333333333333334,0.0178804021017,0.02594515997594999,0.015239557350600003,0.02339252661555,False,4.719761817329568
synthetic,large-long,S0,min,Azure Container Registry,8-core,False,10,0.022,0.087,0.1,3.9545454545454546,4.545454545454546,0.03278073718644999,0.031188286090899978,0.027939188476100003,0.026508458263499998,True,4.196738636755455
synthetic,large-long,S0,min,Azure Container Registry,8-core,False,100,0.022,0.087,0.1,3.9545454545454546,4.545454545454546,0.03278073718644999,0.028355620956399978,0.027939188476100003,0.023675793129,True,4.676250551033928
synthetic,large-long,S0,min,Azure Container Registry,8-core,False,1000,0.022,0.087,0.1,3.9545454545454546,4.545454545454546,0.03278073718644999,0.02807235444294998,0.027939188476100003,0.02339252661555,True,4.7242017424617755
synthetic,large-long,S0,max,GitHub Container Registry,1-core,False,10,0.002,0.0,0.0,0.0,0.0,0.00298006701695,0.0003856225138833338,0.002560732432533331,0.0,True,4.768272351756233
synthetic,large-long,S0,max,GitHub Container Registry,1-core,False,100,0.002,0.0,0.0,0.0,0.0,0.00298006701695,0.0003856225138833338,0.002560732432533331,0.0,True,4.768272351756233
synthetic,large-long,S0,max,GitHub Container Registry,1-core,False,1000,0.002,0.0,0.0,0.0,0.0,0.00298006701695,0.0003856225138833338,0.002560732432533331,0.0,True,4.768272351756233
synthetic,large-long,S0,max,GitHub Container Registry,2-core,False,10,0.006,0.0,0.0,0.0,0.0,0.00894020105085,0.0011568675416500013,0.007682197297599992,0.0,True,4.768272351756233
synthetic,large-long,S0,max,GitHub Container Registry,2-core,False,100,0.006,0.0,0.0,0.0,0.0,0.00894020105085,0.0011568675416500013,0.007682197297599992,0.0,True,4.768272351756233
synthetic,large-long,S0,max,GitHub Container Registry,2-core,False,1000,0.006,0.0,0.0,0.0,0.0,0.00894020105085,0.0011568675416500013,0.007682197297599992,0.0,True,4.768272351756233
synthetic,large-long,S0,max,GitHub Container Registry,4-core,True,10,0.012,0.0,0.0,0.0,0.0,0.0178804021017,0.0023137350833000027,0.015364394595199985,0.0,True,4.768272351756233
synthetic,large-long,S0,max,GitHub Container Registry,4-core,True,100,0.012,0.0,0.0,0.0,0.0,0.0178804021017,0.0023137350833000027,0.015364394595199985,0.0,True,4.768272351756233
synthetic,large-long,S0,max,GitHub Container Registry,4-core,True,1000,0.012,0.0,0.0,0.0,0.0,0.0178804021017,0.0023137350833000027,0.015364394595199985,0.0,True,4.768272351756233
synthetic,large-long,S0,max,GitHub Container Registry,8-core,False,10,0.022,0.0,0.0,0.0,0.0,0.03278073718644999,0.0042418476527166715,0.028168056757866638,0.0,True,4.768272351756233
synthetic,large-long,S0,max,GitHub Container Registry,8-core,False,100,0.022,0.0,0.0,0.0,0.0,0.03278073718644999,0.0042418476527166715,0.028168056757866638,0.0,True,4.768272351756233
synthetic,large-long,S0,max,GitHub Container Registry,8-core,False,1000,0.022,0.0,0.0,0.0,0.0,0.03278073718644999,0.0042418476527166715,0.028168056757866638,0.0,True,4.768272351756233
synthetic,large-long,S0,max,Amazon ECR,1-core,False,10,0.002,0.09,0.1,45.0,50.0,0.00298006701695,0.03844331182888333,0.002560732432533331,0.038057689315,False,-21.097947573031266
synthetic,large-long,S0,max,Amazon ECR,1-core,False,100,0.002,0.09,0.1,45.0,50.0,0.00298006701695,0.025941336890383332,0.002560732432533331,0.025555714376499998,False,2.1816503592774827
synthetic,large-long,S0,max,Amazon ECR,1-core,False,1000,0.002,0.09,0.1,45.0,50.0,0.00298006701695,0.02469113939653333,0.002560732432533331,0.024305516882649997,False,4.509610152508357
synthetic,large-long,S0,max,Amazon ECR,2-core,False,10,0.006,0.09,0.1,15.0,16.666666666666668,0.00894020105085,0.03921455685665,0.007682197297599992,0.038057689315,False,-3.8538009565062663
synthetic,large-long,S0,max,Amazon ECR,2-core,False,100,0.006,0.09,0.1,15.0,16.666666666666668,0.00894020105085,0.02671258191815,0.007682197297599992,0.025555714376499998,False,3.9060650209299825
synthetic,large-long,S0,max,Amazon ECR,2-core,False,1000,0.006,0.09,0.1,15.0,16.666666666666668,0.00894020105085,0.0254623844243,0.007682197297599992,0.024305516882649997,False,4.682051618673608
synthetic,large-long,S0,max,Amazon ECR,4-core,True,10,0.012,0.09,0.1,7.5,8.333333333333334,0.0178804021017,0.0403714243983,0.015364394595199985,0.038057689315,False,0.457235697624983
synthetic,large-long,S0,max,Amazon ECR,4-core,True,100,0.012,0.09,0.1,7.5,8.333333333333334,0.0178804021017,0.0278694494598,0.015364394595199985,0.025555714376499998,False,4.337168686343108
synthetic,large-long,S0,max,Amazon ECR,4-core,True,1000,0.012,0.09,0.1,7.5,8.333333333333334,0.0178804021017,0.02661925196595,0.015364394595199985,0.024305516882649997,False,4.72516198521492
synthetic,large-long,S0,max,Amazon ECR,8-core,False,10,0.022,0.09,0.1,4.090909090909091,4.545454545454546,0.03278073718644999,0.04229953696771667,0.028168056757866638,0.038057689315,False,2.4167978131391874
synthetic,large-long,S0,max,Amazon ECR,8-core,False,100,0.022,0.09,0.1,4.090909090909091,4.545454545454546,0.03278073718644999,0.02979756202921667,0.028168056757866638,0.025555714376499998,True,4.5331248978945275
synthetic,large-long,S0,max,Amazon ECR,8-core,False,1000,0.022,0.09,0.1,4.090909090909091,4.545454545454546,0.03278073718644999,0.02854736453536667,0.028168056757866638,0.024305516882649997,True,4.744757606370062
synthetic,large-long,S0,max,Google Artifact Registry,1-core,False,10,0.002,0.11175870895385742,0.09313225746154785,55.87935447692871,46.566128730773926,0.00298006701695,0.04333190963271312,0.002560732432533331,0.042946287118829786,False,-19.321522184167048
synthetic,large-long,S0,max,Google Artifact Registry,1-core,False,100,0.002,0.11175870895385742,0.09313225746154785,55.87935447692871,46.566128730773926,0.00298006701695,0.03168853814521111,0.002560732432533331,0.031302915631327775,False,2.359292898163904
synthetic,large-long,S0,max,Google Artifact Registry,1-core,False,1000,0.002,0.11175870895385742,0.09313225746154785,55.87935447692871,46.566128730773926,0.00298006701695,0.030524200996460908,0.002560732432533331,0.030138578482577574,False,4.527374406397
synthetic,large-long,S0,max,Google Artifact Registry,2-core,False,10,0.006,0.11175870895385742,0.09313225746154785,18.62645149230957,15.522042910257975,0.00894020105085,0.04410315466047979,0.007682197297599992,0.042946287118829786,False,-3.2616591602181937
synthetic,large-long,S0,max,Google Artifact Registry,2-core,False,100,0.006,0.11175870895385742,0.09313225746154785,18.62645149230957,15.522042910257975,0.00894020105085,0.03245978317297778,0.007682197297599992,0.031302915631327775,False,3.9652792005587902
synthetic,large-long,S0,max,Google Artifact Registry,2-core,False,1000,0.006,0.11175870895385742,0.09313225746154785,18.62645149230957,15.522042910257975,0.00894020105085,0.031295446024227576,0.007682197297599992,0.030138578482577574,False,4.687973036636488
synthetic,large-long,S0,max,Google Artifact Registry,4-core,True,10,0.012,0.11175870895385742,0.09313225746154785,9.313225746154785,7.761021455128987,0.0178804021017,0.04526002220212979,0.015364394595199985,0.042946287118829786,False,0.7533065957690193
synthetic,large-long,S0,max,Google Artifact Registry,4-core,True,100,0.012,0.11175870895385742,0.09313225746154785,9.313225746154785,7.761021455128987,0.0178804021017,0.03361665071462778,0.015364394595199985,0.031302915631327775,False,4.366775776157511
synthetic,large-long,S0,max,Google Artifact Registry,4-core,True,1000,0.012,0.11175870895385742,0.09313225746154785,9.313225746154785,7.761021455128987,0.0178804021017,0.03245231356587758,0.015364394595199985,0.030138578482577574,False,4.72812269419636
synthetic,large-long,S0,max,Google Artifact Registry,8-core,False,10,0.022,0.11175870895385742,0.09313225746154785,5.079941316084429,4.233284430070357,0.03278073718644999,0.04718813477154646,0.028168056757866638,0.042946287118829786,False,2.578291030308661
synthetic,large-long,S0,max,Google Artifact Registry,8-core,False,100,0.022,0.11175870895385742,0.09313225746154785,5.079941316084429,4.233284430070357,0.03278073718644999,0.03554476328404445,0.028168056757866638,0.031302915631327775,False,4.549274219611475
synthetic,large-long,S0,max,Google Artifact Registry,8-core,False,1000,0.022,0.11175870895385742,0.09313225746154785,5.079941316084429,4.233284430070357,0.03278073718644999,0.03438042613529425,0.028168056757866638,0.030138578482577574,False,4.746372538541756
synthetic,large-long,S0,max,Azure Container Registry,1-core,False,10,0.002,0.087,0.1,43.49999999999999,50.0,0.00298006701695,0.037637758293883335,0.002560732432533331,0.03725213578,False,-21.097947573031266
synthetic,large-long,S0,max,Azure Container Registry,1-core,False,100,0.002,0.087,0.1,43.49999999999999,50.0,0.00298006701695,0.025135783355383332,0.002560732432533331,0.0247501608415,False,2.1816503592774827
synthetic,large-long,S0,max,Azure Container Registry,1-core,False,1000,0.002,0.087,0.1,43.49999999999999,50.0,0.00298006701695,0.02388558586153333,0.002560732432533331,0.023499963347649998,False,4.509610152508357
synthetic,large-long,S0,max,Azure Container Registry,2-core,False,10,0.006,0.087,0.1,14.499999999999998,16.666666666666668,0.00894020105085,0.03840900332165,0.007682197297599992,0.03725213578,False,-3.8538009565062663
synthetic,large-long,S0,max,Azure Container Registry,2-core,False,100,0.006,0.087,0.1,14.499999999999998,16.666666666666668,0.00894020105085,0.02590702838315,0.007682197297599992,0.0247501608415,False,3.9060650209299825
synthetic,large-long,S0,max,Azure Container Registry,2-core,False,1000,0.006,0.087,0.1,14.499999999999998,16.666666666666668,0.00894020105085,0.0246568308893,0.007682197297599992,0.023499963347649998,False,4.682051618673608
synthetic,large-long,S0,max,Azure Container Registry,4-core,True,10,0.012,0.087,0.1,7.249999999999999,8.333333333333334,0.0178804021017,0.039565870863300004,0.015364394595199985,0.03725213578,False,0.457235697624983
synthetic,large-long,S0,max,Azure Container Registry,4-core,True,100,0.012,0.087,0.1,7.249999999999999,8.333333333333334,0.0178804021017,0.0270638959248,0.015364394595199985,0.0247501608415,False,4.337168686343108
synthetic,large-long,S0,max,Azure Container Registry,4-core,True,1000,0.012,0.087,0.1,7.249999999999999,8.333333333333334,0.0178804021017,0.02581369843095,0.015364394595199985,0.023499963347649998,False,4.72516198521492
synthetic,large-long,S0,max,Azure Container Registry,8-core,False,10,0.022,0.087,0.1,3.9545454545454546,4.545454545454546,0.03278073718644999,0.04149398343271667,0.028168056757866638,0.03725213578,False,2.4167978131391874
synthetic,large-long,S0,max,Azure Container Registry,8-core,False,100,0.022,0.087,0.1,3.9545454545454546,4.545454545454546,0.03278073718644999,0.02899200849421667,0.028168056757866638,0.0247501608415,True,4.5331248978945275
synthetic,large-long,S0,max,Azure Container Registry,8-core,False,1000,0.022,0.087,0.1,3.9545454545454546,4.545454545454546,0.03278073718644999,0.02774181100036667,0.028168056757866638,0.023499963347649998,True,4.744757606370062
synthetic,large-long,S1,min,GitHub Container Registry,1-core,False,10,0.002,0.0,0.0,0.0,0.0,0.004311336311833327,0.004622460360716669,-0.0003129749023999958,0.0,False,
synthetic,large-long,S1,min,GitHub Container Registry,1-core,False,100,0.002,0.0,0.0,0.0,0.0,0.004311336311833327,0.004622460360716669,-0.0003129749023999958,0.0,False,
synthetic,large-long,S1,min,GitHub Container Registry,1-core,False,1000,0.002,0.0,0.0,0.0,0.0,0.004311336311833327,0.004622460360716669,-0.0003129749023999958,0.0,False,
synthetic,large-long,S1,min,GitHub Container Registry,2-core,False,10,0.006,0.0,0.0,0.0,0.0,0.012934008935499982,0.013867381082150007,-0.0009389247071999874,0.0,False,
synthetic,large-long,S1,min,GitHub Container Registry,2-core,False,100,0.006,0.0,0.0,0.0,0.0,0.012934008935499982,0.013867381082150007,-0.0009389247071999874,0.0,False,
synthetic,large-long,S1,min,GitHub Container Registry,2-core,False,1000,0.006,0.0,0.0,0.0,0.0,0.012934008935499982,0.013867381082150007,-0.0009389247071999874,0.0,False,
synthetic,large-long,S1,min,GitHub Container Registry,4-core,True,10,0.012,0.0,0.0,0.0,0.0,0.025868017870999963,0.027734762164300014,-0.0018778494143999748,0.0,False,
synthetic,large-long,S1,min,GitHub Container Registry,4-core,True,100,0.012,0.0,0.0,0.0,0.0,0.025868017870999963,0.027734762164300014,-0.0018778494143999748,0.0,False,
synthetic,large-long,S1,min,GitHub Container Registry,4-core,True,1000,0.012,0.0,0.0,0.0,0.0,0.025868017870999963,0.027734762164300014,-0.0018778494143999748,0.0,False,
synthetic,large-long,S1,min,GitHub Container Registry,8-core,False,10,0.022,0.0,0.0,0.0,0.0,0.0474246994301666,0.05084706396788336,-0.0034427239263999537,0.0,False,
synthetic,large-long,S1,min,GitHub Container Registry,8-core,False,100,0.022,0.0,0.0,0.0,0.0,0.0474246994301666,0.05084706396788336,-0.0034427239263999537,0.0,False,
synthetic,large-long,S1,min,GitHub Container Registry,8-core,False,1000,0.022,0.0,0.0,0.0,0.0,0.0474246994301666,0.05084706396788336,-0.0034427239263999537,0.0,False,
synthetic,large-long,S1,min,Amazon ECR,1-core,False,10,0.002,0.09,0.1,45.0,50.0,0.004311336311833327,0.00776987437571667,-0.0003129749023999958,0.0031474140150000007,False,
synthetic,large-long,S1,min,Amazon ECR,1-core,False,100,0.002,0.09,0.1,45.0,50.0,0.004311336311833327,0.004937209254716669,-0.0003129749023999958,0.00031474889400000006,False,
synthetic,large-long,S1,min,Amazon ECR,1-core,False,1000,0.002,0.09,0.1,45.0,50.0,0.004311336311833327,0.004653942742616669,-0.0003129749023999958,3.148238190000001e-05,False,
synthetic,large-long,S1,min,Amazon ECR,2-core,False,10,0.006,0.09,0.1,15.0,16.666666666666668,0.012934008935499982,0.01701479509715001,-0.0009389247071999874,0.0031474140150000007,False,
synthetic,large-long,S1,min,Amazon ECR,2-core,False,100,0.006,0.09,0.1,15.0,16.666666666666668,0.012934008935499982,0.014182129976150008,-0.0009389247071999874,0.00031474889400000006,False,
synthetic,large-long,S1,min,Amazon ECR,2-core,False,1000,0.006,0.09,0.1,15.0,16.666666666666668,0.012934008935499982,0.013898863464050008,-0.0009389247071999874,3.148238190000001e-05,False,
synthetic,large-long,S1,min,Amazon ECR,4-core,True,10,0.012,0.09,0.1,7.5,8.333333333333334,0.025868017870999963,0.030882176179300017,-0.0018778494143999748,0.0031474140150000007,False,
synthetic,large-long,S1,min,Amazon ECR,4-core,True,100,0.012,0.09,0.1,7.5,8.333333333333334,0.025868017870999963,0.028049511058300013,-0.0018778494143999748,0.00031474889400000006,False,
synthetic,large-long,S1,min,Amazon ECR,4-core,True,1000,0.012,0.09,0.1,7.5,8.333333333333334,0.025868017870999963,0.027766244546200015,-0.0018778494143999748,3.148238190000001e-05,False,
synthetic,large-long,S1,min,Amazon ECR,8-core,False,10,0.022,0.09,0.1,4.090909090909091,4.545454545454546,0.0474246994301666,0.053994477982883364,-0.0034427239263999537,0.0031474140150000007,False,
synthetic,large-long,S1,min,Amazon ECR,8-core,False,100,0.022,0.09,0.1,4.090909090909091,4.545454545454546,0.0474246994301666,0.051161812861883364,-0.0034427239263999537,0.00031474889400000006,False,
synthetic,large-long,S1,min,Amazon ECR,8-core,False,1000,0.022,0.09,0.1,4.090909090909091,4.545454545454546,0.0474246994301666,0.05087854634978336,-0.0034427239263999537,3.148238190000001e-05,False,
synthetic,large-long,S1,min,Google Artifact Registry,1-core,False,10,0.002,0.11175870895385742,0.09313225746154785,55.87935447692871,46.566128730773926,0.004311336311833327,0.007553720668967454,-0.0003129749023999958,0.0029312603082507853,False,
synthetic,large-long,S1,min,Google Artifact Registry,1-core,False,100,0.002,0.11175870895385742,0.09313225746154785,55.87935447692871,46.566128730773926,0.004311336311833327,0.004915595695454268,-0.0003129749023999958,0.0002931353347375989,False,
synthetic,large-long,S1,min,Google Artifact Registry,1-core,False,1000,0.002,0.11175870895385742,0.09313225746154785,55.87935447692871,46.566128730773926,0.004311336311833327,0.0046517831981029495,-0.0003129749023999958,2.93228373862803e-05,False,
synthetic,large-long,S1,min,Google Artifact Registry,2-core,False,10,0.006,0.11175870895385742,0.09313225746154785,18.62645149230957,15.522042910257975,0.012934008935499982,0.01679864139040079,-0.0009389247071999874,0.0029312603082507853,False,
synthetic,large-long,S1,min,Google Artifact Registry,2-core,False,100,0.006,0.11175870895385742,0.09313225746154785,18.62645149230957,15.522042910257975,0.012934008935499982,0.014160516416887606,-0.0009389247071999874,0.0002931353347375989,False,
synthetic,large-long,S1,min,Google Artifact Registry,2-core,False,1000,0.006,0.11175870895385742,0.09313225746154785,18.62645149230957,15.522042910257975,0.012934008935499982,0.013896703919536287,-0.0009389247071999874,2.93228373862803e-05,False,
synthetic,large-long,S1,min,Google Artifact Registry,4-core,True,10,0.012,0.11175870895385742,0.09313225746154785,9.313225746154785,7.761021455128987,0.025868017870999963,0.030666022472550798,-0.0018778494143999748,0.0029312603082507853,False,
synthetic,large-long,S1,min,Google Artifact Registry,4-core,True,100,0.012,0.11175870895385742,0.09313225746154785,9.313225746154785,7.761021455128987,0.025868017870999963,0.028027897499037613,-0.0018778494143999748,0.0002931353347375989,False,
synthetic,large-long,S1,min,Google Artifact Registry,4-core,True,1000,0.012,0.11175870895385742,0.09313225746154785,9.313225746154785,7.761021455128987,0.025868017870999963,0.027764085001686294,-0.0018778494143999748,2.93228373862803e-05,False,
synthetic,large-long,S1,min,Google Artifact Registry,8-core,False,10,0.022,0.11175870895385742,0.09313225746154785,5.079941316084429,4.233284430070357,0.0474246994301666,0.053778324276134146,-0.0034427239263999537,0.0029312603082507853,False,
synthetic,large-long,S1,min,Google Artifact Registry,8-core,False,100,0.022,0.11175870895385742,0.09313225746154785,5.079941316084429,4.233284430070357,0.0474246994301666,0.05114019930262096,-0.0034427239263999537,0.0002931353347375989,False,
synthetic,large-long,S1,min,Google Artifact Registry,8-core,False,1000,0.022,0.11175870895385742,0.09313225746154785,5.079941316084429,4.233284430070357,0.0474246994301666,0.050876386805269645,-0.0034427239263999537,2.93228373862803e-05,False,
synthetic,large-long,S1,min,Azure Container Registry,1-core,False,10,0.002,0.087,0.1,43.49999999999999,50.0,0.004311336311833327,0.0077698740982166704,-0.0003129749023999958,0.0031474137375000007,False,
synthetic,large-long,S1,min,Azure Container Registry,1-core,False,100,0.002,0.087,0.1,43.49999999999999,50.0,0.004311336311833327,0.004937208977216669,-0.0003129749023999958,0.00031474861650000003,False,
synthetic,large-long,S1,min,Azure Container Registry,1-core,False,1000,0.002,0.087,0.1,43.49999999999999,50.0,0.004311336311833327,0.0046539424651166695,-0.0003129749023999958,3.1482104400000005e-05,False,
synthetic,large-long,S1,min,Azure Container Registry,2-core,False,10,0.006,0.087,0.1,14.499999999999998,16.666666666666668,0.012934008935499982,0.017014794819650007,-0.0009389247071999874,0.0031474137375000007,False,
synthetic,large-long,S1,min,Azure Container Registry,2-core,False,100,0.006,0.087,0.1,14.499999999999998,16.666666666666668,0.012934008935499982,0.014182129698650008,-0.0009389247071999874,0.00031474861650000003,False,
synthetic,large-long,S1,min,Azure Container Registry,2-core,False,1000,0.006,0.087,0.1,14.499999999999998,16.666666666666668,0.012934008935499982,0.013898863186550007,-0.0009389247071999874,3.1482104400000005e-05,False,
synthetic,large-long,S1,min,Azure Container Registry,4-core,True,10,0.012,0.087,0.1,7.249999999999999,8.333333333333334,0.025868017870999963,0.030882175901800014,-0.0018778494143999748,0.0031474137375000007,False,
synthetic,large-long,S1,min,Azure Container Registry,4-core,True,100,0.012,0.087,0.1,7.249999999999999,8.333333333333334,0.025868017870999963,0.028049510780800015,-0.0018778494143999748,0.00031474861650000003,False,
synthetic,large-long,S1,min,Azure Container Registry,4-core,True,1000,0.012,0.087,0.1,7.249999999999999,8.333333333333334,0.025868017870999963,0.027766244268700013,-0.0018778494143999748,3.1482104400000005e-05,False,
synthetic,large-long,S1,min,Azure Container Registry,8-core,False,10,0.022,0.087,0.1,3.9545454545454546,4.545454545454546,0.0474246994301666,0.05399447770538336,-0.0034427239263999537,0.0031474137375000007,False,
synthetic,large-long,S1,min,Azure Container Registry,8-core,False,100,0.022,0.087,0.1,3.9545454545454546,4.545454545454546,0.0474246994301666,0.05116181258438336,-0.0034427239263999537,0.00031474861650000003,False,
synthetic,large-long,S1,min,Azure Container Registry,8-core,False,1000,0.022,0.087,0.1,3.9545454545454546,4.545454545454546,0.0474246994301666,0.050878546072283364,-0.0034427239263999537,3.1482104400000005e-05,False,
synthetic,large-long,S1,max,GitHub Container Registry,1-core,False,10,0.002,0.0,0.0,0.0,0.0,0.004311336311833327,0.0030855195978166648,0.0011288695294666734,0.0,True,1.0504414734296743
synthetic,large-long,S1,max,GitHub Container Registry,1-core,False,100,0.002,0.0,0.0,0.0,0.0,0.004311336311833327,0.0030855195978166648,0.0011288695294666734,0.0,True,1.0504414734296743
synthetic,large-long,S1,max,GitHub Container Registry,1-core,False,1000,0.002,0.0,0.0,0.0,0.0,0.004311336311833327,0.0030855195978166648,0.0011288695294666734,0.0,True,1.0504414734296743
synthetic,large-long,S1,max,GitHub Container Registry,2-core,False,10,0.006,0.0,0.0,0.0,0.0,0.012934008935499982,0.009256558793449995,0.00338660858840002,0.0,True,1.0504414734296743
synthetic,large-long,S1,max,GitHub Container Registry,2-core,False,100,0.006,0.0,0.0,0.0,0.0,0.012934008935499982,0.009256558793449995,0.00338660858840002,0.0,True,1.0504414734296743
synthetic,large-long,S1,max,GitHub Container Registry,2-core,False,1000,0.006,0.0,0.0,0.0,0.0,0.012934008935499982,0.009256558793449995,0.00338660858840002,0.0,True,1.0504414734296743
synthetic,large-long,S1,max,GitHub Container Registry,4-core,True,10,0.012,0.0,0.0,0.0,0.0,0.025868017870999963,0.01851311758689999,0.00677321717680004,0.0,True,1.0504414734296743
synthetic,large-long,S1,max,GitHub Container Registry,4-core,True,100,0.012,0.0,0.0,0.0,0.0,0.025868017870999963,0.01851311758689999,0.00677321717680004,0.0,True,1.0504414734296743
synthetic,large-long,S1,max,GitHub Container Registry,4-core,True,1000,0.012,0.0,0.0,0.0,0.0,0.025868017870999963,0.01851311758689999,0.00677321717680004,0.0,True,1.0504414734296743
synthetic,large-long,S1,max,GitHub Container Registry,8-core,False,10,0.022,0.0,0.0,0.0,0.0,0.0474246994301666,0.03394071557598331,0.012417564824133406,0.0,True,1.0504414734296743
synthetic,large-long,S1,max,GitHub Container Registry,8-core,False,100,0.022,0.0,0.0,0.0,0.0,0.0474246994301666,0.03394071557598331,0.012417564824133406,0.0,True,1.0504414734296743
synthetic,large-long,S1,max,GitHub Container Registry,8-core,False,1000,0.022,0.0,0.0,0.0,0.0,0.0474246994301666,0.03394071557598331,0.012417564824133406,0.0,True,1.0504414734296743
synthetic,large-long,S1,max,Amazon ECR,1-core,False,10,0.002,0.09,0.1,45.0,50.0,0.004311336311833327,0.06533639290281666,0.0011288695294666734,0.062250873305,False,-11.87556092977246
synthetic,large-long,S1,max,Amazon ECR,1-core,False,100,0.002,0.09,0.1,45.0,50.0,0.004311336311833327,0.052834417725816665,0.0011288695294666734,0.049748898128,False,-0.24215876689053922
synthetic,large-long,S1,max,Amazon ECR,1-core,False,1000,0.002,0.09,0.1,45.0,50.0,0.004311336311833327,0.05158422020811667,0.0011288695294666734,0.048498700610300004,False,0.9211814493976529
synthetic,large-long,S1,max,Amazon ECR,2-core,False,10,0.006,0.09,0.1,15.0,16.666666666666668,0.012934008935499982,0.07150743209845,0.00338660858840002,0.062250873305,False,-3.2582259943043708
synthetic,large-long,S1,max,Amazon ECR,2-core,False,100,0.006,0.09,0.1,15.0,16.666666666666668,0.012934008935499982,0.05900545692145,0.00338660858840002,0.049748898128,False,0.6195747266562699
synthetic,large-long,S1,max,Amazon ECR,2-core,False,1000,0.006,0.09,0.1,15.0,16.666666666666668,0.012934008935499982,0.057755259403749995,0.00338660858840002,0.048498700610300004,False,1.007354798752334
synthetic,large-long,S1,max,Amazon ECR,4-core,True,10,0.012,0.09,0.1,7.5,8.333333333333334,0.025868017870999963,0.08076399089189999,0.00677321717680004,0.062250873305,False,-1.103892260437348
synthetic,large-long,S1,max,Amazon ECR,4-core,True,100,0.012,0.09,0.1,7.5,8.333333333333334,0.025868017870999963,0.06826201571489998,0.00677321717680004,0.049748898128,False,0.8350081000429721
synthetic,large-long,S1,max,Amazon ECR,4-core,True,1000,0.012,0.09,0.1,7.5,8.333333333333334,0.025868017870999963,0.0670118181972,0.00677321717680004,0.048498700610300004,False,1.0288981360910041
synthetic,large-long,S1,max,Amazon ECR,8-core,False,10,0.022,0.09,0.1,4.090909090909091,4.545454545454546,0.0474246994301666,0.09619158888098331,0.012417564824133406,0.062250873305,False,-0.12464965413415616
synthetic,large-long,S1,max,Amazon ECR,8-core,False,100,0.022,0.09,0.1,4.090909090909091,4.545454545454546,0.0474246994301666,0.08368961370398331,0.012417564824133406,0.049748898128,False,0.9329323606732912
synthetic,large-long,S1,max,Amazon ECR,8-core,False,1000,0.022,0.09,0.1,4.090909090909091,4.545454545454546,0.0474246994301666,0.08243941618628331,0.012417564824133406,0.048498700610300004,False,1.038690562154036
synthetic,large-long,S1,max,Google Artifact Registry,1-core,False,10,0.002,0.11175870895385742,0.09313225746154785,55.87935447692871,46.566128730773926,0.004311336311833327,0.07607401783666333,0.0011288695294666734,0.07298849823884666,False,-10.9878363642064
synthetic,large-long,S1,max,Google Artifact Registry,1-core,False,100,0.002,0.11175870895385742,0.09313225746154785,55.87935447692871,46.566128730773926,0.004311336311833327,0.06443064612704089,0.0011288695294666734,0.06134512652922422,False,-0.1533863103339331
synthetic,large-long,S1,max,Google Artifact Registry,1-core,False,1000,0.002,0.11175870895385742,0.09313225746154785,55.87935447692871,46.566128730773926,0.004311336311833327,0.06326630895607864,0.0011288695294666734,0.060180789358261974,False,0.9300586950533136
synthetic,large-long,S1,max,Google Artifact Registry,2-core,False,10,0.006,0.11175870895385742,0.09313225746154785,18.62645149230957,15.522042910257975,0.012934008935499982,0.08224505703229666,0.00338660858840002,0.07298849823884666,False,-2.96231780578235
synthetic,large-long,S1,max,Google Artifact Registry,2-core,False,100,0.006,0.11175870895385742,0.09313225746154785,18.62645149230957,15.522042910257975,0.012934008935499982,0.07060168532267422,0.00338660858840002,0.06134512652922422,False,0.6491655455084718
synthetic,large-long,S1,max,Google Artifact Registry,2-core,False,1000,0.006,0.11175870895385742,0.09313225746154785,18.62645149230957,15.522042910257975,0.012934008935499982,0.06943734815171197,0.00338660858840002,0.060180789358261974,False,1.010313880637554
synthetic,large-long,S1,max,Google Artifact Registry,4-core,True,10,0.012,0.11175870895385742,0.09313225746154785,9.313225746154785,7.761021455128987,0.025868017870999963,0.09150161582574665,0.00677321717680004,0.07298849823884666,False,-0.9559381661763378
synthetic,large-long,S1,max,Google Artifact Registry,4-core,True,100,0.012,0.11175870895385742,0.09313225746154785,9.313225746154785,7.761021455128987,0.025868017870999963,0.07985824411612422,0.00677321717680004,0.06134512652922422,False,0.8498035094690731
synthetic,large-long,S1,max,Google Artifact Registry,4-core,True,1000,0.012,0.11175870895385742,0.09313225746154785,9.313225746154785,7.761021455128987,0.025868017870999963,0.07869390694516196,0.00677321717680004,0.060180789358261974,False,1.0303776770336142
synthetic,large-long,S1,max,Google Artifact Registry,8-core,False,10,0.022,0.11175870895385742,0.09313225746154785,5.079941316084429,4.233284430070357,0.0474246994301666,0.10692921381482998,0.012417564824133406,0.07298849823884666,False,-0.04394742090087793
synthetic,large-long,S1,max,Google Artifact Registry,8-core,False,100,0.022,0.11175870895385742,0.09313225746154785,5.079941316084429,4.233284430070357,0.0474246994301666,0.09528584210520753,0.012417564824133406,0.06134512652922422,False,0.9410025839966191
synthetic,large-long,S1,max,Google Artifact Registry,8-core,False,1000,0.022,0.11175870895385742,0.09313225746154785,5.079941316084429,4.233284430070357,0.0474246994301666,0.09412150493424529,0.012417564824133406,0.060180789358261974,False,1.0394975844863688
synthetic,large-long,S1,max,Azure Container Registry,1-core,False,10,0.002,0.087,0.1,43.49999999999999,50.0,0.004311336311833327,0.06372439991031666,0.0011288695294666734,0.0606388803125,False,-11.87556092977246
synthetic,large-long,S1,max,Azure Container Registry,1-core,False,100,0.002,0.087,0.1,43.49999999999999,50.0,0.004311336311833327,0.05122242473331666,0.0011288695294666734,0.048136905135499994,False,-0.24215876689053922
synthetic,large-long,S1,max,Azure Container Registry,1-core,False,1000,0.002,0.087,0.1,43.49999999999999,50.0,0.004311336311833327,0.049972227215616664,0.0011288695294666734,0.0468867076178,False,0.9211814493976529
synthetic,large-long,S1,max,Azure Container Registry,2-core,False,10,0.006,0.087,0.1,14.499999999999998,16.666666666666668,0.012934008935499982,0.06989543910594999,0.00338660858840002,0.0606388803125,False,-3.2582259943043708
synthetic,large-long,S1,max,Azure Container Registry,2-core,False,100,0.006,0.087,0.1,14.499999999999998,16.666666666666668,0.012934008935499982,0.05739346392894999,0.00338660858840002,0.048136905135499994,False,0.6195747266562699
synthetic,large-long,S1,max,Azure Container Registry,2-core,False,1000,0.006,0.087,0.1,14.499999999999998,16.666666666666668,0.012934008935499982,0.05614326641124999,0.00338660858840002,0.0468867076178,False,1.007354798752334
synthetic,large-long,S1,max,Azure Container Registry,4-core,True,10,0.012,0.087,0.1,7.249999999999999,8.333333333333334,0.025868017870999963,0.07915199789939999,0.00677321717680004,0.0606388803125,False,-1.103892260437348
synthetic,large-long,S1,max,Azure Container Registry,4-core,True,100,0.012,0.087,0.1,7.249999999999999,8.333333333333334,0.025868017870999963,0.06665002272239998,0.00677321717680004,0.048136905135499994,False,0.8350081000429721
synthetic,large-long,S1,max,Azure Container Registry,4-core,True,1000,0.012,0.087,0.1,7.249999999999999,8.333333333333334,0.025868017870999963,0.06539982520469999,0.00677321717680004,0.0468867076178,False,1.0288981360910041
synthetic,large-long,S1,max,Azure Container Registry,8-core,False,10,0.022,0.087,0.1,3.9545454545454546,4.545454545454546,0.0474246994301666,0.0945795958884833,0.012417564824133406,0.0606388803125,False,-0.12464965413415616
synthetic,large-long,S1,max,Azure Container Registry,8-core,False,100,0.022,0.087,0.1,3.9545454545454546,4.545454545454546,0.0474246994301666,0.0820776207114833,0.012417564824133406,0.048136905135499994,False,0.9329323606732912
synthetic,large-long,S1,max,Azure Container Registry,8-core,False,1000,0.022,0.087,0.1,3.9545454545454546,4.545454545454546,0.0474246994301666,0.0808274231937833,0.012417564824133406,0.0468867076178,False,1.038690562154036
synthetic,large-long,S2,min,GitHub Container Registry,1-core,False,10,0.002,0.0,0.0,0.0,0.0,0.004406356766716673,0.004591690014650002,-0.0001882673238666636,0.0,False,
synthetic,large-long,S2,min,GitHub Container Registry,1-core,False,100,0.002,0.0,0.0,0.0,0.0,0.004406356766716673,0.004591690014650002,-0.0001882673238666636,0.0,False,
synthetic,large-long,S2,min,GitHub Container Registry,1-core,False,1000,0.002,0.0,0.0,0.0,0.0,0.004406356766716673,0.004591690014650002,-0.0001882673238666636,0.0,False,
synthetic,large-long,S2,min,GitHub Container Registry,2-core,False,10,0.006,0.0,0.0,0.0,0.0,0.013219070300150019,0.013775070043950005,-0.0005648019715999908,0.0,False,
synthetic,large-long,S2,min,GitHub Container Registry,2-core,False,100,0.006,0.0,0.0,0.0,0.0,0.013219070300150019,0.013775070043950005,-0.0005648019715999908,0.0,False,
synthetic,large-long,S2,min,GitHub Container Registry,2-core,False,1000,0.006,0.0,0.0,0.0,0.0,0.013219070300150019,0.013775070043950005,-0.0005648019715999908,0.0,False,
synthetic,large-long,S2,min,GitHub Container Registry,4-core,True,10,0.012,0.0,0.0,0.0,0.0,0.026438140600300038,0.02755014008790001,-0.0011296039431999815,0.0,False,
synthetic,large-long,S2,min,GitHub Container Registry,4-core,True,100,0.012,0.0,0.0,0.0,0.0,0.026438140600300038,0.02755014008790001,-0.0011296039431999815,0.0,False,
synthetic,large-long,S2,min,GitHub Container Registry,4-core,True,1000,0.012,0.0,0.0,0.0,0.0,0.026438140600300038,0.02755014008790001,-0.0011296039431999815,0.0,False,
synthetic,large-long,S2,min,GitHub Container Registry,8-core,False,10,0.022,0.0,0.0,0.0,0.0,0.0484699244338834,0.050508590161150016,-0.0020709405625332993,0.0,False,
synthetic,large-long,S2,min,GitHub Container Registry,8-core,False,100,0.022,0.0,0.0,0.0,0.0,0.0484699244338834,0.050508590161150016,-0.0020709405625332993,0.0,False,
synthetic,large-long,S2,min,GitHub Container Registry,8-core,False,1000,0.022,0.0,0.0,0.0,0.0,0.0484699244338834,0.050508590161150016,-0.0020709405625332993,0.0,False,
synthetic,large-long,S2,min,Amazon ECR,1-core,False,10,0.002,0.09,0.1,45.0,50.0,0.004406356766716673,0.007739104104650002,-0.0001882673238666636,0.0031474140900000004,False,
synthetic,large-long,S2,min,Amazon ECR,1-core,False,100,0.002,0.09,0.1,45.0,50.0,0.004406356766716673,0.004906438956650002,-0.0001882673238666636,0.00031474894200000003,False,
synthetic,large-long,S2,min,Amazon ECR,1-core,False,1000,0.002,0.09,0.1,45.0,50.0,0.004406356766716673,0.004623172441850003,-0.0001882673238666636,3.1482427200000006e-05,False,
synthetic,large-long,S2,min,Amazon ECR,2-core,False,10,0.006,0.09,0.1,15.0,16.666666666666668,0.013219070300150019,0.016922484133950005,-0.0005648019715999908,0.0031474140900000004,False,
synthetic,large-long,S2,min,Amazon ECR,2-core,False,100,0.006,0.09,0.1,15.0,16.666666666666668,0.013219070300150019,0.014089818985950006,-0.0005648019715999908,0.00031474894200000003,False,
synthetic,large-long,S2,min,Amazon ECR,2-core,False,1000,0.006,0.09,0.1,15.0,16.666666666666668,0.013219070300150019,0.013806552471150006,-0.0005648019715999908,3.1482427200000006e-05,False,
synthetic,large-long,S2,min,Amazon ECR,4-core,True,10,0.012,0.09,0.1,7.5,8.333333333333334,0.026438140600300038,0.030697554177900013,-0.0011296039431999815,0.0031474140900000004,False,
synthetic,large-long,S2,min,Amazon ECR,4-core,True,100,0.012,0.09,0.1,7.5,8.333333333333334,0.026438140600300038,0.02786488902990001,-0.0011296039431999815,0.00031474894200000003,False,
synthetic,large-long,S2,min,Amazon ECR,4-core,True,1000,0.012,0.09,0.1,7.5,8.333333333333334,0.026438140600300038,0.02758162251510001,-0.0011296039431999815,3.1482427200000006e-05,False,
synthetic,large-long,S2,min,Amazon ECR,8-core,False,10,0.022,0.09,0.1,4.090909090909091,4.545454545454546,0.0484699244338834,0.05365600425115002,-0.0020709405625332993,0.0031474140900000004,False,
synthetic,large-long,S2,min,Amazon ECR,8-core,False,100,0.022,0.09,0.1,4.090909090909091,4.545454545454546,0.0484699244338834,0.05082333910315002,-0.0020709405625332993,0.00031474894200000003,False,
synthetic,large-long,S2,min,Amazon ECR,8-core,False,1000,0.022,0.09,0.1,4.090909090909091,4.545454545454546,0.0484699244338834,0.05054007258835001,-0.0020709405625332993,3.1482427200000006e-05,False,
synthetic,large-long,S2,min,Google Artifact Registry,1-core,False,10,0.002,0.11175870895385742,0.09313225746154785,55.87935447692871,46.566128730773926,0.004406356766716673,0.007522950406719819,-0.0001882673238666636,0.0029312603920698165,False,
synthetic,large-long,S2,min,Google Artifact Registry,1-core,False,100,0.002,0.11175870895385742,0.09313225746154785,55.87935447692871,46.566128730773926,0.004406356766716673,0.004884825408060923,-0.0001882673238666636,0.00029313539341092106,False,
synthetic,large-long,S2,min,Google Artifact Registry,1-core,False,1000,0.002,0.11175870895385742,0.09313225746154785,55.87935447692871,46.566128730773926,0.004406356766716673,0.004621012908195034,-0.0001882673238666636,2.9322893545031547e-05,False,
synthetic,large-long,S2,min,Google Artifact Registry,2-core,False,10,0.006,0.11175870895385742,0.09313225746154785,18.62645149230957,15.522042910257975,0.013219070300150019,0.016706330436019823,-0.0005648019715999908,0.0029312603920698165,False,
synthetic,large-long,S2,min,Google Artifact Registry,2-core,False,100,0.006,0.11175870895385742,0.09313225746154785,18.62645149230957,15.522042910257975,0.013219070300150019,0.014068205437360927,-0.0005648019715999908,0.00029313539341092106,False,
synthetic,large-long,S2,min,Google Artifact Registry,2-core,False,1000,0.006,0.11175870895385742,0.09313225746154785,18.62645149230957,15.522042910257975,0.013219070300150019,0.013804392937495037,-0.0005648019715999908,2.9322893545031547e-05,False,
synthetic,large-long,S2,min,Google Artifact Registry,4-core,True,10,0.012,0.11175870895385742,0.09313225746154785,9.313225746154785,7.761021455128987,0.026438140600300038,0.030481400479969827,-0.0011296039431999815,0.0029312603920698165,False,
synthetic,large-long,S2,min,Google Artifact Registry,4-core,True,100,0.012,0.11175870895385742,0.09313225746154785,9.313225746154785,7.761021455128987,0.026438140600300038,0.027843275481310933,-0.0011296039431999815,0.00029313539341092106,False,
synthetic,large-long,S2,min,Google Artifact Registry,4-core,True,1000,0.012,0.11175870895385742,0.09313225746154785,9.313225746154785,7.761021455128987,0.026438140600300038,0.027579462981445042,-0.0011296039431999815,2.9322893545031547e-05,False,
synthetic,large-long,S2,min,Google Artifact Registry,8-core,False,10,0.022,0.11175870895385742,0.09313225746154785,5.079941316084429,4.233284430070357,0.0484699244338834,0.053439850553219835,-0.0020709405625332993,0.0029312603920698165,False,
synthetic,large-long,S2,min,Google Artifact Registry,8-core,False,100,0.022,0.11175870895385742,0.09313225746154785,5.079941316084429,4.233284430070357,0.0484699244338834,0.05080172555456094,-0.0020709405625332993,0.00029313539341092106,False,
synthetic,large-long,S2,min,Google Artifact Registry,8-core,False,1000,0.022,0.11175870895385742,0.09313225746154785,5.079941316084429,4.233284430070357,0.0484699244338834,0.05053791305469505,-0.0020709405625332993,2.9322893545031547e-05,False,
synthetic,large-long,S2,min,Azure Container Registry,1-core,False,10,0.002,0.087,0.1,43.49999999999999,50.0,0.004406356766716673,0.007739103825650003,-0.0001882673238666636,0.0031474138110000006,False,
synthetic,large-long,S2,min,Azure Container Registry,1-core,False,100,0.002,0.087,0.1,43.49999999999999,50.0,0.004406356766716673,0.004906438677650002,-0.0001882673238666636,0.000314748663,False,
synthetic,large-long,S2,min,Azure Container Registry,1-core,False,1000,0.002,0.087,0.1,43.49999999999999,50.0,0.004406356766716673,0.004623172162850003,-0.0001882673238666636,3.14821482e-05,False,
synthetic,large-long,S2,min,Azure Container Registry,2-core,False,10,0.006,0.087,0.1,14.499999999999998,16.666666666666668,0.013219070300150019,0.016922483854950005,-0.0005648019715999908,0.0031474138110000006,False,
synthetic,large-long,S2,min,Azure Container Registry,2-core,False,100,0.006,0.087,0.1,14.499999999999998,16.666666666666668,0.013219070300150019,0.014089818706950006,-0.0005648019715999908,0.000314748663,False,
synthetic,large-long,S2,min,Azure Container Registry,2-core,False,1000,0.006,0.087,0.1,14.499999999999998,16.666666666666668,0.013219070300150019,0.013806552192150006,-0.0005648019715999908,3.14821482e-05,False,
synthetic,large-long,S2,min,Azure Container Registry,4-core,True,10,0.012,0.087,0.1,7.249999999999999,8.333333333333334,0.026438140600300038,0.030697553898900012,-0.0011296039431999815,0.0031474138110000006,False,
synthetic,large-long,S2,min,Azure Container Registry,4-core,True,100,0.012,0.087,0.1,7.249999999999999,8.333333333333334,0.026438140600300038,0.02786488875090001,-0.0011296039431999815,0.000314748663,False,
synthetic,large-long,S2,min,Azure Container Registry,4-core,True,1000,0.012,0.087,0.1,7.249999999999999,8.333333333333334,0.026438140600300038,0.02758162223610001,-0.0011296039431999815,3.14821482e-05,False,
synthetic,large-long,S2,min,Azure Container Registry,8-core,False,10,0.022,0.087,0.1,3.9545454545454546,4.545454545454546,0.0484699244338834,0.053656003972150014,-0.0020709405625332993,0.0031474138110000006,False,
synthetic,large-long,S2,min,Azure Container Registry,8-core,False,100,0.022,0.087,0.1,3.9545454545454546,4.545454545454546,0.0484699244338834,0.050823338824150015,-0.0020709405625332993,0.000314748663,False,
synthetic,large-long,S2,min,Azure Container Registry,8-core,False,1000,0.022,0.087,0.1,3.9545454545454546,4.545454545454546,0.0484699244338834,0.050540072309350016,-0.0020709405625332993,3.14821482e-05,False,
synthetic,large-long,S2,max,GitHub Container Registry,1-core,False,10,0.002,0.0,0.0,0.0,0.0,0.004406356766716673,0.004042226976783339,0.00036915797328332855,0.0,True,0.6866445489931955
synthetic,large-long,S2,max,GitHub Container Registry,1-core,False,100,0.002,0.0,0.0,0.0,0.0,0.004406356766716673,0.004042226976783339,0.00036915797328332855,0.0,True,0.6866445489931955
synthetic,large-long,S2,max,GitHub Container Registry,1-core,False,1000,0.002,0.0,0.0,0.0,0.0,0.004406356766716673,0.004042226976783339,0.00036915797328332855,0.0,True,0.6866445489931955
synthetic,large-long,S2,max,GitHub Container Registry,2-core,False,10,0.006,0.0,0.0,0.0,0.0,0.013219070300150019,0.012126680930350015,0.0011074739198499858,0.0,True,0.6866445489931955
synthetic,large-long,S2,max,GitHub Container Registry,2-core,False,100,0.006,0.0,0.0,0.0,0.0,0.013219070300150019,0.012126680930350015,0.0011074739198499858,0.0,True,0.6866445489931955
synthetic,large-long,S2,max,GitHub Container Registry,2-core,False,1000,0.006,0.0,0.0,0.0,0.0,0.013219070300150019,0.012126680930350015,0.0011074739198499858,0.0,True,0.6866445489931955
synthetic,large-long,S2,max,GitHub Container Registry,4-core,True,10,0.012,0.0,0.0,0.0,0.0,0.026438140600300038,0.02425336186070003,0.0022149478396999715,0.0,True,0.6866445489931955
synthetic,large-long,S2,max,GitHub Container Registry,4-core,True,100,0.012,0.0,0.0,0.0,0.0,0.026438140600300038,0.02425336186070003,0.0022149478396999715,0.0,True,0.6866445489931955
synthetic,large-long,S2,max,GitHub Container Registry,4-core,True,1000,0.012,0.0,0.0,0.0,0.0,0.026438140600300038,0.02425336186070003,0.0022149478396999715,0.0,True,0.6866445489931955
synthetic,large-long,S2,max,GitHub Container Registry,8-core,False,10,0.022,0.0,0.0,0.0,0.0,0.0484699244338834,0.044464496744616715,0.004060737706116614,0.0,True,0.6866445489931955
synthetic,large-long,S2,max,GitHub Container Registry,8-core,False,100,0.022,0.0,0.0,0.0,0.0,0.0484699244338834,0.044464496744616715,0.004060737706116614,0.0,True,0.6866445489931955
synthetic,large-long,S2,max,GitHub Container Registry,8-core,False,1000,0.022,0.0,0.0,0.0,0.0,0.0484699244338834,0.044464496744616715,0.004060737706116614,0.0,True,0.6866445489931955
synthetic,large-long,S2,max,Amazon ECR,1-core,False,10,0.002,0.09,0.1,45.0,50.0,0.004406356766716673,0.042126481411783344,0.00036915797328332855,0.038084254435000006,False,-25.151174495463167
synthetic,large-long,S2,max,Amazon ECR,1-core,False,100,0.002,0.09,0.1,45.0,50.0,0.004406356766716673,0.02962450606828334,0.00036915797328332855,0.0255822790915,False,-1.8971373554524404
synthetic,large-long,S2,max,Amazon ECR,1-core,False,1000,0.002,0.09,0.1,45.0,50.0,0.004406356766716673,0.02837430853393334,0.00036915797328332855,0.02433208155715,False,0.42826635854863193
synthetic,large-long,S2,max,Amazon ECR,2-core,False,10,0.006,0.09,0.1,15.0,16.666666666666668,0.013219070300150019,0.05021093536535002,0.0011074739198499858,0.038084254435000006,False,-7.925961799158925
synthetic,large-long,S2,max,Amazon ECR,2-core,False,100,0.006,0.09,0.1,15.0,16.666666666666668,0.013219070300150019,0.037708960021850015,0.0011074739198499858,0.0255822790915,False,-0.1746160858220165
synthetic,large-long,S2,max,Amazon ECR,2-core,False,1000,0.006,0.09,0.1,15.0,16.666666666666668,0.013219070300150019,0.03645876248750002,0.0011074739198499858,0.02433208155715,False,0.6005184855116743
synthetic,large-long,S2,max,Amazon ECR,4-core,True,10,0.012,0.09,0.1,7.5,8.333333333333334,0.026438140600300038,0.06233761629570003,0.0022149478396999715,0.038084254435000006,False,-3.619658625082865
synthetic,large-long,S2,max,Amazon ECR,4-core,True,100,0.012,0.09,0.1,7.5,8.333333333333334,0.026438140600300038,0.04983564095220003,0.0022149478396999715,0.0255822790915,False,0.2560142315855895
synthetic,large-long,S2,max,Amazon ECR,4-core,True,1000,0.012,0.09,0.1,7.5,8.333333333333334,0.026438140600300038,0.04858544341785003,0.0022149478396999715,0.02433208155715,False,0.643581517252435
synthetic,large-long,S2,max,Amazon ECR,8-core,False,10,0.022,0.09,0.1,4.090909090909091,4.545454545454546,0.0484699244338834,0.08254875117961671,0.004060737706116614,0.038084254435000006,False,-1.6622480914119284
synthetic,large-long,S2,max,Amazon ECR,8-core,False,100,0.022,0.09,0.1,4.090909090909091,4.545454545454546,0.0484699244338834,0.07004677583611671,0.004060737706116614,0.0255822790915,False,0.45175528495268313
synthetic,large-long,S2,max,Amazon ECR,8-core,False,1000,0.022,0.09,0.1,4.090909090909091,4.545454545454546,0.0484699244338834,0.06879657830176672,0.004060737706116614,0.02433208155715,False,0.6631556225891443
synthetic,large-long,S2,max,Google Artifact Registry,1-core,False,10,0.002,0.11175870895385742,0.09313225746154785,55.87935447692871,46.566128730773926,0.004406356766716673,0.04702150155051923,0.00036915797328332855,0.04297927457373589,False,-23.376699605938743
synthetic,large-long,S2,max,Google Artifact Registry,1-core,False,100,0.002,0.11175870895385742,0.09313225746154785,55.87935447692871,46.566128730773926,0.004406356766716673,0.03537812968583158,0.00036915797328332855,0.03133590270904824,False,-1.7196898664999984
synthetic,large-long,S2,max,Google Artifact Registry,1-core,False,1000,0.002,0.11175870895385742,0.09313225746154785,55.87935447692871,46.566128730773926,0.004406356766716673,0.034213792499362815,0.00036915797328332855,0.030171565522579477,False,0.4460111074438761
synthetic,large-long,S2,max,Google Artifact Registry,2-core,False,10,0.006,0.11175870895385742,0.09313225746154785,18.62645149230957,15.522042910257975,0.013219070300150019,0.0551059555040859,0.0011074739198499858,0.04297927457373589,False,-7.334470169317452
synthetic,large-long,S2,max,Google Artifact Registry,2-core,False,100,0.006,0.11175870895385742,0.09313225746154785,18.62645149230957,15.522042910257975,0.013219070300150019,0.043462583639398256,0.0011074739198499858,0.03133590270904824,False,-0.11546692283786916
synthetic,large-long,S2,max,Google Artifact Registry,2-core,False,1000,0.006,0.11175870895385742,0.09313225746154785,18.62645149230957,15.522042910257975,0.013219070300150019,0.04229824645292949,0.0011074739198499858,0.030171565522579477,False,0.6064334018100891
synthetic,large-long,S2,max,Google Artifact Registry,4-core,True,10,0.012,0.11175870895385742,0.09313225746154785,9.313225746154785,7.761021455128987,0.026438140600300038,0.06723263643443592,0.0022149478396999715,0.04297927457373589,False,-3.323912810162128
synthetic,large-long,S2,max,Google Artifact Registry,4-core,True,100,0.012,0.11175870895385742,0.09313225746154785,9.313225746154785,7.761021455128987,0.026438140600300038,0.055589264569748276,0.0022149478396999715,0.03133590270904824,False,0.2855888130776632
synthetic,large-long,S2,max,Google Artifact Registry,4-core,True,1000,0.012,0.11175870895385742,0.09313225746154785,9.313225746154785,7.761021455128987,0.026438140600300038,0.0544249273832795,0.0022149478396999715,0.030171565522579477,False,0.6465389754016423
synthetic,large-long,S2,max,Google Artifact Registry,8-core,False,10,0.022,0.11175870895385742,0.09313225746154785,5.079941316084429,4.233284430070357,0.0484699244338834,0.0874437713183526,0.004060737706116614,0.04297927457373589,False,-1.5009321923642538
synthetic,large-long,S2,max,Google Artifact Registry,8-core,False,100,0.022,0.11175870895385742,0.09313225746154785,5.079941316084429,4.233284430070357,0.0484699244338834,0.07580039945366496,0.004060737706116614,0.03133590270904824,False,0.4678868748574506
synthetic,large-long,S2,max,Google Artifact Registry,8-core,False,1000,0.022,0.11175870895385742,0.09313225746154785,5.079941316084429,4.233284430070357,0.0484699244338834,0.07463606226719618,0.004060737706116614,0.030171565522579477,False,0.664768781579621
synthetic,large-long,S2,max,Azure Container Registry,1-core,False,10,0.002,0.087,0.1,43.49999999999999,50.0,0.004406356766716673,0.04132004238778334,0.00036915797328332855,0.037277815411000004,False,-25.151174495463167
synthetic,large-long,S2,max,Azure Container Registry,1-core,False,100,0.002,0.087,0.1,43.49999999999999,50.0,0.004406356766716673,0.02881806704428334,0.00036915797328332855,0.024775840067500002,False,-1.8971373554524404
synthetic,large-long,S2,max,Azure Container Registry,1-core,False,1000,0.002,0.087,0.1,43.49999999999999,50.0,0.004406356766716673,0.02756786950993334,0.00036915797328332855,0.023525642533150003,False,0.42826635854863193
synthetic,large-long,S2,max,Azure Container Registry,2-core,False,10,0.006,0.087,0.1,14.499999999999998,16.666666666666668,0.013219070300150019,0.04940449634135002,0.0011074739198499858,0.037277815411000004,False,-7.925961799158925
synthetic,large-long,S2,max,Azure Container Registry,2-core,False,100,0.006,0.087,0.1,14.499999999999998,16.666666666666668,0.013219070300150019,0.03690252099785002,0.0011074739198499858,0.024775840067500002,False,-0.1746160858220165
synthetic,large-long,S2,max,Azure Container Registry,2-core,False,1000,0.006,0.087,0.1,14.499999999999998,16.666666666666668,0.013219070300150019,0.035652323463500016,0.0011074739198499858,0.023525642533150003,False,0.6005184855116743
synthetic,large-long,S2,max,Azure Container Registry,4-core,True,10,0.012,0.087,0.1,7.249999999999999,8.333333333333334,0.026438140600300038,0.06153117727170003,0.0022149478396999715,0.037277815411000004,False,-3.619658625082865
synthetic,large-long,S2,max,Azure Container Registry,4-core,True,100,0.012,0.087,0.1,7.249999999999999,8.333333333333334,0.026438140600300038,0.04902920192820003,0.0022149478396999715,0.024775840067500002,False,0.2560142315855895
synthetic,large-long,S2,max,Azure Container Registry,4-core,True,1000,0.012,0.087,0.1,7.249999999999999,8.333333333333334,0.026438140600300038,0.047779004393850036,0.0022149478396999715,0.023525642533150003,False,0.643581517252435
synthetic,large-long,S2,max,Azure Container Registry,8-core,False,10,0.022,0.087,0.1,3.9545454545454546,4.545454545454546,0.0484699244338834,0.08174231215561673,0.004060737706116614,0.037277815411000004,False,-1.6622480914119284
synthetic,large-long,S2,max,Azure Container Registry,8-core,False,100,0.022,0.087,0.1,3.9545454545454546,4.545454545454546,0.0484699244338834,0.06924033681211672,0.004060737706116614,0.024775840067500002,False,0.45175528495268313
synthetic,large-long,S2,max,Azure Container Registry,8-core,False,1000,0.022,0.087,0.1,3.9545454545454546,4.545454545454546,0.0484699244338834,0.06799013927776672,0.004060737706116614,0.023525642533150003,False,0.6631556225891443
synthetic,large-long,S3,min,GitHub Container Registry,1-core,False,10,0.002,0.0,0.0,0.0,0.0,0.004436177241233335,0.004487334142999995,-7.663117301666488e-05,0.0,False,
synthetic,large-long,S3,min,GitHub Container Registry,1-core,False,100,0.002,0.0,0.0,0.0,0.0,0.004436177241233335,0.004487334142999995,-7.663117301666488e-05,0.0,False,
synthetic,large-long,S3,min,GitHub Container Registry,1-core,False,1000,0.002,0.0,0.0,0.0,0.0,0.004436177241233335,0.004487334142999995,-7.663117301666488e-05,0.0,False,
synthetic,large-long,S3,min,GitHub Container Registry,2-core,False,10,0.006,0.0,0.0,0.0,0.0,0.013308531723700003,0.013462002428999984,-0.00022989351904999467,0.0,False,
synthetic,large-long,S3,min,GitHub Container Registry,2-core,False,100,0.006,0.0,0.0,0.0,0.0,0.013308531723700003,0.013462002428999984,-0.00022989351904999467,0.0,False,
synthetic,large-long,S3,min,GitHub Container Registry,2-core,False,1000,0.006,0.0,0.0,0.0,0.0,0.013308531723700003,0.013462002428999984,-0.00022989351904999467,0.0,False,
synthetic,large-long,S3,min,GitHub Container Registry,4-core,True,10,0.012,0.0,0.0,0.0,0.0,0.026617063447400006,0.026924004857999968,-0.00045978703809998933,0.0,False,
synthetic,large-long,S3,min,GitHub Container Registry,4-core,True,100,0.012,0.0,0.0,0.0,0.0,0.026617063447400006,0.026924004857999968,-0.00045978703809998933,0.0,False,
synthetic,large-long,S3,min,GitHub Container Registry,4-core,True,1000,0.012,0.0,0.0,0.0,0.0,0.026617063447400006,0.026924004857999968,-0.00045978703809998933,0.0,False,
synthetic,large-long,S3,min,GitHub Container Registry,8-core,False,10,0.022,0.0,0.0,0.0,0.0,0.04879794965356667,0.04936067557299994,-0.0008429429031833137,0.0,False,
synthetic,large-long,S3,min,GitHub Container Registry,8-core,False,100,0.022,0.0,0.0,0.0,0.0,0.04879794965356667,0.04936067557299994,-0.0008429429031833137,0.0,False,
synthetic,large-long,S3,min,GitHub Container Registry,8-core,False,1000,0.022,0.0,0.0,0.0,0.0,0.04879794965356667,0.04936067557299994,-0.0008429429031833137,0.0,False,
synthetic,large-long,S3,min,Amazon ECR,1-core,False,10,0.002,0.09,0.1,45.0,50.0,0.004436177241233335,0.031801358722999995,-7.663117301666488e-05,0.02731402458,False,
synthetic,large-long,S3,min,Amazon ECR,1-core,False,100,0.002,0.09,0.1,45.0,50.0,0.004436177241233335,0.028968682005499992,-7.663117301666488e-05,0.024481347862499996,False,
synthetic,large-long,S3,min,Amazon ECR,1-core,False,1000,0.002,0.09,0.1,45.0,50.0,0.004436177241233335,0.028685414333749992,-7.663117301666488e-05,0.024198080190749996,False,
synthetic,large-long,S3,min,Amazon ECR,2-core,False,10,0.006,0.09,0.1,15.0,16.666666666666668,0.013308531723700003,0.04077602700899998,-0.00022989351904999467,0.02731402458,False,
synthetic,large-long,S3,min,Amazon ECR,2-core,False,100,0.006,0.09,0.1,15.0,16.666666666666668,0.013308531723700003,0.03794335029149998,-0.00022989351904999467,0.024481347862499996,False,
synthetic,large-long,S3,min,Amazon ECR,2-core,False,1000,0.006,0.09,0.1,15.0,16.666666666666668,0.013308531723700003,0.03766008261974998,-0.00022989351904999467,0.024198080190749996,False,
synthetic,large-long,S3,min,Amazon ECR,4-core,True,10,0.012,0.09,0.1,7.5,8.333333333333334,0.026617063447400006,0.05423802943799996,-0.00045978703809998933,0.02731402458,False,
synthetic,large-long,S3,min,Amazon ECR,4-core,True,100,0.012,0.09,0.1,7.5,8.333333333333334,0.026617063447400006,0.05140535272049997,-0.00045978703809998933,0.024481347862499996,False,
synthetic,large-long,S3,min,Amazon ECR,4-core,True,1000,0.012,0.09,0.1,7.5,8.333333333333334,0.026617063447400006,0.05112208504874996,-0.00045978703809998933,0.024198080190749996,False,
synthetic,large-long,S3,min,Amazon ECR,8-core,False,10,0.022,0.09,0.1,4.090909090909091,4.545454545454546,0.04879794965356667,0.07667470015299993,-0.0008429429031833137,0.02731402458,False,
synthetic,large-long,S3,min,Amazon ECR,8-core,False,100,0.022,0.09,0.1,4.090909090909091,4.545454545454546,0.04879794965356667,0.07384202343549993,-0.0008429429031833137,0.024481347862499996,False,
synthetic,large-long,S3,min,Amazon ECR,8-core,False,1000,0.022,0.09,0.1,4.090909090909091,4.545454545454546,0.04879794965356667,0.07355875576374993,-0.0008429429031833137,0.024198080190749996,False,
synthetic,large-long,S3,min,Google Artifact Registry,1-core,False,10,0.002,0.11175870895385742,0.09313225746154785,55.87935447692871,46.566128730773926,0.004436177241233335,0.03742780374605422,-7.663117301666488e-05,0.032940469603054225,False,
synthetic,large-long,S3,min,Google Artifact Registry,1-core,False,100,0.002,0.11175870895385742,0.09313225746154785,55.87935447692871,46.566128730773926,0.004436177241233335,0.0347896679724588,-7.663117301666488e-05,0.030302333829458804,False,
synthetic,large-long,S3,min,Google Artifact Registry,1-core,False,1000,0.002,0.11175870895385742,0.09313225746154785,55.87935447692871,46.566128730773926,0.004436177241233335,0.034525854395099254,-7.663117301666488e-05,0.03003852025209926,False,
synthetic,large-long,S3,min,Google Artifact Registry,2-core,False,10,0.006,0.11175870895385742,0.09313225746154785,18.62645149230957,15.522042910257975,0.013308531723700003,0.04640247203205421,-0.00022989351904999467,0.032940469603054225,False,
synthetic,large-long,S3,min,Google Artifact Registry,2-core,False,100,0.006,0.11175870895385742,0.09313225746154785,18.62645149230957,15.522042910257975,0.013308531723700003,0.04376433625845879,-0.00022989351904999467,0.030302333829458804,False,
synthetic,large-long,S3,min,Google Artifact Registry,2-core,False,1000,0.006,0.11175870895385742,0.09313225746154785,18.62645149230957,15.522042910257975,0.013308531723700003,0.043500522681099246,-0.00022989351904999467,0.03003852025209926,False,
synthetic,large-long,S3,min,Google Artifact Registry,4-core,True,10,0.012,0.11175870895385742,0.09313225746154785,9.313225746154785,7.761021455128987,0.026617063447400006,0.059864474461054196,-0.00045978703809998933,0.032940469603054225,False,
synthetic,large-long,S3,min,Google Artifact Registry,4-core,True,100,0.012,0.11175870895385742,0.09313225746154785,9.313225746154785,7.761021455128987,0.026617063447400006,0.05722633868745877,-0.00045978703809998933,0.030302333829458804,False,
synthetic,large-long,S3,min,Google Artifact Registry,4-core,True,1000,0.012,0.11175870895385742,0.09313225746154785,9.313225746154785,7.761021455128987,0.026617063447400006,0.05696252511009923,-0.00045978703809998933,0.03003852025209926,False,
synthetic,large-long,S3,min,Google Artifact Registry,8-core,False,10,0.022,0.11175870895385742,0.09313225746154785,5.079941316084429,4.233284430070357,0.04879794965356667,0.08230114517605416,-0.0008429429031833137,0.032940469603054225,False,
synthetic,large-long,S3,min,Google Artifact Registry,8-core,False,100,0.022,0.11175870895385742,0.09313225746154785,5.079941316084429,4.233284430070357,0.04879794965356667,0.07966300940245874,-0.0008429429031833137,0.030302333829458804,False,
synthetic,large-long,S3,min,Google Artifact Registry,8-core,False,1000,0.022,0.11175870895385742,0.09313225746154785,5.079941316084429,4.233284430070357,0.04879794965356667,0.0793991958250992,-0.0008429429031833137,0.03003852025209926,False,
synthetic,large-long,S3,min,Azure Container Registry,1-core,False,10,0.002,0.087,0.1,43.49999999999999,50.0,0.004436177241233335,0.030995805189499993,-7.663117301666488e-05,0.0265084710465,False,
synthetic,large-long,S3,min,Azure Container Registry,1-core,False,100,0.002,0.087,0.1,43.49999999999999,50.0,0.004436177241233335,0.02816312847199999,-7.663117301666488e-05,0.023675794328999997,False,
synthetic,large-long,S3,min,Azure Container Registry,1-core,False,1000,0.002,0.087,0.1,43.49999999999999,50.0,0.004436177241233335,0.02787986080024999,-7.663117301666488e-05,0.023392526657249998,False,
synthetic,large-long,S3,min,Azure Container Registry,2-core,False,10,0.006,0.087,0.1,14.499999999999998,16.666666666666668,0.013308531723700003,0.039970473475499986,-0.00022989351904999467,0.0265084710465,False,
synthetic,large-long,S3,min,Azure Container Registry,2-core,False,100,0.006,0.087,0.1,14.499999999999998,16.666666666666668,0.013308531723700003,0.03713779675799998,-0.00022989351904999467,0.023675794328999997,False,
synthetic,large-long,S3,min,Azure Container Registry,2-core,False,1000,0.006,0.087,0.1,14.499999999999998,16.666666666666668,0.013308531723700003,0.03685452908624998,-0.00022989351904999467,0.023392526657249998,False,
synthetic,large-long,S3,min,Azure Container Registry,4-core,True,10,0.012,0.087,0.1,7.249999999999999,8.333333333333334,0.026617063447400006,0.05343247590449997,-0.00045978703809998933,0.0265084710465,False,
synthetic,large-long,S3,min,Azure Container Registry,4-core,True,100,0.012,0.087,0.1,7.249999999999999,8.333333333333334,0.026617063447400006,0.050599799186999965,-0.00045978703809998933,0.023675794328999997,False,
synthetic,large-long,S3,min,Azure Container Registry,4-core,True,1000,0.012,0.087,0.1,7.249999999999999,8.333333333333334,0.026617063447400006,0.050316531515249965,-0.00045978703809998933,0.023392526657249998,False,
synthetic,large-long,S3,min,Azure Container Registry,8-core,False,10,0.022,0.087,0.1,3.9545454545454546,4.545454545454546,0.04879794965356667,0.07586914661949994,-0.0008429429031833137,0.0265084710465,False,
synthetic,large-long,S3,min,Azure Container Registry,8-core,False,100,0.022,0.087,0.1,3.9545454545454546,4.545454545454546,0.04879794965356667,0.07303646990199994,-0.0008429429031833137,0.023675794328999997,False,
synthetic,large-long,S3,min,Azure Container Registry,8-core,False,1000,0.022,0.087,0.1,3.9545454545454546,4.545454545454546,0.04879794965356667,0.07275320223024993,-0.0008429429031833137,0.023392526657249998,False,
synthetic,large-long,S3,max,GitHub Container Registry,1-core,False,10,0.002,0.0,0.0,0.0,0.0,0.004436177241233335,0.0050468338194000015,-0.000717964537933335,0.0,False,
synthetic,large-long,S3,max,GitHub Container Registry,1-core,False,100,0.002,0.0,0.0,0.0,0.0,0.004436177241233335,0.0050468338194000015,-0.000717964537933335,0.0,False,
synthetic,large-long,S3,max,GitHub Container Registry,1-core,False,1000,0.002,0.0,0.0,0.0,0.0,0.004436177241233335,0.0050468338194000015,-0.000717964537933335,0.0,False,
synthetic,large-long,S3,max,GitHub Container Registry,2-core,False,10,0.006,0.0,0.0,0.0,0.0,0.013308531723700003,0.015140501458200005,-0.0021538936138000052,0.0,False,
synthetic,large-long,S3,max,GitHub Container Registry,2-core,False,100,0.006,0.0,0.0,0.0,0.0,0.013308531723700003,0.015140501458200005,-0.0021538936138000052,0.0,False,
synthetic,large-long,S3,max,GitHub Container Registry,2-core,False,1000,0.006,0.0,0.0,0.0,0.0,0.013308531723700003,0.015140501458200005,-0.0021538936138000052,0.0,False,
synthetic,large-long,S3,max,GitHub Container Registry,4-core,True,10,0.012,0.0,0.0,0.0,0.0,0.026617063447400006,0.03028100291640001,-0.0043077872276000104,0.0,False,
synthetic,large-long,S3,max,GitHub Container Registry,4-core,True,100,0.012,0.0,0.0,0.0,0.0,0.026617063447400006,0.03028100291640001,-0.0043077872276000104,0.0,False,
synthetic,large-long,S3,max,GitHub Container Registry,4-core,True,1000,0.012,0.0,0.0,0.0,0.0,0.026617063447400006,0.03028100291640001,-0.0043077872276000104,0.0,False,
synthetic,large-long,S3,max,GitHub Container Registry,8-core,False,10,0.022,0.0,0.0,0.0,0.0,0.04879794965356667,0.05551517201340001,-0.007897609917266684,0.0,False,
synthetic,large-long,S3,max,GitHub Container Registry,8-core,False,100,0.022,0.0,0.0,0.0,0.0,0.04879794965356667,0.05551517201340001,-0.007897609917266684,0.0,False,
synthetic,large-long,S3,max,GitHub Container Registry,8-core,False,1000,0.022,0.0,0.0,0.0,0.0,0.04879794965356667,0.05551517201340001,-0.007897609917266684,0.0,False,
synthetic,large-long,S3,max,Amazon ECR,1-core,False,10,0.002,0.09,0.1,45.0,50.0,0.004436177241233335,0.0431045360144,-0.000717964537933335,0.038057702195,False,
synthetic,large-long,S3,max,Amazon ECR,1-core,False,100,0.002,0.09,0.1,45.0,50.0,0.004436177241233335,0.030602549443399997,-0.000717964537933335,0.025555715623999997,False,
synthetic,large-long,S3,max,Amazon ECR,1-core,False,1000,0.002,0.09,0.1,45.0,50.0,0.004436177241233335,0.029352350786299997,-0.000717964537933335,0.024305516966899997,False,
synthetic,large-long,S3,max,Amazon ECR,2-core,False,10,0.006,0.09,0.1,15.0,16.666666666666668,0.013308531723700003,0.05319820365320001,-0.0021538936138000052,0.038057702195,False,
synthetic,large-long,S3,max,Amazon ECR,2-core,False,100,0.006,0.09,0.1,15.0,16.666666666666668,0.013308531723700003,0.040696217082200004,-0.0021538936138000052,0.025555715623999997,False,
synthetic,large-long,S3,max,Amazon ECR,2-core,False,1000,0.006,0.09,0.1,15.0,16.666666666666668,0.013308531723700003,0.0394460184251,-0.0021538936138000052,0.024305516966899997,False,
synthetic,large-long,S3,max,Amazon ECR,4-core,True,10,0.012,0.09,0.1,7.5,8.333333333333334,0.026617063447400006,0.06833870511140001,-0.0043077872276000104,0.038057702195,False,
synthetic,large-long,S3,max,Amazon ECR,4-core,True,100,0.012,0.09,0.1,7.5,8.333333333333334,0.026617063447400006,0.05583671854040001,-0.0043077872276000104,0.025555715623999997,False,
synthetic,large-long,S3,max,Amazon ECR,4-core,True,1000,0.012,0.09,0.1,7.5,8.333333333333334,0.026617063447400006,0.0545865198833,-0.0043077872276000104,0.024305516966899997,False,
synthetic,large-long,S3,max,Amazon ECR,8-core,False,10,0.022,0.09,0.1,4.090909090909091,4.545454545454546,0.04879794965356667,0.09357287420840002,-0.007897609917266684,0.038057702195,False,
synthetic,large-long,S3,max,Amazon ECR,8-core,False,100,0.022,0.09,0.1,4.090909090909091,4.545454545454546,0.04879794965356667,0.0810708876374,-0.007897609917266684,0.025555715623999997,False,
synthetic,large-long,S3,max,Amazon ECR,8-core,False,1000,0.022,0.09,0.1,4.090909090909091,4.545454545454546,0.04879794965356667,0.07982068898030001,-0.007897609917266684,0.024305516966899997,False,
synthetic,large-long,S3,max,Google Artifact Registry,1-core,False,10,0.002,0.11175870895385742,0.09313225746154785,55.87935447692871,46.566128730773926,0.004436177241233335,0.04799313291969471,-0.000717964537933335,0.04294629910029471,False,
synthetic,large-long,S3,max,Google Artifact Registry,1-core,False,100,0.002,0.11175870895385742,0.09313225746154785,55.87935447692871,46.566128730773926,0.004436177241233335,0.03634975059858285,-0.000717964537933335,0.03130291677918285,False,
synthetic,large-long,S3,max,Google Artifact Registry,1-core,False,1000,0.002,0.11175870895385742,0.09313225746154785,55.87935447692871,46.566128730773926,0.004436177241233335,0.035185412366471665,-0.000717964537933335,0.030138578547071665,False,
synthetic,large-long,S3,max,Google Artifact Registry,2-core,False,10,0.006,0.11175870895385742,0.09313225746154785,18.62645149230957,15.522042910257975,0.013308531723700003,0.05808680055849472,-0.0021538936138000052,0.04294629910029471,False,
synthetic,large-long,S3,max,Google Artifact Registry,2-core,False,100,0.006,0.11175870895385742,0.09313225746154785,18.62645149230957,15.522042910257975,0.013308531723700003,0.04644341823738286,-0.0021538936138000052,0.03130291677918285,False,
synthetic,large-long,S3,max,Google Artifact Registry,2-core,False,1000,0.006,0.11175870895385742,0.09313225746154785,18.62645149230957,15.522042910257975,0.013308531723700003,0.04527908000527167,-0.0021538936138000052,0.030138578547071665,False,
synthetic,large-long,S3,max,Google Artifact Registry,4-core,True,10,0.012,0.11175870895385742,0.09313225746154785,9.313225746154785,7.761021455128987,0.026617063447400006,0.07322730201669472,-0.0043077872276000104,0.04294629910029471,False,
synthetic,large-long,S3,max,Google Artifact Registry,4-core,True,100,0.012,0.11175870895385742,0.09313225746154785,9.313225746154785,7.761021455128987,0.026617063447400006,0.061583919695582856,-0.0043077872276000104,0.03130291677918285,False,
synthetic,large-long,S3,max,Google Artifact Registry,4-core,True,1000,0.012,0.11175870895385742,0.09313225746154785,9.313225746154785,7.761021455128987,0.026617063447400006,0.06041958146347168,-0.0043077872276000104,0.030138578547071665,False,
synthetic,large-long,S3,max,Google Artifact Registry,8-core,False,10,0.022,0.11175870895385742,0.09313225746154785,5.079941316084429,4.233284430070357,0.04879794965356667,0.09846147111369472,-0.007897609917266684,0.04294629910029471,False,
synthetic,large-long,S3,max,Google Artifact Registry,8-core,False,100,0.022,0.11175870895385742,0.09313225746154785,5.079941316084429,4.233284430070357,0.04879794965356667,0.08681808879258286,-0.007897609917266684,0.03130291677918285,False,
synthetic,large-long,S3,max,Google Artifact Registry,8-core,False,1000,0.022,0.11175870895385742,0.09313225746154785,5.079941316084429,4.233284430070357,0.04879794965356667,0.08565375056047167,-0.007897609917266684,0.030138578547071665,False,
synthetic,large-long,S3,max,Azure Container Registry,1-core,False,10,0.002,0.087,0.1,43.49999999999999,50.0,0.004436177241233335,0.0422989824809,-0.000717964537933335,0.0372521486615,False,
synthetic,large-long,S3,max,Azure Container Registry,1-core,False,100,0.002,0.087,0.1,43.49999999999999,50.0,0.004436177241233335,0.029796995909900002,-0.000717964537933335,0.0247501620905,False,
synthetic,large-long,S3,max,Azure Container Registry,1-core,False,1000,0.002,0.087,0.1,43.49999999999999,50.0,0.004436177241233335,0.028546797252800002,-0.000717964537933335,0.0234999634334,False,
synthetic,large-long,S3,max,Azure Container Registry,2-core,False,10,0.006,0.087,0.1,14.499999999999998,16.666666666666668,0.013308531723700003,0.052392650119700006,-0.0021538936138000052,0.0372521486615,False,
synthetic,large-long,S3,max,Azure Container Registry,2-core,False,100,0.006,0.087,0.1,14.499999999999998,16.666666666666668,0.013308531723700003,0.0398906635487,-0.0021538936138000052,0.0247501620905,False,
synthetic,large-long,S3,max,Azure Container Registry,2-core,False,1000,0.006,0.087,0.1,14.499999999999998,16.666666666666668,0.013308531723700003,0.0386404648916,-0.0021538936138000052,0.0234999634334,False,
synthetic,large-long,S3,max,Azure Container Registry,4-core,True,10,0.012,0.087,0.1,7.249999999999999,8.333333333333334,0.026617063447400006,0.0675331515779,-0.0043077872276000104,0.0372521486615,False,
synthetic,large-long,S3,max,Azure Container Registry,4-core,True,100,0.012,0.087,0.1,7.249999999999999,8.333333333333334,0.026617063447400006,0.05503116500690001,-0.0043077872276000104,0.0247501620905,False,
synthetic,large-long,S3,max,Azure Container Registry,4-core,True,1000,0.012,0.087,0.1,7.249999999999999,8.333333333333334,0.026617063447400006,0.05378096634980001,-0.0043077872276000104,0.0234999634334,False,
synthetic,large-long,S3,max,Azure Container Registry,8-core,False,10,0.022,0.087,0.1,3.9545454545454546,4.545454545454546,0.04879794965356667,0.09276732067490001,-0.007897609917266684,0.0372521486615,False,
synthetic,large-long,S3,max,Azure Container Registry,8-core,False,100,0.022,0.087,0.1,3.9545454545454546,4.545454545454546,0.04879794965356667,0.08026533410390001,-0.007897609917266684,0.0247501620905,False,
synthetic,large-long,S3,max,Azure Container Registry,8-core,False,1000,0.022,0.087,0.1,3.9545454545454546,4.545454545454546,0.04879794965356667,0.07901513544680001,-0.007897609917266684,0.0234999634334,False,
synthetic,large-short,S0,min,GitHub Container Registry,1-core,False,10,0.002,0.0,0.0,0.0,0.0,0.0007384974288500019,0.0003570861348833328,0.00041656422616666755,0.0,True,0.7756732502929335
synthetic,large-short,S0,min,GitHub Container Registry,1-core,False,100,0.002,0.0,0.0,0.0,0.0,0.0007384974288500019,0.0003570861348833328,0.00041656422616666755,0.0,True,0.7756732502929335
synthetic,large-short,S0,min,GitHub Container Registry,1-core,False,1000,0.002,0.0,0.0,0.0,0.0,0.0007384974288500019,0.0003570861348833328,0.00041656422616666755,0.0,True,0.7756732502929335
synthetic,large-short,S0,min,GitHub Container Registry,2-core,False,10,0.006,0.0,0.0,0.0,0.0,0.002215492286550006,0.0010712584046499985,0.0012496926785000027,0.0,True,0.7756732502929335
synthetic,large-short,S0,min,GitHub Container Registry,2-core,False,100,0.006,0.0,0.0,0.0,0.0,0.002215492286550006,0.0010712584046499985,0.0012496926785000027,0.0,True,0.7756732502929335
synthetic,large-short,S0,min,GitHub Container Registry,2-core,False,1000,0.006,0.0,0.0,0.0,0.0,0.002215492286550006,0.0010712584046499985,0.0012496926785000027,0.0,True,0.7756732502929335
synthetic,large-short,S0,min,GitHub Container Registry,4-core,True,10,0.012,0.0,0.0,0.0,0.0,0.004430984573100012,0.002142516809299997,0.0024993853570000053,0.0,True,0.7756732502929335
synthetic,large-short,S0,min,GitHub Container Registry,4-core,True,100,0.012,0.0,0.0,0.0,0.0,0.004430984573100012,0.002142516809299997,0.0024993853570000053,0.0,True,0.7756732502929335
synthetic,large-short,S0,min,GitHub Container Registry,4-core,True,1000,0.012,0.0,0.0,0.0,0.0,0.004430984573100012,0.002142516809299997,0.0024993853570000053,0.0,True,0.7756732502929335
synthetic,large-short,S0,min,GitHub Container Registry,8-core,False,10,0.022,0.0,0.0,0.0,0.0,0.00812347171735002,0.003927947483716661,0.004582206487833342,0.0,True,0.7756732502929335
synthetic,large-short,S0,min,GitHub Container Registry,8-core,False,100,0.022,0.0,0.0,0.0,0.0,0.00812347171735002,0.003927947483716661,0.004582206487833342,0.0,True,0.7756732502929335
synthetic,large-short,S0,min,GitHub Container Registry,8-core,False,1000,0.022,0.0,0.0,0.0,0.0,0.00812347171735002,0.003927947483716661,0.004582206487833342,0.0,True,0.7756732502929335
synthetic,large-short,S0,min,Amazon ECR,1-core,False,10,0.002,0.09,0.1,45.0,50.0,0.0007384974288500019,0.02767109838488333,0.00041656422616666755,0.02731401225,False,-5.08502800450391
synthetic,large-short,S0,min,Amazon ECR,1-core,False,100,0.002,0.09,0.1,45.0,50.0,0.0007384974288500019,0.024838433169383334,0.00041656422616666755,0.0244813470345,False,0.18960312481324923
synthetic,large-short,S0,min,Amazon ECR,1-core,False,1000,0.002,0.09,0.1,45.0,50.0,0.0007384974288500019,0.024555166647833332,0.00041656422616666755,0.02419808051295,False,0.717066237744965
synthetic,large-short,S0,min,Amazon ECR,2-core,False,10,0.006,0.09,0.1,15.0,16.666666666666668,0.002215492286550006,0.028385270654649998,0.0012496926785000027,0.02731401225,False,-1.1778938346393477
synthetic,large-short,S0,min,Amazon ECR,2-core,False,100,0.006,0.09,0.1,15.0,16.666666666666668,0.002215492286550006,0.02555260543915,0.0012496926785000027,0.0244813470345,False,0.5803165417997054
synthetic,large-short,S0,min,Amazon ECR,2-core,False,1000,0.006,0.09,0.1,15.0,16.666666666666668,0.002215492286550006,0.0252693389176,0.0012496926785000027,0.02419808051295,False,0.7561375794436107
synthetic,large-short,S0,min,Amazon ECR,4-core,True,10,0.012,0.09,0.1,7.5,8.333333333333334,0.004430984573100012,0.029456529059299994,0.0024993853570000053,0.02731401225,False,-0.20111029217320708
synthetic,large-short,S0,min,Amazon ECR,4-core,True,100,0.012,0.09,0.1,7.5,8.333333333333334,0.004430984573100012,0.026623863843799996,0.0024993853570000053,0.0244813470345,False,0.6779948960463195
synthetic,large-short,S0,min,Amazon ECR,4-core,True,1000,0.012,0.09,0.1,7.5,8.333333333333334,0.004430984573100012,0.026340597322249994,0.0024993853570000053,0.02419808051295,False,0.7659054148682721
synthetic,large-short,S0,min,Amazon ECR,8-core,False,10,0.022,0.09,0.1,4.090909090909091,4.545454545454546,0.00812347171735002,0.03124195973371666,0.004582206487833342,0.02731401225,False,0.2428822271295841
synthetic,large-short,S0,min,Amazon ECR,8-core,False,100,0.022,0.09,0.1,4.090909090909091,4.545454545454546,0.00812347171735002,0.028409294518216662,0.004582206487833342,0.0244813470345,False,0.7223941479765986
synthetic,large-short,S0,min,Amazon ECR,8-core,False,1000,0.022,0.09,0.1,4.090909090909091,4.545454545454546,0.00812347171735002,0.02812602799666666,0.004582206487833342,0.02419808051295,False,0.7703453400613001
synthetic,large-short,S0,min,Google Artifact Registry,1-core,False,10,0.002,0.11175870895385742,0.09313225746154785,55.87935447692871,46.566128730773926,0.0007384974288500019,0.0332975443944286,0.00041656422616666755,0.032940458259545266,False,-4.682530131376628
synthetic,large-short,S0,min,Google Artifact Registry,1-core,False,100,0.002,0.11175870895385742,0.09313225746154785,55.87935447692871,46.566128730773926,0.0007384974288500019,0.030659419332905433,0.00041656422616666755,0.0303023331980221,False,0.2298529121259774
synthetic,large-short,S0,min,Google Artifact Registry,1-core,False,1000,0.002,0.11175870895385742,0.09313225746154785,55.87935447692871,46.566128730773926,0.0007384974288500019,0.030395606826753116,0.00041656422616666755,0.030038520691869783,False,0.721091216476238
synthetic,large-short,S0,min,Google Artifact Registry,2-core,False,10,0.006,0.11175870895385742,0.09313225746154785,18.62645149230957,15.522042910257975,0.002215492286550006,0.034011716664195266,0.0012496926785000027,0.032940458259545266,False,-1.0437278769302536
synthetic,large-short,S0,min,Google Artifact Registry,2-core,False,100,0.006,0.11175870895385742,0.09313225746154785,18.62645149230957,15.522042910257975,0.002215492286550006,0.0313735916026721,0.0012496926785000027,0.0303023331980221,False,0.5937331375706149
synthetic,large-short,S0,min,Google Artifact Registry,2-core,False,1000,0.006,0.11175870895385742,0.09313225746154785,18.62645149230957,15.522042910257975,0.002215492286550006,0.031109779096519782,0.0012496926785000027,0.030038520691869783,False,0.7574792390207017
synthetic,large-short,S0,min,Google Artifact Registry,4-core,True,10,0.012,0.11175870895385742,0.09313225746154785,9.313225746154785,7.761021455128987,0.004430984573100012,0.035082975068845265,0.0024993853570000053,0.032940458259545266,False,-0.13402731331866005
synthetic,large-short,S0,min,Google Artifact Registry,4-core,True,100,0.012,0.11175870895385742,0.09313225746154785,9.313225746154785,7.761021455128987,0.004430984573100012,0.0324448500073221,0.0024993853570000053,0.0303023331980221,False,0.6847031939317741
synthetic,large-short,S0,min,Google Artifact Registry,4-core,True,1000,0.012,0.11175870895385742,0.09313225746154785,9.313225746154785,7.761021455128987,0.004430984573100012,0.03218103750116978,0.0024993853570000053,0.030038520691869783,False,0.7665762446568176
synthetic,large-short,S0,min,Google Artifact Registry,8-core,False,10,0.022,0.11175870895385742,0.09313225746154785,5.079941316084429,4.233284430070357,0.00812347171735002,0.036868405743261924,0.004582206487833342,0.032940458259545266,False,0.27947294286842783
synthetic,large-short,S0,min,Google Artifact Registry,8-core,False,100,0.022,0.11175870895385742,0.09313225746154785,5.079941316084429,4.233284430070357,0.00812347171735002,0.03423028068173876,0.004582206487833342,0.0303023331980221,False,0.7260532195504831
synthetic,large-short,S0,min,Google Artifact Registry,8-core,False,1000,0.022,0.11175870895385742,0.09313225746154785,5.079941316084429,4.233284430070357,0.00812347171735002,0.03396646817558644,0.004582206487833342,0.030038520691869783,False,0.7707112472186884
synthetic,large-short,S0,min,Azure Container Registry,1-core,False,10,0.002,0.087,0.1,43.49999999999999,50.0,0.0007384974288500019,0.026865544836383332,0.00041656422616666755,0.0265084587015,False,-5.08502800450391
synthetic,large-short,S0,min,Azure Container Registry,1-core,False,100,0.002,0.087,0.1,43.49999999999999,50.0,0.0007384974288500019,0.024032879620883334,0.00041656422616666755,0.023675793486,False,0.18960312481324923
synthetic,large-short,S0,min,Azure Container Registry,1-core,False,1000,0.002,0.087,0.1,43.49999999999999,50.0,0.0007384974288500019,0.023749613099333333,0.00041656422616666755,0.02339252696445,False,0.717066237744965
synthetic,large-short,S0,min,Azure Container Registry,2-core,False,10,0.006,0.087,0.1,14.499999999999998,16.666666666666668,0.002215492286550006,0.02757971710615,0.0012496926785000027,0.0265084587015,False,-1.1778938346393477
synthetic,large-short,S0,min,Azure Container Registry,2-core,False,100,0.006,0.087,0.1,14.499999999999998,16.666666666666668,0.002215492286550006,0.02474705189065,0.0012496926785000027,0.023675793486,False,0.5803165417997054
synthetic,large-short,S0,min,Azure Container Registry,2-core,False,1000,0.006,0.087,0.1,14.499999999999998,16.666666666666668,0.002215492286550006,0.0244637853691,0.0012496926785000027,0.02339252696445,False,0.7561375794436107
synthetic,large-short,S0,min,Azure Container Registry,4-core,True,10,0.012,0.087,0.1,7.249999999999999,8.333333333333334,0.004430984573100012,0.028650975510799995,0.0024993853570000053,0.0265084587015,False,-0.20111029217320708
synthetic,large-short,S0,min,Azure Container Registry,4-core,True,100,0.012,0.087,0.1,7.249999999999999,8.333333333333334,0.004430984573100012,0.025818310295299997,0.0024993853570000053,0.023675793486,False,0.6779948960463195
synthetic,large-short,S0,min,Azure Container Registry,4-core,True,1000,0.012,0.087,0.1,7.249999999999999,8.333333333333334,0.004430984573100012,0.025535043773749995,0.0024993853570000053,0.02339252696445,False,0.7659054148682721
synthetic,large-short,S0,min,Azure Container Registry,8-core,False,10,0.022,0.087,0.1,3.9545454545454546,4.545454545454546,0.00812347171735002,0.03043640618521666,0.004582206487833342,0.0265084587015,False,0.2428822271295841
synthetic,large-short,S0,min,Azure Container Registry,8-core,False,100,0.022,0.087,0.1,3.9545454545454546,4.545454545454546,0.00812347171735002,0.027603740969716663,0.004582206487833342,0.023675793486,False,0.7223941479765986
synthetic,large-short,S0,min,Azure Container Registry,8-core,False,1000,0.022,0.087,0.1,3.9545454545454546,4.545454545454546,0.00812347171735002,0.02732047444816666,0.004582206487833342,0.02339252696445,False,0.7703453400613001
synthetic,large-short,S0,max,GitHub Container Registry,1-core,False,10,0.002,0.0,0.0,0.0,0.0,0.0007384974288500019,0.0003608842302500004,0.0004130756149833341,0.0,True,0.7691772052197277
synthetic,large-short,S0,max,GitHub Container Registry,1-core,False,100,0.002,0.0,0.0,0.0,0.0,0.0007384974288500019,0.0003608842302500004,0.0004130756149833341,0.0,True,0.7691772052197277
synthetic,large-short,S0,max,GitHub Container Registry,1-core,False,1000,0.002,0.0,0.0,0.0,0.0,0.0007384974288500019,0.0003608842302500004,0.0004130756149833341,0.0,True,0.7691772052197277
synthetic,large-short,S0,max,GitHub Container Registry,2-core,False,10,0.006,0.0,0.0,0.0,0.0,0.002215492286550006,0.0010826526907500012,0.0012392268449500023,0.0,True,0.7691772052197277
synthetic,large-short,S0,max,GitHub Container Registry,2-core,False,100,0.006,0.0,0.0,0.0,0.0,0.002215492286550006,0.0010826526907500012,0.0012392268449500023,0.0,True,0.7691772052197277
synthetic,large-short,S0,max,GitHub Container Registry,2-core,False,1000,0.006,0.0,0.0,0.0,0.0,0.002215492286550006,0.0010826526907500012,0.0012392268449500023,0.0,True,0.7691772052197277
synthetic,large-short,S0,max,GitHub Container Registry,4-core,True,10,0.012,0.0,0.0,0.0,0.0,0.004430984573100012,0.0021653053815000023,0.0024784536899000046,0.0,True,0.7691772052197277
synthetic,large-short,S0,max,GitHub Container Registry,4-core,True,100,0.012,0.0,0.0,0.0,0.0,0.004430984573100012,0.0021653053815000023,0.0024784536899000046,0.0,True,0.7691772052197277
synthetic,large-short,S0,max,GitHub Container Registry,4-core,True,1000,0.012,0.0,0.0,0.0,0.0,0.004430984573100012,0.0021653053815000023,0.0024784536899000046,0.0,True,0.7691772052197277
synthetic,large-short,S0,max,GitHub Container Registry,8-core,False,10,0.022,0.0,0.0,0.0,0.0,0.00812347171735002,0.003969726532750004,0.004543831764816675,0.0,True,0.7691772052197277
synthetic,large-short,S0,max,GitHub Container Registry,8-core,False,100,0.022,0.0,0.0,0.0,0.0,0.00812347171735002,0.003969726532750004,0.004543831764816675,0.0,True,0.7691772052197277
synthetic,large-short,S0,max,GitHub Container Registry,8-core,False,1000,0.022,0.0,0.0,0.0,0.0,0.00812347171735002,0.003969726532750004,0.004543831764816675,0.0,True,0.7691772052197277
synthetic,large-short,S0,max,Amazon ECR,1-core,False,10,0.002,0.09,0.1,45.0,50.0,0.0007384974288500019,0.03841857361025,0.0004130756149833341,0.03805768938,False,-25.097042180811954
synthetic,large-short,S0,max,Amazon ECR,1-core,False,100,0.002,0.09,0.1,45.0,50.0,0.0007384974288500019,0.025916598815750005,0.0004130756149833341,0.025555714585500003,False,-1.8174447333834407
synthetic,large-short,S0,max,Amazon ECR,1-core,False,1000,0.002,0.09,0.1,45.0,50.0,0.0007384974288500019,0.024666401336300003,0.0004130756149833341,0.02430551710605,False,0.5105150113594108
synthetic,large-short,S0,max,Amazon ECR,2-core,False,10,0.006,0.09,0.1,15.0,16.666666666666668,0.002215492286550006,0.039140342070750005,0.0012392268449500023,0.03805768938,False,-7.8528959234575
synthetic,large-short,S0,max,Amazon ECR,2-core,False,100,0.006,0.09,0.1,15.0,16.666666666666668,0.002215492286550006,0.026638367276250005,0.0012392268449500023,0.025555714585500003,False,-0.09303010764799516
synthetic,large-short,S0,max,Amazon ECR,2-core,False,1000,0.006,0.09,0.1,15.0,16.666666666666668,0.002215492286550006,0.025388169796800003,0.0012392268449500023,0.02430551710605,False,0.6829564739329554
synthetic,large-short,S0,max,Amazon ECR,4-core,True,10,0.012,0.09,0.1,7.5,8.333333333333334,0.004430984573100012,0.04022299476150001,0.0024784536899000046,0.03805768938,False,-3.5418593591188863
synthetic,large-short,S0,max,Amazon ECR,4-core,True,100,0.012,0.09,0.1,7.5,8.333333333333334,0.004430984573100012,0.027721019967000004,0.0024784536899000046,0.025555714585500003,False,0.33807354878586626
synthetic,large-short,S0,max,Amazon ECR,4-core,True,1000,0.012,0.09,0.1,7.5,8.333333333333334,0.004430984573100012,0.026470822487550002,0.0024784536899000046,0.02430551710605,False,0.7260668395763415
synthetic,large-short,S0,max,Amazon ECR,8-core,False,10,0.022,0.09,0.1,4.090909090909091,4.545454545454546,0.00812347171735002,0.042027415912750006,0.004543831764816675,0.03805768938,False,-1.5822972844195164
synthetic,large-short,S0,max,Amazon ECR,8-core,False,100,0.022,0.09,0.1,4.090909090909091,4.545454545454546,0.00812347171735002,0.029525441118250007,0.004543831764816675,0.025555714585500003,False,0.5340297562558033
synthetic,large-short,S0,max,Amazon ECR,8-core,False,1000,0.022,0.09,0.1,4.090909090909091,4.545454545454546,0.00812347171735002,0.028275243638800004,0.004543831764816675,0.02430551710605,False,0.7456624603233353
synthetic,large-short,S0,max,Google Artifact Registry,1-core,False,10,0.002,0.11175870895385742,0.09313225746154785,55.87935447692871,46.566128730773926,0.0007384974288500019,0.043307171479464945,0.0004130756149833341,0.04294628724921495,False,-23.3206168289481
synthetic,large-short,S0,max,Google Artifact Registry,1-core,False,100,0.002,0.11175870895385742,0.09313225746154785,55.87935447692871,46.566128730773926,0.0007384974288500019,0.031663800126073394,0.0004130756149833341,0.031302915895823395,False,-1.6398021981970554
synthetic,large-short,S0,max,Google Artifact Registry,1-core,False,1000,0.002,0.11175870895385742,0.09313225746154785,55.87935447692871,46.566128730773926,0.0007384974288500019,0.03049946299073424,0.0004130756149833341,0.030138578760484237,False,0.5282792648780493
synthetic,large-short,S0,max,Google Artifact Registry,2-core,False,10,0.006,0.11175870895385742,0.09313225746154785,18.62645149230957,15.522042910257975,0.002215492286550006,0.04402893993996495,0.0012392268449500023,0.04294628724921495,False,-7.2607541395028825
synthetic,large-short,S0,max,Google Artifact Registry,2-core,False,100,0.006,0.11175870895385742,0.09313225746154785,18.62645149230957,15.522042910257975,0.002215492286550006,0.0323855685865734,0.0012392268449500023,0.031302915895823395,False,-0.03381592925253333
synthetic,large-short,S0,max,Google Artifact Registry,2-core,False,1000,0.006,0.11175870895385742,0.09313225746154785,18.62645149230957,15.522042910257975,0.002215492286550006,0.03122123145123424,0.0012392268449500023,0.030138578760484237,False,0.6888778917725016
synthetic,large-short,S0,max,Google Artifact Registry,4-core,True,10,0.012,0.11175870895385742,0.09313225746154785,9.313225746154785,7.761021455128987,0.004430984573100012,0.04511159263071495,0.0024784536899000046,0.04294628724921495,False,-3.2457884671415775
synthetic,large-short,S0,max,Google Artifact Registry,4-core,True,100,0.012,0.11175870895385742,0.09313225746154785,9.313225746154785,7.761021455128987,0.004430984573100012,0.0334682212773234,0.0024784536899000046,0.031302915895823395,False,0.3676806379835972
synthetic,large-short,S0,max,Google Artifact Registry,4-core,True,1000,0.012,0.11175870895385742,0.09313225746154785,9.313225746154785,7.761021455128987,0.004430984573100012,0.03230388414198424,0.0024784536899000046,0.030138578760484237,False,0.7290275484961146
synthetic,large-short,S0,max,Google Artifact Registry,8-core,False,10,0.022,0.11175870895385742,0.09313225746154785,5.079941316084429,4.233284430070357,0.00812347171735002,0.04691601378196495,0.004543831764816675,0.04294628724921495,False,-1.4208040706137117
synthetic,large-short,S0,max,Google Artifact Registry,8-core,False,100,0.022,0.11175870895385742,0.09313225746154785,5.079941316084429,4.233284430070357,0.00812347171735002,0.0352726424285734,0.004543831764816675,0.031302915895823395,False,0.5501790776363837
synthetic,large-short,S0,max,Google Artifact Registry,8-core,False,1000,0.022,0.11175870895385742,0.09313225746154785,5.079941316084429,4.233284430070357,0.00812347171735002,0.03410830529323424,0.004543831764816675,0.030138578760484237,False,0.7472773924613932
synthetic,large-short,S0,max,Azure Container Registry,1-core,False,10,0.002,0.087,0.1,43.49999999999999,50.0,0.0007384974288500019,0.03761302006775,0.0004130756149833341,0.0372521358375,False,-25.097042180811954
synthetic,large-short,S0,max,Azure Container Registry,1-core,False,100,0.002,0.087,0.1,43.49999999999999,50.0,0.0007384974288500019,0.02511104527325,0.0004130756149833341,0.024750161043,False,-1.8174447333834407
synthetic,large-short,S0,max,Azure Container Registry,1-core,False,1000,0.002,0.087,0.1,43.49999999999999,50.0,0.0007384974288500019,0.0238608477938,0.0004130756149833341,0.023499963563549997,False,0.5105150113594108
synthetic,large-short,S0,max,Azure Container Registry,2-core,False,10,0.006,0.087,0.1,14.499999999999998,16.666666666666668,0.002215492286550006,0.03833478852825,0.0012392268449500023,0.0372521358375,False,-7.8528959234575
synthetic,large-short,S0,max,Azure Container Registry,2-core,False,100,0.006,0.087,0.1,14.499999999999998,16.666666666666668,0.002215492286550006,0.02583281373375,0.0012392268449500023,0.024750161043,False,-0.09303010764799516
synthetic,large-short,S0,max,Azure Container Registry,2-core,False,1000,0.006,0.087,0.1,14.499999999999998,16.666666666666668,0.002215492286550006,0.0245826162543,0.0012392268449500023,0.023499963563549997,False,0.6829564739329554
synthetic,large-short,S0,max,Azure Container Registry,4-core,True,10,0.012,0.087,0.1,7.249999999999999,8.333333333333334,0.004430984573100012,0.039417441219,0.0024784536899000046,0.0372521358375,False,-3.5418593591188863
synthetic,large-short,S0,max,Azure Container Registry,4-core,True,100,0.012,0.087,0.1,7.249999999999999,8.333333333333334,0.004430984573100012,0.0269154664245,0.0024784536899000046,0.024750161043,False,0.33807354878586626
synthetic,large-short,S0,max,Azure Container Registry,4-core,True,1000,0.012,0.087,0.1,7.249999999999999,8.333333333333334,0.004430984573100012,0.025665268945049998,0.0024784536899000046,0.023499963563549997,False,0.7260668395763415
synthetic,large-short,S0,max,Azure Container Registry,8-core,False,10,0.022,0.087,0.1,3.9545454545454546,4.545454545454546,0.00812347171735002,0.04122186237025,0.004543831764816675,0.0372521358375,False,-1.5822972844195164
synthetic,large-short,S0,max,Azure Container Registry,8-core,False,100,0.022,0.087,0.1,3.9545454545454546,4.545454545454546,0.00812347171735002,0.028719887575750003,0.004543831764816675,0.024750161043,False,0.5340297562558033
synthetic,large-short,S0,max,Azure Container Registry,8-core,False,1000,0.022,0.087,0.1,3.9545454545454546,4.545454545454546,0.00812347171735002,0.0274696900963,0.004543831764816675,0.023499963563549997,False,0.7456624603233353
synthetic,large-short,S1,min,GitHub Container Registry,1-core,False,10,0.002,0.0,0.0,0.0,0.0,0.0007571447552833333,0.0010359946003833335,-0.00026156880446666716,0.0,False,
synthetic,large-short,S1,min,GitHub Container Registry,1-core,False,100,0.002,0.0,0.0,0.0,0.0,0.0007571447552833333,0.0010359946003833335,-0.00026156880446666716,0.0,False,
synthetic,large-short,S1,min,GitHub Container Registry,1-core,False,1000,0.002,0.0,0.0,0.0,0.0,0.0007571447552833333,0.0010359946003833335,-0.00026156880446666716,0.0,False,
synthetic,large-short,S1,min,GitHub Container Registry,2-core,False,10,0.006,0.0,0.0,0.0,0.0,0.00227143426585,0.00310798380115,-0.0007847064134000014,0.0,False,
synthetic,large-short,S1,min,GitHub Container Registry,2-core,False,100,0.006,0.0,0.0,0.0,0.0,0.00227143426585,0.00310798380115,-0.0007847064134000014,0.0,False,
synthetic,large-short,S1,min,GitHub Container Registry,2-core,False,1000,0.006,0.0,0.0,0.0,0.0,0.00227143426585,0.00310798380115,-0.0007847064134000014,0.0,False,
synthetic,large-short,S1,min,GitHub Container Registry,4-core,True,10,0.012,0.0,0.0,0.0,0.0,0.0045428685317,0.0062159676023,-0.0015694128268000029,0.0,False,
synthetic,large-short,S1,min,GitHub Container Registry,4-core,True,100,0.012,0.0,0.0,0.0,0.0,0.0045428685317,0.0062159676023,-0.0015694128268000029,0.0,False,
synthetic,large-short,S1,min,GitHub Container Registry,4-core,True,1000,0.012,0.0,0.0,0.0,0.0,0.0045428685317,0.0062159676023,-0.0015694128268000029,0.0,False,
synthetic,large-short,S1,min,GitHub Container Registry,8-core,False,10,0.022,0.0,0.0,0.0,0.0,0.008328592308116667,0.011395940604216667,-0.002877256849133338,0.0,False,
synthetic,large-short,S1,min,GitHub Container Registry,8-core,False,100,0.022,0.0,0.0,0.0,0.0,0.008328592308116667,0.011395940604216667,-0.002877256849133338,0.0,False,
synthetic,large-short,S1,min,GitHub Container Registry,8-core,False,1000,0.022,0.0,0.0,0.0,0.0,0.008328592308116667,0.011395940604216667,-0.002877256849133338,0.0,False,
synthetic,large-short,S1,min,Amazon ECR,1-core,False,10,0.002,0.09,0.1,45.0,50.0,0.0007571447552833333,0.004183408675383334,-0.00026156880446666716,0.003147414075000001,False,
synthetic,large-short,S1,min,Amazon ECR,1-core,False,100,0.002,0.09,0.1,45.0,50.0,0.0007571447552833333,0.0013507435003833335,-0.00026156880446666716,0.0003147489000000001,False,
synthetic,large-short,S1,min,Amazon ECR,1-core,False,1000,0.002,0.09,0.1,45.0,50.0,0.0007571447552833333,0.0010674769828833335,-0.00026156880446666716,3.1482382500000004e-05,False,
synthetic,large-short,S1,min,Amazon ECR,2-core,False,10,0.006,0.09,0.1,15.0,16.666666666666668,0.00227143426585,0.006255397876150001,-0.0007847064134000014,0.003147414075000001,False,
synthetic,large-short,S1,min,Amazon ECR,2-core,False,100,0.006,0.09,0.1,15.0,16.666666666666668,0.00227143426585,0.00342273270115,-0.0007847064134000014,0.0003147489000000001,False,
synthetic,large-short,S1,min,Amazon ECR,2-core,False,1000,0.006,0.09,0.1,15.0,16.666666666666668,0.00227143426585,0.00313946618365,-0.0007847064134000014,3.1482382500000004e-05,False,
synthetic,large-short,S1,min,Amazon ECR,4-core,True,10,0.012,0.09,0.1,7.5,8.333333333333334,0.0045428685317,0.009363381677300001,-0.0015694128268000029,0.003147414075000001,False,
synthetic,large-short,S1,min,Amazon ECR,4-core,True,100,0.012,0.09,0.1,7.5,8.333333333333334,0.0045428685317,0.0065307165023,-0.0015694128268000029,0.0003147489000000001,False,
synthetic,large-short,S1,min,Amazon ECR,4-core,True,1000,0.012,0.09,0.1,7.5,8.333333333333334,0.0045428685317,0.0062474499848,-0.0015694128268000029,3.1482382500000004e-05,False,
synthetic,large-short,S1,min,Amazon ECR,8-core,False,10,0.022,0.09,0.1,4.090909090909091,4.545454545454546,0.008328592308116667,0.014543354679216667,-0.002877256849133338,0.003147414075000001,False,
synthetic,large-short,S1,min,Amazon ECR,8-core,False,100,0.022,0.09,0.1,4.090909090909091,4.545454545454546,0.008328592308116667,0.011710689504216667,-0.002877256849133338,0.0003147489000000001,False,
synthetic,large-short,S1,min,Amazon ECR,8-core,False,1000,0.022,0.09,0.1,4.090909090909091,4.545454545454546,0.008328592308116667,0.011427422986716666,-0.002877256849133338,3.1482382500000004e-05,False,
synthetic,large-short,S1,min,Google Artifact Registry,1-core,False,10,0.002,0.11175870895385742,0.09313225746154785,55.87935447692871,46.566128730773926,0.0007571447552833333,0.003967254964513473,-0.00026156880446666716,0.00293126036413014,False,
synthetic,large-short,S1,min,Google Artifact Registry,1-core,False,100,0.002,0.11175870895385742,0.09313225746154785,55.87935447692871,46.566128730773926,0.0007571447552833333,0.0013291299407088679,-0.00026156880446666716,0.00029313534032553433,False,
synthetic,large-short,S1,min,Google Artifact Registry,1-core,False,1000,0.002,0.11175870895385742,0.09313225746154785,55.87935447692871,46.566128730773926,0.0007571447552833333,0.0010653174383284073,-0.00026156880446666716,2.9322837945073844e-05,False,
synthetic,large-short,S1,min,Google Artifact Registry,2-core,False,10,0.006,0.11175870895385742,0.09313225746154785,18.62645149230957,15.522042910257975,0.00227143426585,0.0060392441652801394,-0.0007847064134000014,0.00293126036413014,False,
synthetic,large-short,S1,min,Google Artifact Registry,2-core,False,100,0.006,0.11175870895385742,0.09313225746154785,18.62645149230957,15.522042910257975,0.00227143426585,0.003401119141475534,-0.0007847064134000014,0.00029313534032553433,False,
synthetic,large-short,S1,min,Google Artifact Registry,2-core,False,1000,0.006,0.11175870895385742,0.09313225746154785,18.62645149230957,15.522042910257975,0.00227143426585,0.003137306639095074,-0.0007847064134000014,2.9322837945073844e-05,False,
synthetic,large-short,S1,min,Google Artifact Registry,4-core,True,10,0.012,0.11175870895385742,0.09313225746154785,9.313225746154785,7.761021455128987,0.0045428685317,0.00914722796643014,-0.0015694128268000029,0.00293126036413014,False,
synthetic,large-short,S1,min,Google Artifact Registry,4-core,True,100,0.012,0.11175870895385742,0.09313225746154785,9.313225746154785,7.761021455128987,0.0045428685317,0.006509102942625534,-0.0015694128268000029,0.00029313534032553433,False,
synthetic,large-short,S1,min,Google Artifact Registry,4-core,True,1000,0.012,0.11175870895385742,0.09313225746154785,9.313225746154785,7.761021455128987,0.0045428685317,0.006245290440245074,-0.0015694128268000029,2.9322837945073844e-05,False,
synthetic,large-short,S1,min,Google Artifact Registry,8-core,False,10,0.022,0.11175870895385742,0.09313225746154785,5.079941316084429,4.233284430070357,0.008328592308116667,0.014327200968346807,-0.002877256849133338,0.00293126036413014,False,
synthetic,large-short,S1,min,Google Artifact Registry,8-core,False,100,0.022,0.11175870895385742,0.09313225746154785,5.079941316084429,4.233284430070357,0.008328592308116667,0.011689075944542202,-0.002877256849133338,0.00029313534032553433,False,
synthetic,large-short,S1,min,Google Artifact Registry,8-core,False,1000,0.022,0.11175870895385742,0.09313225746154785,5.079941316084429,4.233284430070357,0.008328592308116667,0.011425263442161741,-0.002877256849133338,2.9322837945073844e-05,False,
synthetic,large-short,S1,min,Azure Container Registry,1-core,False,10,0.002,0.087,0.1,43.49999999999999,50.0,0.0007571447552833333,0.004183408397883334,-0.00026156880446666716,0.003147413797500001,False,
synthetic,large-short,S1,min,Azure Container Registry,1-core,False,100,0.002,0.087,0.1,43.49999999999999,50.0,0.0007571447552833333,0.0013507432228833335,-0.00026156880446666716,0.00031474862250000006,False,
synthetic,large-short,S1,min,Azure Container Registry,1-core,False,1000,0.002,0.087,0.1,43.49999999999999,50.0,0.0007571447552833333,0.0010674767053833335,-0.00026156880446666716,3.1482105e-05,False,
synthetic,large-short,S1,min,Azure Container Registry,2-core,False,10,0.006,0.087,0.1,14.499999999999998,16.666666666666668,0.00227143426585,0.0062553975986500004,-0.0007847064134000014,0.003147413797500001,False,
synthetic,large-short,S1,min,Azure Container Registry,2-core,False,100,0.006,0.087,0.1,14.499999999999998,16.666666666666668,0.00227143426585,0.00342273242365,-0.0007847064134000014,0.00031474862250000006,False,
synthetic,large-short,S1,min,Azure Container Registry,2-core,False,1000,0.006,0.087,0.1,14.499999999999998,16.666666666666668,0.00227143426585,0.00313946590615,-0.0007847064134000014,3.1482105e-05,False,
synthetic,large-short,S1,min,Azure Container Registry,4-core,True,10,0.012,0.087,0.1,7.249999999999999,8.333333333333334,0.0045428685317,0.009363381399800001,-0.0015694128268000029,0.003147413797500001,False,
synthetic,large-short,S1,min,Azure Container Registry,4-core,True,100,0.012,0.087,0.1,7.249999999999999,8.333333333333334,0.0045428685317,0.0065307162248000004,-0.0015694128268000029,0.00031474862250000006,False,
synthetic,large-short,S1,min,Azure Container Registry,4-core,True,1000,0.012,0.087,0.1,7.249999999999999,8.333333333333334,0.0045428685317,0.0062474497073,-0.0015694128268000029,3.1482105e-05,False,
synthetic,large-short,S1,min,Azure Container Registry,8-core,False,10,0.022,0.087,0.1,3.9545454545454546,4.545454545454546,0.008328592308116667,0.014543354401716668,-0.002877256849133338,0.003147413797500001,False,
synthetic,large-short,S1,min,Azure Container Registry,8-core,False,100,0.022,0.087,0.1,3.9545454545454546,4.545454545454546,0.008328592308116667,0.011710689226716666,-0.002877256849133338,0.00031474862250000006,False,
synthetic,large-short,S1,min,Azure Container Registry,8-core,False,1000,0.022,0.087,0.1,3.9545454545454546,4.545454545454546,0.008328592308116667,0.011427422709216666,-0.002877256849133338,3.1482105e-05,False,
synthetic,large-short,S1,max,GitHub Container Registry,1-core,False,10,0.002,0.0,0.0,0.0,0.0,0.0007571447552833333,0.001293651878216666,-0.0005034735697999997,0.0,False,
synthetic,large-short,S1,max,GitHub Container Registry,1-core,False,100,0.002,0.0,0.0,0.0,0.0,0.0007571447552833333,0.001293651878216666,-0.0005034735697999997,0.0,False,
synthetic,large-short,S1,max,GitHub Container Registry,1-core,False,1000,0.002,0.0,0.0,0.0,0.0,0.0007571447552833333,0.001293651878216666,-0.0005034735697999997,0.0,False,
synthetic,large-short,S1,max,GitHub Container Registry,2-core,False,10,0.006,0.0,0.0,0.0,0.0,0.00227143426585,0.0038809556346499985,-0.0015104207093999992,0.0,False,
synthetic,large-short,S1,max,GitHub Container Registry,2-core,False,100,0.006,0.0,0.0,0.0,0.0,0.00227143426585,0.0038809556346499985,-0.0015104207093999992,0.0,False,
synthetic,large-short,S1,max,GitHub Container Registry,2-core,False,1000,0.006,0.0,0.0,0.0,0.0,0.00227143426585,0.0038809556346499985,-0.0015104207093999992,0.0,False,
synthetic,large-short,S1,max,GitHub Container Registry,4-core,True,10,0.012,0.0,0.0,0.0,0.0,0.0045428685317,0.007761911269299997,-0.0030208414187999984,0.0,False,
synthetic,large-short,S1,max,GitHub Container Registry,4-core,True,100,0.012,0.0,0.0,0.0,0.0,0.0045428685317,0.007761911269299997,-0.0030208414187999984,0.0,False,
synthetic,large-short,S1,max,GitHub Container Registry,4-core,True,1000,0.012,0.0,0.0,0.0,0.0,0.0045428685317,0.007761911269299997,-0.0030208414187999984,0.0,False,
synthetic,large-short,S1,max,GitHub Container Registry,8-core,False,10,0.022,0.0,0.0,0.0,0.0,0.008328592308116667,0.014230170660383326,-0.005538209267799996,0.0,False,
synthetic,large-short,S1,max,GitHub Container Registry,8-core,False,100,0.022,0.0,0.0,0.0,0.0,0.008328592308116667,0.014230170660383326,-0.005538209267799996,0.0,False,
synthetic,large-short,S1,max,GitHub Container Registry,8-core,False,1000,0.022,0.0,0.0,0.0,0.0,0.008328592308116667,0.014230170660383326,-0.005538209267799996,0.0,False,
synthetic,large-short,S1,max,Amazon ECR,1-core,False,10,0.002,0.09,0.1,45.0,50.0,0.0007571447552833333,0.06354452160321668,-0.0005034735697999997,0.062250869725000005,False,
synthetic,large-short,S1,max,Amazon ECR,1-core,False,100,0.002,0.09,0.1,45.0,50.0,0.0007571447552833333,0.05104254673221667,-0.0005034735697999997,0.049748894854000004,False,
synthetic,large-short,S1,max,Amazon ECR,1-core,False,1000,0.002,0.09,0.1,45.0,50.0,0.0007571447552833333,0.04979234924511667,-0.0005034735697999997,0.048498697366900004,False,
synthetic,large-short,S1,max,Amazon ECR,2-core,False,10,0.006,0.09,0.1,15.0,16.666666666666668,0.00227143426585,0.06613182535965001,-0.0015104207093999992,0.062250869725000005,False,
synthetic,large-short,S1,max,Amazon ECR,2-core,False,100,0.006,0.09,0.1,15.0,16.666666666666668,0.00227143426585,0.05362985048865,-0.0015104207093999992,0.049748894854000004,False,
synthetic,large-short,S1,max,Amazon ECR,2-core,False,1000,0.006,0.09,0.1,15.0,16.666666666666668,0.00227143426585,0.05237965300155,-0.0015104207093999992,0.048498697366900004,False,
synthetic,large-short,S1,max,Amazon ECR,4-core,True,10,0.012,0.09,0.1,7.5,8.333333333333334,0.0045428685317,0.0700127809943,-0.0030208414187999984,0.062250869725000005,False,
synthetic,large-short,S1,max,Amazon ECR,4-core,True,100,0.012,0.09,0.1,7.5,8.333333333333334,0.0045428685317,0.0575108061233,-0.0030208414187999984,0.049748894854000004,False,
synthetic,large-short,S1,max,Amazon ECR,4-core,True,1000,0.012,0.09,0.1,7.5,8.333333333333334,0.0045428685317,0.0562606086362,-0.0030208414187999984,0.048498697366900004,False,
synthetic,large-short,S1,max,Amazon ECR,8-core,False,10,0.022,0.09,0.1,4.090909090909091,4.545454545454546,0.008328592308116667,0.07648104038538334,-0.005538209267799996,0.062250869725000005,False,
synthetic,large-short,S1,max,Amazon ECR,8-core,False,100,0.022,0.09,0.1,4.090909090909091,4.545454545454546,0.008328592308116667,0.06397906551438333,-0.005538209267799996,0.049748894854000004,False,
synthetic,large-short,S1,max,Amazon ECR,8-core,False,1000,0.022,0.09,0.1,4.090909090909091,4.545454545454546,0.008328592308116667,0.06272886802728334,-0.005538209267799996,0.048498697366900004,False,
synthetic,large-short,S1,max,Google Artifact Registry,1-core,False,10,0.002,0.11175870895385742,0.09313225746154785,55.87935447692871,46.566128730773926,0.0007571447552833333,0.07428214577710014,-0.0005034735697999997,0.07298849389888347,False,
synthetic,large-short,S1,max,Google Artifact Registry,1-core,False,100,0.002,0.11175870895385742,0.09313225746154785,55.87935447692871,46.566128730773926,0.0007571447552833333,0.0626387743524624,-0.0005034735697999997,0.06134512247424573,False,
synthetic,large-short,S1,max,Google Artifact Registry,1-core,False,1000,0.002,0.11175870895385742,0.09313225746154785,55.87935447692871,46.566128730773926,0.0007571447552833333,0.06147443720999862,-0.0005034735697999997,0.06018078533178196,False,
synthetic,large-short,S1,max,Google Artifact Registry,2-core,False,10,0.006,0.11175870895385742,0.09313225746154785,18.62645149230957,15.522042910257975,0.00227143426585,0.07686944953353347,-0.0015104207093999992,0.07298849389888347,False,
synthetic,large-short,S1,max,Google Artifact Registry,2-core,False,100,0.006,0.11175870895385742,0.09313225746154785,18.62645149230957,15.522042910257975,0.00227143426585,0.06522607810889573,-0.0015104207093999992,0.06134512247424573,False,
synthetic,large-short,S1,max,Google Artifact Registry,2-core,False,1000,0.006,0.11175870895385742,0.09313225746154785,18.62645149230957,15.522042910257975,0.00227143426585,0.06406174096643195,-0.0015104207093999992,0.06018078533178196,False,
synthetic,large-short,S1,max,Google Artifact Registry,4-core,True,10,0.012,0.11175870895385742,0.09313225746154785,9.313225746154785,7.761021455128987,0.0045428685317,0.08075040516818346,-0.0030208414187999984,0.07298849389888347,False,
synthetic,large-short,S1,max,Google Artifact Registry,4-core,True,100,0.012,0.11175870895385742,0.09313225746154785,9.313225746154785,7.761021455128987,0.0045428685317,0.06910703374354572,-0.0030208414187999984,0.06134512247424573,False,
synthetic,large-short,S1,max,Google Artifact Registry,4-core,True,1000,0.012,0.11175870895385742,0.09313225746154785,9.313225746154785,7.761021455128987,0.0045428685317,0.06794269660108196,-0.0030208414187999984,0.06018078533178196,False,
synthetic,large-short,S1,max,Google Artifact Registry,8-core,False,10,0.022,0.11175870895385742,0.09313225746154785,5.079941316084429,4.233284430070357,0.008328592308116667,0.0872186645592668,-0.005538209267799996,0.07298849389888347,False,
synthetic,large-short,S1,max,Google Artifact Registry,8-core,False,100,0.022,0.11175870895385742,0.09313225746154785,5.079941316084429,4.233284430070357,0.008328592308116667,0.07557529313462906,-0.005538209267799996,0.06134512247424573,False,
synthetic,large-short,S1,max,Google Artifact Registry,8-core,False,1000,0.022,0.11175870895385742,0.09313225746154785,5.079941316084429,4.233284430070357,0.008328592308116667,0.07441095599216528,-0.005538209267799996,0.06018078533178196,False,
synthetic,large-short,S1,max,Azure Container Registry,1-core,False,10,0.002,0.087,0.1,43.49999999999999,50.0,0.0007571447552833333,0.06193252871871666,-0.0005034735697999997,0.0606388768405,False,
synthetic,large-short,S1,max,Azure Container Registry,1-core,False,100,0.002,0.087,0.1,43.49999999999999,50.0,0.0007571447552833333,0.04943055384771666,-0.0005034735697999997,0.0481369019695,False,
synthetic,large-short,S1,max,Azure Container Registry,1-core,False,1000,0.002,0.087,0.1,43.49999999999999,50.0,0.0007571447552833333,0.04818035636061666,-0.0005034735697999997,0.046886704482399996,False,
synthetic,large-short,S1,max,Azure Container Registry,2-core,False,10,0.006,0.087,0.1,14.499999999999998,16.666666666666668,0.00227143426585,0.06451983247515,-0.0015104207093999992,0.0606388768405,False,
synthetic,large-short,S1,max,Azure Container Registry,2-core,False,100,0.006,0.087,0.1,14.499999999999998,16.666666666666668,0.00227143426585,0.052017857604149995,-0.0015104207093999992,0.0481369019695,False,
synthetic,large-short,S1,max,Azure Container Registry,2-core,False,1000,0.006,0.087,0.1,14.499999999999998,16.666666666666668,0.00227143426585,0.050767660117049994,-0.0015104207093999992,0.046886704482399996,False,
synthetic,large-short,S1,max,Azure Container Registry,4-core,True,10,0.012,0.087,0.1,7.249999999999999,8.333333333333334,0.0045428685317,0.06840078810979999,-0.0030208414187999984,0.0606388768405,False,
synthetic,large-short,S1,max,Azure Container Registry,4-core,True,100,0.012,0.087,0.1,7.249999999999999,8.333333333333334,0.0045428685317,0.05589881323879999,-0.0030208414187999984,0.0481369019695,False,
synthetic,large-short,S1,max,Azure Container Registry,4-core,True,1000,0.012,0.087,0.1,7.249999999999999,8.333333333333334,0.0045428685317,0.05464861575169999,-0.0030208414187999984,0.046886704482399996,False,
synthetic,large-short,S1,max,Azure Container Registry,8-core,False,10,0.022,0.087,0.1,3.9545454545454546,4.545454545454546,0.008328592308116667,0.07486904750088333,-0.005538209267799996,0.0606388768405,False,
synthetic,large-short,S1,max,Azure Container Registry,8-core,False,100,0.022,0.087,0.1,3.9545454545454546,4.545454545454546,0.008328592308116667,0.06236707262988332,-0.005538209267799996,0.0481369019695,False,
synthetic,large-short,S1,max,Azure Container Registry,8-core,False,1000,0.022,0.087,0.1,3.9545454545454546,4.545454545454546,0.008328592308116667,0.06111687514278332,-0.005538209267799996,0.046886704482399996,False,
synthetic,large-short,S2,min,GitHub Container Registry,1-core,False,10,0.002,0.0,0.0,0.0,0.0,0.0007418475313499997,0.0009848083422000012,-0.0002310622611666664,0.0,False,
synthetic,large-short,S2,min,GitHub Container Registry,1-core,False,100,0.002,0.0,0.0,0.0,0.0,0.0007418475313499997,0.0009848083422000012,-0.0002310622611666664,0.0,False,
synthetic,large-short,S2,min,GitHub Container Registry,1-core,False,1000,0.002,0.0,0.0,0.0,0.0,0.0007418475313499997,0.0009848083422000012,-0.0002310622611666664,0.0,False,
synthetic,large-short,S2,min,GitHub Container Registry,2-core,False,10,0.006,0.0,0.0,0.0,0.0,0.0022255425940499994,0.0029544250266000036,-0.0006931867834999992,0.0,False,
synthetic,large-short,S2,min,GitHub Container Registry,2-core,False,100,0.006,0.0,0.0,0.0,0.0,0.0022255425940499994,0.0029544250266000036,-0.0006931867834999992,0.0,False,
synthetic,large-short,S2,min,GitHub Container Registry,2-core,False,1000,0.006,0.0,0.0,0.0,0.0,0.0022255425940499994,0.0029544250266000036,-0.0006931867834999992,0.0,False,
synthetic,large-short,S2,min,GitHub Container Registry,4-core,True,10,0.012,0.0,0.0,0.0,0.0,0.004451085188099999,0.005908850053200007,-0.0013863735669999984,0.0,False,
synthetic,large-short,S2,min,GitHub Container Registry,4-core,True,100,0.012,0.0,0.0,0.0,0.0,0.004451085188099999,0.005908850053200007,-0.0013863735669999984,0.0,False,
synthetic,large-short,S2,min,GitHub Container Registry,4-core,True,1000,0.012,0.0,0.0,0.0,0.0,0.004451085188099999,0.005908850053200007,-0.0013863735669999984,0.0,False,
synthetic,large-short,S2,min,GitHub Container Registry,8-core,False,10,0.022,0.0,0.0,0.0,0.0,0.008160322844849997,0.010832891764200011,-0.00254168487283333,0.0,False,
synthetic,large-short,S2,min,GitHub Container Registry,8-core,False,100,0.022,0.0,0.0,0.0,0.0,0.008160322844849997,0.010832891764200011,-0.00254168487283333,0.0,False,
synthetic,large-short,S2,min,GitHub Container Registry,8-core,False,1000,0.022,0.0,0.0,0.0,0.0,0.008160322844849997,0.010832891764200011,-0.00254168487283333,0.0,False,
synthetic,large-short,S2,min,Amazon ECR,1-core,False,10,0.002,0.09,0.1,45.0,50.0,0.0007418475313499997,0.004132222432200001,-0.0002310622611666664,0.0031474140900000004,False,
synthetic,large-short,S2,min,Amazon ECR,1-core,False,100,0.002,0.09,0.1,45.0,50.0,0.0007418475313499997,0.0012995572842000012,-0.0002310622611666664,0.00031474894200000003,False,
synthetic,large-short,S2,min,Amazon ECR,1-core,False,1000,0.002,0.09,0.1,45.0,50.0,0.0007418475313499997,0.0010162907694000012,-0.0002310622611666664,3.1482427200000006e-05,False,
synthetic,large-short,S2,min,Amazon ECR,2-core,False,10,0.006,0.09,0.1,15.0,16.666666666666668,0.0022255425940499994,0.0061018391166000035,-0.0006931867834999992,0.0031474140900000004,False,
synthetic,large-short,S2,min,Amazon ECR,2-core,False,100,0.006,0.09,0.1,15.0,16.666666666666668,0.0022255425940499994,0.0032691739686000034,-0.0006931867834999992,0.00031474894200000003,False,
synthetic,large-short,S2,min,Amazon ECR,2-core,False,1000,0.006,0.09,0.1,15.0,16.666666666666668,0.0022255425940499994,0.0029859074538000035,-0.0006931867834999992,3.1482427200000006e-05,False,
synthetic,large-short,S2,min,Amazon ECR,4-core,True,10,0.012,0.09,0.1,7.5,8.333333333333334,0.004451085188099999,0.009056264143200007,-0.0013863735669999984,0.0031474140900000004,False,
synthetic,large-short,S2,min,Amazon ECR,4-core,True,100,0.012,0.09,0.1,7.5,8.333333333333334,0.004451085188099999,0.006223598995200007,-0.0013863735669999984,0.00031474894200000003,False,
synthetic,large-short,S2,min,Amazon ECR,4-core,True,1000,0.012,0.09,0.1,7.5,8.333333333333334,0.004451085188099999,0.0059403324804000075,-0.0013863735669999984,3.1482427200000006e-05,False,
synthetic,large-short,S2,min,Amazon ECR,8-core,False,10,0.022,0.09,0.1,4.090909090909091,4.545454545454546,0.008160322844849997,0.013980305854200011,-0.00254168487283333,0.0031474140900000004,False,
synthetic,large-short,S2,min,Amazon ECR,8-core,False,100,0.022,0.09,0.1,4.090909090909091,4.545454545454546,0.008160322844849997,0.011147640706200012,-0.00254168487283333,0.00031474894200000003,False,
synthetic,large-short,S2,min,Amazon ECR,8-core,False,1000,0.022,0.09,0.1,4.090909090909091,4.545454545454546,0.008160322844849997,0.010864374191400012,-0.00254168487283333,3.1482427200000006e-05,False,
synthetic,large-short,S2,min,Google Artifact Registry,1-core,False,10,0.002,0.11175870895385742,0.09313225746154785,55.87935447692871,46.566128730773926,0.0007418475313499997,0.003916068734269818,-0.0002310622611666664,0.0029312603920698165,False,
synthetic,large-short,S2,min,Google Artifact Registry,1-core,False,100,0.002,0.11175870895385742,0.09313225746154785,55.87935447692871,46.566128730773926,0.0007418475313499997,0.0012779437356109221,-0.0002310622611666664,0.00029313539341092106,False,
synthetic,large-short,S2,min,Google Artifact Registry,1-core,False,1000,0.002,0.11175870895385742,0.09313225746154785,55.87935447692871,46.566128730773926,0.0007418475313499997,0.0010141312357450328,-0.0002310622611666664,2.9322893545031547e-05,False,
synthetic,large-short,S2,min,Google Artifact Registry,2-core,False,10,0.006,0.11175870895385742,0.09313225746154785,18.62645149230957,15.522042910257975,0.0022255425940499994,0.00588568541866982,-0.0006931867834999992,0.0029312603920698165,False,
synthetic,large-short,S2,min,Google Artifact Registry,2-core,False,100,0.006,0.11175870895385742,0.09313225746154785,18.62645149230957,15.522042910257975,0.0022255425940499994,0.0032475604200109245,-0.0006931867834999992,0.00029313539341092106,False,
synthetic,large-short,S2,min,Google Artifact Registry,2-core,False,1000,0.006,0.11175870895385742,0.09313225746154785,18.62645149230957,15.522042910257975,0.0022255425940499994,0.002983747920145035,-0.0006931867834999992,2.9322893545031547e-05,False,
synthetic,large-short,S2,min,Google Artifact Registry,4-core,True,10,0.012,0.11175870895385742,0.09313225746154785,9.313225746154785,7.761021455128987,0.004451085188099999,0.008840110445269823,-0.0013863735669999984,0.0029312603920698165,False,
synthetic,large-short,S2,min,Google Artifact Registry,4-core,True,100,0.012,0.11175870895385742,0.09313225746154785,9.313225746154785,7.761021455128987,0.004451085188099999,0.006201985446610928,-0.0013863735669999984,0.00029313539341092106,False,
synthetic,large-short,S2,min,Google Artifact Registry,4-core,True,1000,0.012,0.11175870895385742,0.09313225746154785,9.313225746154785,7.761021455128987,0.004451085188099999,0.0059381729467450385,-0.0013863735669999984,2.9322893545031547e-05,False,
synthetic,large-short,S2,min,Google Artifact Registry,8-core,False,10,0.022,0.11175870895385742,0.09313225746154785,5.079941316084429,4.233284430070357,0.008160322844849997,0.013764152156269829,-0.00254168487283333,0.0029312603920698165,False,
synthetic,large-short,S2,min,Google Artifact Registry,8-core,False,100,0.022,0.11175870895385742,0.09313225746154785,5.079941316084429,4.233284430070357,0.008160322844849997,0.011126027157610933,-0.00254168487283333,0.00029313539341092106,False,
synthetic,large-short,S2,min,Google Artifact Registry,8-core,False,1000,0.022,0.11175870895385742,0.09313225746154785,5.079941316084429,4.233284430070357,0.008160322844849997,0.010862214657745043,-0.00254168487283333,2.9322893545031547e-05,False,
synthetic,large-short,S2,min,Azure Container Registry,1-core,False,10,0.002,0.087,0.1,43.49999999999999,50.0,0.0007418475313499997,0.004132222153200002,-0.0002310622611666664,0.0031474138110000006,False,
synthetic,large-short,S2,min,Azure Container Registry,1-core,False,100,0.002,0.087,0.1,43.49999999999999,50.0,0.0007418475313499997,0.0012995570052000012,-0.0002310622611666664,0.000314748663,False,
synthetic,large-short,S2,min,Azure Container Registry,1-core,False,1000,0.002,0.087,0.1,43.49999999999999,50.0,0.0007418475313499997,0.0010162904904000012,-0.0002310622611666664,3.14821482e-05,False,
synthetic,large-short,S2,min,Azure Container Registry,2-core,False,10,0.006,0.087,0.1,14.499999999999998,16.666666666666668,0.0022255425940499994,0.006101838837600004,-0.0006931867834999992,0.0031474138110000006,False,
synthetic,large-short,S2,min,Azure Container Registry,2-core,False,100,0.006,0.087,0.1,14.499999999999998,16.666666666666668,0.0022255425940499994,0.0032691736896000036,-0.0006931867834999992,0.000314748663,False,
synthetic,large-short,S2,min,Azure Container Registry,2-core,False,1000,0.006,0.087,0.1,14.499999999999998,16.666666666666668,0.0022255425940499994,0.0029859071748000033,-0.0006931867834999992,3.14821482e-05,False,
synthetic,large-short,S2,min,Azure Container Registry,4-core,True,10,0.012,0.087,0.1,7.249999999999999,8.333333333333334,0.004451085188099999,0.009056263864200009,-0.0013863735669999984,0.0031474138110000006,False,
synthetic,large-short,S2,min,Azure Container Registry,4-core,True,100,0.012,0.087,0.1,7.249999999999999,8.333333333333334,0.004451085188099999,0.006223598716200007,-0.0013863735669999984,0.000314748663,False,
synthetic,large-short,S2,min,Azure Container Registry,4-core,True,1000,0.012,0.087,0.1,7.249999999999999,8.333333333333334,0.004451085188099999,0.005940332201400007,-0.0013863735669999984,3.14821482e-05,False,
synthetic,large-short,S2,min,Azure Container Registry,8-core,False,10,0.022,0.087,0.1,3.9545454545454546,4.545454545454546,0.008160322844849997,0.013980305575200011,-0.00254168487283333,0.0031474138110000006,False,
synthetic,large-short,S2,min,Azure Container Registry,8-core,False,100,0.022,0.087,0.1,3.9545454545454546,4.545454545454546,0.008160322844849997,0.011147640427200012,-0.00254168487283333,0.000314748663,False,
synthetic,large-short,S2,min,Azure Container Registry,8-core,False,1000,0.022,0.087,0.1,3.9545454545454546,4.545454545454546,0.008160322844849997,0.010864373912400012,-0.00254168487283333,3.14821482e-05,False,
synthetic,large-short,S2,max,GitHub Container Registry,1-core,False,10,0.002,0.0,0.0,0.0,0.0,0.0007418475313499997,0.001344358179533333,-0.0005528444464333328,0.0,False,
synthetic,large-short,S2,max,GitHub Container Registry,1-core,False,100,0.002,0.0,0.0,0.0,0.0,0.0007418475313499997,0.001344358179533333,-0.0005528444464333328,0.0,False,
synthetic,large-short,S2,max,GitHub Container Registry,1-core,False,1000,0.002,0.0,0.0,0.0,0.0,0.0007418475313499997,0.001344358179533333,-0.0005528444464333328,0.0,False,
synthetic,large-short,S2,max,GitHub Container Registry,2-core,False,10,0.006,0.0,0.0,0.0,0.0,0.0022255425940499994,0.004033074538599999,-0.0016585333392999987,0.0,False,
synthetic,large-short,S2,max,GitHub Container Registry,2-core,False,100,0.006,0.0,0.0,0.0,0.0,0.0022255425940499994,0.004033074538599999,-0.0016585333392999987,0.0,False,
synthetic,large-short,S2,max,GitHub Container Registry,2-core,False,1000,0.006,0.0,0.0,0.0,0.0,0.0022255425940499994,0.004033074538599999,-0.0016585333392999987,0.0,False,
synthetic,large-short,S2,max,GitHub Container Registry,4-core,True,10,0.012,0.0,0.0,0.0,0.0,0.004451085188099999,0.008066149077199998,-0.0033170666785999974,0.0,False,
synthetic,large-short,S2,max,GitHub Container Registry,4-core,True,100,0.012,0.0,0.0,0.0,0.0,0.004451085188099999,0.008066149077199998,-0.0033170666785999974,0.0,False,
synthetic,large-short,S2,max,GitHub Container Registry,4-core,True,1000,0.012,0.0,0.0,0.0,0.0,0.004451085188099999,0.008066149077199998,-0.0033170666785999974,0.0,False,
synthetic,large-short,S2,max,GitHub Container Registry,8-core,False,10,0.022,0.0,0.0,0.0,0.0,0.008160322844849997,0.014787939974866663,-0.006081288910766661,0.0,False,
synthetic,large-short,S2,max,GitHub Container Registry,8-core,False,100,0.022,0.0,0.0,0.0,0.0,0.008160322844849997,0.014787939974866663,-0.006081288910766661,0.0,False,
synthetic,large-short,S2,max,GitHub Container Registry,8-core,False,1000,0.022,0.0,0.0,0.0,0.0,0.008160322844849997,0.014787939974866663,-0.006081288910766661,0.0,False,
synthetic,large-short,S2,max,Amazon ECR,1-core,False,10,0.002,0.09,0.1,45.0,50.0,0.0007418475313499997,0.03942861012453333,-0.0005528444464333328,0.038084251944999994,False,
synthetic,large-short,S2,max,Amazon ECR,1-core,False,100,0.002,0.09,0.1,45.0,50.0,0.0007418475313499997,0.02692663507803333,-0.0005528444464333328,0.025582276898499998,False,
synthetic,large-short,S2,max,Amazon ECR,1-core,False,1000,0.002,0.09,0.1,45.0,50.0,0.0007418475313499997,0.02567643757338333,-0.0005528444464333328,0.024332079393849997,False,
synthetic,large-short,S2,max,Amazon ECR,2-core,False,10,0.006,0.09,0.1,15.0,16.666666666666668,0.0022255425940499994,0.04211732648359999,-0.0016585333392999987,0.038084251944999994,False,
synthetic,large-short,S2,max,Amazon ECR,2-core,False,100,0.006,0.09,0.1,15.0,16.666666666666668,0.0022255425940499994,0.029615351437099997,-0.0016585333392999987,0.025582276898499998,False,
synthetic,large-short,S2,max,Amazon ECR,2-core,False,1000,0.006,0.09,0.1,15.0,16.666666666666668,0.0022255425940499994,0.028365153932449996,-0.0016585333392999987,0.024332079393849997,False,
synthetic,large-short,S2,max,Amazon ECR,4-core,True,10,0.012,0.09,0.1,7.5,8.333333333333334,0.004451085188099999,0.04615040102219999,-0.0033170666785999974,0.038084251944999994,False,
synthetic,large-short,S2,max,Amazon ECR,4-core,True,100,0.012,0.09,0.1,7.5,8.333333333333334,0.004451085188099999,0.033648425975699996,-0.0033170666785999974,0.025582276898499998,False,
synthetic,large-short,S2,max,Amazon ECR,4-core,True,1000,0.012,0.09,0.1,7.5,8.333333333333334,0.004451085188099999,0.03239822847104999,-0.0033170666785999974,0.024332079393849997,False,
synthetic,large-short,S2,max,Amazon ECR,8-core,False,10,0.022,0.09,0.1,4.090909090909091,4.545454545454546,0.008160322844849997,0.052872191919866654,-0.006081288910766661,0.038084251944999994,False,
synthetic,large-short,S2,max,Amazon ECR,8-core,False,100,0.022,0.09,0.1,4.090909090909091,4.545454545454546,0.008160322844849997,0.04037021687336666,-0.006081288910766661,0.025582276898499998,False,
synthetic,large-short,S2,max,Amazon ECR,8-core,False,1000,0.022,0.09,0.1,4.090909090909091,4.545454545454546,0.008160322844849997,0.03912001936871666,-0.006081288910766661,0.024332079393849997,False,
synthetic,large-short,S2,max,Google Artifact Registry,1-core,False,10,0.002,0.11175870895385742,0.09313225746154785,55.87935447692871,46.566128730773926,0.0007418475313499997,0.044323629763723754,-0.0005528444464333328,0.042979271584190425,False,
synthetic,large-short,S2,max,Google Artifact Registry,1-core,False,100,0.002,0.11175870895385742,0.09313225746154785,55.87935447692871,46.566128730773926,0.0007418475313499997,0.03268025817563891,-0.0005528444464333328,0.03133589999610558,False,
synthetic,large-short,S2,max,Google Artifact Registry,1-core,False,1000,0.002,0.11175870895385742,0.09313225746154785,55.87935447692871,46.566128730773926,0.0007418475313499997,0.03151592101683043,-0.0005528444464333328,0.030171562837297095,False,
synthetic,large-short,S2,max,Google Artifact Registry,2-core,False,10,0.006,0.11175870895385742,0.09313225746154785,18.62645149230957,15.522042910257975,0.0022255425940499994,0.04701234612279043,-0.0016585333392999987,0.042979271584190425,False,
synthetic,large-short,S2,max,Google Artifact Registry,2-core,False,100,0.006,0.11175870895385742,0.09313225746154785,18.62645149230957,15.522042910257975,0.0022255425940499994,0.03536897453470558,-0.0016585333392999987,0.03133589999610558,False,
synthetic,large-short,S2,max,Google Artifact Registry,2-core,False,1000,0.006,0.11175870895385742,0.09313225746154785,18.62645149230957,15.522042910257975,0.0022255425940499994,0.034204637375897094,-0.0016585333392999987,0.030171562837297095,False,
synthetic,large-short,S2,max,Google Artifact Registry,4-core,True,10,0.012,0.11175870895385742,0.09313225746154785,9.313225746154785,7.761021455128987,0.004451085188099999,0.05104542066139042,-0.0033170666785999974,0.042979271584190425,False,
synthetic,large-short,S2,max,Google Artifact Registry,4-core,True,100,0.012,0.11175870895385742,0.09313225746154785,9.313225746154785,7.761021455128987,0.004451085188099999,0.03940204907330558,-0.0033170666785999974,0.03133589999610558,False,
synthetic,large-short,S2,max,Google Artifact Registry,4-core,True,1000,0.012,0.11175870895385742,0.09313225746154785,9.313225746154785,7.761021455128987,0.004451085188099999,0.0382377119144971,-0.0033170666785999974,0.030171562837297095,False,
synthetic,large-short,S2,max,Google Artifact Registry,8-core,False,10,0.022,0.11175870895385742,0.09313225746154785,5.079941316084429,4.233284430070357,0.008160322844849997,0.05776721155905709,-0.006081288910766661,0.042979271584190425,False,
synthetic,large-short,S2,max,Google Artifact Registry,8-core,False,100,0.022,0.11175870895385742,0.09313225746154785,5.079941316084429,4.233284430070357,0.008160322844849997,0.04612383997097225,-0.006081288910766661,0.03133589999610558,False,
synthetic,large-short,S2,max,Google Artifact Registry,8-core,False,1000,0.022,0.11175870895385742,0.09313225746154785,5.079941316084429,4.233284430070357,0.008160322844849997,0.04495950281216376,-0.006081288910766661,0.030171562837297095,False,
synthetic,large-short,S2,max,Azure Container Registry,1-core,False,10,0.002,0.087,0.1,43.49999999999999,50.0,0.0007418475313499997,0.03862217117253333,-0.0005528444464333328,0.037277812992999995,False,
synthetic,large-short,S2,max,Azure Container Registry,1-core,False,100,0.002,0.087,0.1,43.49999999999999,50.0,0.0007418475313499997,0.026120196126033328,-0.0005528444464333328,0.024775837946499995,False,
synthetic,large-short,S2,max,Azure Container Registry,1-core,False,1000,0.002,0.087,0.1,43.49999999999999,50.0,0.0007418475313499997,0.024869998621383328,-0.0005528444464333328,0.023525640441849995,False,
synthetic,large-short,S2,max,Azure Container Registry,2-core,False,10,0.006,0.087,0.1,14.499999999999998,16.666666666666668,0.0022255425940499994,0.04131088753159999,-0.0016585333392999987,0.037277812992999995,False,
synthetic,large-short,S2,max,Azure Container Registry,2-core,False,100,0.006,0.087,0.1,14.499999999999998,16.666666666666668,0.0022255425940499994,0.028808912485099994,-0.0016585333392999987,0.024775837946499995,False,
synthetic,large-short,S2,max,Azure Container Registry,2-core,False,1000,0.006,0.087,0.1,14.499999999999998,16.666666666666668,0.0022255425940499994,0.027558714980449994,-0.0016585333392999987,0.023525640441849995,False,
synthetic,large-short,S2,max,Azure Container Registry,4-core,True,10,0.012,0.087,0.1,7.249999999999999,8.333333333333334,0.004451085188099999,0.04534396207019999,-0.0033170666785999974,0.037277812992999995,False,
synthetic,large-short,S2,max,Azure Container Registry,4-core,True,100,0.012,0.087,0.1,7.249999999999999,8.333333333333334,0.004451085188099999,0.03284198702369999,-0.0033170666785999974,0.024775837946499995,False,
synthetic,large-short,S2,max,Azure Container Registry,4-core,True,1000,0.012,0.087,0.1,7.249999999999999,8.333333333333334,0.004451085188099999,0.03159178951904999,-0.0033170666785999974,0.023525640441849995,False,
synthetic,large-short,S2,max,Azure Container Registry,8-core,False,10,0.022,0.087,0.1,3.9545454545454546,4.545454545454546,0.008160322844849997,0.052065752967866655,-0.006081288910766661,0.037277812992999995,False,
synthetic,large-short,S2,max,Azure Container Registry,8-core,False,100,0.022,0.087,0.1,3.9545454545454546,4.545454545454546,0.008160322844849997,0.03956377792136666,-0.006081288910766661,0.024775837946499995,False,
synthetic,large-short,S2,max,Azure Container Registry,8-core,False,1000,0.022,0.087,0.1,3.9545454545454546,4.545454545454546,0.008160322844849997,0.03831358041671666,-0.006081288910766661,0.023525640441849995,False,
synthetic,large-short,S3,min,GitHub Container Registry,1-core,False,10,0.002,0.0,0.0,0.0,0.0,0.0007772488057333334,0.0007591860719000001,3.91543344833328e-05,0.0,True,0.07290825235178275
synthetic,large-short,S3,min,GitHub Container Registry,1-core,False,100,0.002,0.0,0.0,0.0,0.0,0.0007772488057333334,0.0007591860719000001,3.91543344833328e-05,0.0,True,0.07290825235178275
synthetic,large-short,S3,min,GitHub Container Registry,1-core,False,1000,0.002,0.0,0.0,0.0,0.0,0.0007772488057333334,0.0007591860719000001,3.91543344833328e-05,0.0,True,0.07290825235178275
synthetic,large-short,S3,min,GitHub Container Registry,2-core,False,10,0.006,0.0,0.0,0.0,0.0,0.0023317464172000002,0.0022775582157000002,0.0001174630034499984,0.0,True,0.07290825235178275
synthetic,large-short,S3,min,GitHub Container Registry,2-core,False,100,0.006,0.0,0.0,0.0,0.0,0.0023317464172000002,0.0022775582157000002,0.0001174630034499984,0.0,True,0.07290825235178275
synthetic,large-short,S3,min,GitHub Container Registry,2-core,False,1000,0.006,0.0,0.0,0.0,0.0,0.0023317464172000002,0.0022775582157000002,0.0001174630034499984,0.0,True,0.07290825235178275
synthetic,large-short,S3,min,GitHub Container Registry,4-core,True,10,0.012,0.0,0.0,0.0,0.0,0.0046634928344000005,0.0045551164314000005,0.0002349260068999968,0.0,True,0.07290825235178275
synthetic,large-short,S3,min,GitHub Container Registry,4-core,True,100,0.012,0.0,0.0,0.0,0.0,0.0046634928344000005,0.0045551164314000005,0.0002349260068999968,0.0,True,0.07290825235178275
synthetic,large-short,S3,min,GitHub Container Registry,4-core,True,1000,0.012,0.0,0.0,0.0,0.0,0.0046634928344000005,0.0045551164314000005,0.0002349260068999968,0.0,True,0.07290825235178275
synthetic,large-short,S3,min,GitHub Container Registry,8-core,False,10,0.022,0.0,0.0,0.0,0.0,0.008549736863066665,0.0083510467909,0.0004306976793166607,0.0,True,0.07290825235178275
synthetic,large-short,S3,min,GitHub Container Registry,8-core,False,100,0.022,0.0,0.0,0.0,0.0,0.008549736863066665,0.0083510467909,0.0004306976793166607,0.0,True,0.07290825235178275
synthetic,large-short,S3,min,GitHub Container Registry,8-core,False,1000,0.022,0.0,0.0,0.0,0.0,0.008549736863066665,0.0083510467909,0.0004306976793166607,0.0,True,0.07290825235178275
synthetic,large-short,S3,min,Amazon ECR,1-core,False,10,0.002,0.09,0.1,45.0,50.0,0.0007772488057333334,0.0280732113019,3.91543344833328e-05,0.027314025229999997,False,-5.787816888041211
synthetic,large-short,S3,min,Amazon ECR,1-core,False,100,0.002,0.09,0.1,45.0,50.0,0.0007772488057333334,0.0252405345259,3.91543344833328e-05,0.024481348453999997,False,-0.5131642616875167
synthetic,large-short,S3,min,Amazon ECR,1-core,False,1000,0.002,0.09,0.1,45.0,50.0,0.0007772488057333334,0.0249572668483,3.91543344833328e-05,0.024198080776399997,False,0.014301000947852806
synthetic,large-short,S3,min,Amazon ECR,2-core,False,10,0.006,0.09,0.1,15.0,16.666666666666668,0.0023317464172000002,0.029591583445699995,0.0001174630034499984,0.027314025229999997,False,-1.8806667944458821
synthetic,large-short,S3,min,Amazon ECR,2-core,False,100,0.006,0.09,0.1,15.0,16.666666666666668,0.0023317464172000002,0.026758906669699996,0.0001174630034499984,0.024481348453999997,False,-0.12244925232798372
synthetic,large-short,S3,min,Amazon ECR,2-core,False,1000,0.006,0.09,0.1,15.0,16.666666666666668,0.0023317464172000002,0.026475638992099995,0.0001174630034499984,0.024198080776399997,False,0.0533725018838061
synthetic,large-short,S3,min,Amazon ECR,4-core,True,10,0.012,0.09,0.1,7.5,8.333333333333334,0.0046634928344000005,0.031869141661399994,0.0002349260068999968,0.027314025229999997,False,-0.9038792710470497
synthetic,large-short,S3,min,Amazon ECR,4-core,True,100,0.012,0.09,0.1,7.5,8.333333333333334,0.0046634928344000005,0.029036464885399998,0.0002349260068999968,0.024481348453999997,False,-0.02477049998810049
synthetic,large-short,S3,min,Amazon ECR,4-core,True,1000,0.012,0.09,0.1,7.5,8.333333333333334,0.0046634928344000005,0.028753197207799997,0.0002349260068999968,0.024198080776399997,False,0.06314037711779442
synthetic,large-short,S3,min,Amazon ECR,8-core,False,10,0.022,0.09,0.1,4.090909090909091,4.545454545454546,0.008549736863066665,0.035665072020899996,0.0004306976793166607,0.027314025229999997,False,-0.4598849422293986
synthetic,large-short,S3,min,Amazon ECR,8-core,False,100,0.022,0.09,0.1,4.090909090909091,4.545454545454546,0.008549736863066665,0.032832395244899996,0.0004306976793166607,0.024481348453999997,False,0.01962893289366462
synthetic,large-short,S3,min,Amazon ECR,8-core,False,1000,0.022,0.09,0.1,4.090909090909091,4.545454545454546,0.008549736863066665,0.032549127567299996,0.0004306976793166607,0.024198080776399997,False,0.06758032040597094
synthetic,large-short,S3,min,Google Artifact Registry,1-core,False,10,0.002,0.11175870895385742,0.09313225746154785,55.87935447692871,46.566128730773926,0.0007772488057333334,0.0336996564619218,3.91543344833328e-05,0.0329404703900218,False,-5.385317374512682
synthetic,large-short,S3,min,Google Artifact Registry,1-core,False,100,0.002,0.11175870895385742,0.09313225746154785,55.87935447692871,46.566128730773926,0.0007772488057333334,0.031061520633844007,3.91543344833328e-05,0.030302334561944005,False,-0.4729143103346638
synthetic,large-short,S3,min,Google Artifact Registry,1-core,False,1000,0.002,0.11175870895385742,0.09313225746154785,55.87935447692871,46.566128730773926,0.0007772488057333334,0.030797707051036224,3.91543344833328e-05,0.030038520979136226,False,0.018325996083138098
synthetic,large-short,S3,min,Google Artifact Registry,2-core,False,10,0.006,0.11175870895385742,0.09313225746154785,18.62645149230957,15.522042910257975,0.0023317464172000002,0.0352180286057218,0.0001174630034499984,0.0329404703900218,False,-1.7465002899363722
synthetic,large-short,S3,min,Google Artifact Registry,2-core,False,100,0.006,0.11175870895385742,0.09313225746154785,18.62645149230957,15.522042910257975,0.0023317464172000002,0.032579892777644004,0.0001174630034499984,0.030302334561944005,False,-0.10903260187703274
synthetic,large-short,S3,min,Google Artifact Registry,2-core,False,1000,0.006,0.11175870895385742,0.09313225746154785,18.62645149230957,15.522042910257975,0.0023317464172000002,0.03231607919483623,0.0001174630034499984,0.030038520979136226,False,0.054714166928901194
synthetic,large-short,S3,min,Google Artifact Registry,4-core,True,10,0.012,0.11175870895385742,0.09313225746154785,9.313225746154785,7.761021455128987,0.0046634928344000005,0.0374955868214218,0.0002349260068999968,0.0329404703900218,False,-0.8367960187922948
synthetic,large-short,S3,min,Google Artifact Registry,4-core,True,100,0.012,0.11175870895385742,0.09313225746154785,9.313225746154785,7.761021455128987,0.0046634928344000005,0.034857450993344,0.0002349260068999968,0.030302334561944005,False,-0.018062174762624998
synthetic,large-short,S3,min,Google Artifact Registry,4-core,True,1000,0.012,0.11175870895385742,0.09313225746154785,9.313225746154785,7.761021455128987,0.0046634928344000005,0.03459363741053623,0.0002349260068999968,0.030038520979136226,False,0.06381120964034197
synthetic,large-short,S3,min,Google Artifact Registry,8-core,False,10,0.022,0.11175870895385742,0.09313225746154785,5.079941316084429,4.233284430070357,0.008549736863066665,0.0412915171809218,0.0004306976793166607,0.0329404703900218,False,-0.4232940773631687
synthetic,large-short,S3,min,Google Artifact Registry,8-core,False,100,0.022,0.11175870895385742,0.09313225746154785,5.079941316084429,4.233284430070357,0.008549736863066665,0.038653381352844005,0.0004306976793166607,0.030302334561944005,False,0.023288019380287607
synthetic,large-short,S3,min,Google Artifact Registry,8-core,False,1000,0.022,0.11175870895385742,0.09313225746154785,5.079941316084429,4.233284430070357,0.008549736863066665,0.03838956777003623,0.0004306976793166607,0.030038520979136226,False,0.06794622905463324
synthetic,large-short,S3,min,Azure Container Registry,1-core,False,10,0.002,0.087,0.1,43.49999999999999,50.0,0.0007772488057333334,0.0272676577489,3.91543344833328e-05,0.026508471676999996,False,-5.787816888041211
synthetic,large-short,S3,min,Azure Container Registry,1-core,False,100,0.002,0.087,0.1,43.49999999999999,50.0,0.0007772488057333334,0.0244349809729,3.91543344833328e-05,0.023675794900999997,False,-0.5131642616875167
synthetic,large-short,S3,min,Azure Container Registry,1-core,False,1000,0.002,0.087,0.1,43.49999999999999,50.0,0.0007772488057333334,0.024151713295299998,3.91543344833328e-05,0.023392527223399996,False,0.014301000947852806
synthetic,large-short,S3,min,Azure Container Registry,2-core,False,10,0.006,0.087,0.1,14.499999999999998,16.666666666666668,0.0023317464172000002,0.028786029892699995,0.0001174630034499984,0.026508471676999996,False,-1.8806667944458821
synthetic,large-short,S3,min,Azure Container Registry,2-core,False,100,0.006,0.087,0.1,14.499999999999998,16.666666666666668,0.0023317464172000002,0.025953353116699995,0.0001174630034499984,0.023675794900999997,False,-0.12244925232798372
synthetic,large-short,S3,min,Azure Container Registry,2-core,False,1000,0.006,0.087,0.1,14.499999999999998,16.666666666666668,0.0023317464172000002,0.025670085439099995,0.0001174630034499984,0.023392527223399996,False,0.0533725018838061
synthetic,large-short,S3,min,Azure Container Registry,4-core,True,10,0.012,0.087,0.1,7.249999999999999,8.333333333333334,0.0046634928344000005,0.031063588108399997,0.0002349260068999968,0.026508471676999996,False,-0.9038792710470497
synthetic,large-short,S3,min,Azure Container Registry,4-core,True,100,0.012,0.087,0.1,7.249999999999999,8.333333333333334,0.0046634928344000005,0.028230911332399997,0.0002349260068999968,0.023675794900999997,False,-0.02477049998810049
synthetic,large-short,S3,min,Azure Container Registry,4-core,True,1000,0.012,0.087,0.1,7.249999999999999,8.333333333333334,0.0046634928344000005,0.027947643654799997,0.0002349260068999968,0.023392527223399996,False,0.06314037711779442
synthetic,large-short,S3,min,Azure Container Registry,8-core,False,10,0.022,0.087,0.1,3.9545454545454546,4.545454545454546,0.008549736863066665,0.034859518467899996,0.0004306976793166607,0.026508471676999996,False,-0.4598849422293986
synthetic,large-short,S3,min,Azure Container Registry,8-core,False,100,0.022,0.087,0.1,3.9545454545454546,4.545454545454546,0.008549736863066665,0.032026841691899996,0.0004306976793166607,0.023675794900999997,False,0.01962893289366462
synthetic,large-short,S3,min,Azure Container Registry,8-core,False,1000,0.022,0.087,0.1,3.9545454545454546,4.545454545454546,0.008549736863066665,0.031743574014299995,0.0004306976793166607,0.023392527223399996,False,0.06758032040597094
synthetic,large-short,S3,max,GitHub Container Registry,1-core,False,10,0.002,0.0,0.0,0.0,0.0,0.0007772488057333334,0.0013079930276333317,-0.0005145937708166679,0.0,False,
synthetic,large-short,S3,max,GitHub Container Registry,1-core,False,100,0.002,0.0,0.0,0.0,0.0,0.0007772488057333334,0.0013079930276333317,-0.0005145937708166679,0.0,False,
synthetic,large-short,S3,max,GitHub Container Registry,1-core,False,1000,0.002,0.0,0.0,0.0,0.0,0.0007772488057333334,0.0013079930276333317,-0.0005145937708166679,0.0,False,
synthetic,large-short,S3,max,GitHub Container Registry,2-core,False,10,0.006,0.0,0.0,0.0,0.0,0.0023317464172000002,0.003923979082899995,-0.0015437813124500037,0.0,False,
synthetic,large-short,S3,max,GitHub Container Registry,2-core,False,100,0.006,0.0,0.0,0.0,0.0,0.0023317464172000002,0.003923979082899995,-0.0015437813124500037,0.0,False,
synthetic,large-short,S3,max,GitHub Container Registry,2-core,False,1000,0.006,0.0,0.0,0.0,0.0,0.0023317464172000002,0.003923979082899995,-0.0015437813124500037,0.0,False,
synthetic,large-short,S3,max,GitHub Container Registry,4-core,True,10,0.012,0.0,0.0,0.0,0.0,0.0046634928344000005,0.00784795816579999,-0.0030875626249000075,0.0,False,
synthetic,large-short,S3,max,GitHub Container Registry,4-core,True,100,0.012,0.0,0.0,0.0,0.0,0.0046634928344000005,0.00784795816579999,-0.0030875626249000075,0.0,False,
synthetic,large-short,S3,max,GitHub Container Registry,4-core,True,1000,0.012,0.0,0.0,0.0,0.0,0.0046634928344000005,0.00784795816579999,-0.0030875626249000075,0.0,False,
synthetic,large-short,S3,max,GitHub Container Registry,8-core,False,10,0.022,0.0,0.0,0.0,0.0,0.008549736863066665,0.014387923303966649,-0.005660531478983347,0.0,False,
synthetic,large-short,S3,max,GitHub Container Registry,8-core,False,100,0.022,0.0,0.0,0.0,0.0,0.008549736863066665,0.014387923303966649,-0.005660531478983347,0.0,False,
synthetic,large-short,S3,max,GitHub Container Registry,8-core,False,1000,0.022,0.0,0.0,0.0,0.0,0.008549736863066665,0.014387923303966649,-0.005660531478983347,0.0,False,
synthetic,large-short,S3,max,Amazon ECR,1-core,False,10,0.002,0.09,0.1,45.0,50.0,0.0007772488057333334,0.039365695472633334,-0.0005145937708166679,0.038057702445,False,
synthetic,large-short,S3,max,Amazon ECR,1-core,False,100,0.002,0.09,0.1,45.0,50.0,0.0007772488057333334,0.02686370908163333,-0.0005145937708166679,0.025555716053999998,False,
synthetic,large-short,S3,max,Amazon ECR,1-core,False,1000,0.002,0.09,0.1,45.0,50.0,0.0007772488057333334,0.02561351044253333,-0.0005145937708166679,0.0243055174149,False,
synthetic,large-short,S3,max,Amazon ECR,2-core,False,10,0.006,0.09,0.1,15.0,16.666666666666668,0.0023317464172000002,0.041981681527899994,-0.0015437813124500037,0.038057702445,False,
synthetic,large-short,S3,max,Amazon ECR,2-core,False,100,0.006,0.09,0.1,15.0,16.666666666666668,0.0023317464172000002,0.02947969513689999,-0.0015437813124500037,0.025555716053999998,False,
synthetic,large-short,S3,max,Amazon ECR,2-core,False,1000,0.006,0.09,0.1,15.0,16.666666666666668,0.0023317464172000002,0.028229496497799995,-0.0015437813124500037,0.0243055174149,False,
synthetic,large-short,S3,max,Amazon ECR,4-core,True,10,0.012,0.09,0.1,7.5,8.333333333333334,0.0046634928344000005,0.045905660610799995,-0.0030875626249000075,0.038057702445,False,
synthetic,large-short,S3,max,Amazon ECR,4-core,True,100,0.012,0.09,0.1,7.5,8.333333333333334,0.0046634928344000005,0.03340367421979999,-0.0030875626249000075,0.025555716053999998,False,
synthetic,large-short,S3,max,Amazon ECR,4-core,True,1000,0.012,0.09,0.1,7.5,8.333333333333334,0.0046634928344000005,0.03215347558069999,-0.0030875626249000075,0.0243055174149,False,
synthetic,large-short,S3,max,Amazon ECR,8-core,False,10,0.022,0.09,0.1,4.090909090909091,4.545454545454546,0.008549736863066665,0.05244562574896665,-0.005660531478983347,0.038057702445,False,
synthetic,large-short,S3,max,Amazon ECR,8-core,False,100,0.022,0.09,0.1,4.090909090909091,4.545454545454546,0.008549736863066665,0.039943639357966645,-0.005660531478983347,0.025555716053999998,False,
synthetic,large-short,S3,max,Amazon ECR,8-core,False,1000,0.022,0.09,0.1,4.090909090909091,4.545454545454546,0.008549736863066665,0.03869344071886665,-0.005660531478983347,0.0243055174149,False,
synthetic,large-short,S3,max,Google Artifact Registry,1-core,False,10,0.002,0.11175870895385742,0.09313225746154785,55.87935447692871,46.566128730773926,0.0007772488057333334,0.04425429250045707,-0.0005145937708166679,0.04294629947282374,False,
synthetic,large-short,S3,max,Google Artifact Registry,1-core,False,100,0.002,0.11175870895385742,0.09313225746154785,55.87935447692871,46.566128730773926,0.0007772488057333334,0.03261091034698328,-0.0005145937708166679,0.03130291731934995,False,
synthetic,large-short,S3,max,Google Artifact Registry,1-core,False,1000,0.002,0.11175870895385742,0.09313225746154785,55.87935447692871,46.566128730773926,0.0007772488057333334,0.031446572131635896,-0.0005145937708166679,0.030138579104002566,False,
synthetic,large-short,S3,max,Google Artifact Registry,2-core,False,10,0.006,0.11175870895385742,0.09313225746154785,18.62645149230957,15.522042910257975,0.0023317464172000002,0.04687027855572373,-0.0015437813124500037,0.04294629947282374,False,
synthetic,large-short,S3,max,Google Artifact Registry,2-core,False,100,0.006,0.11175870895385742,0.09313225746154785,18.62645149230957,15.522042910257975,0.0023317464172000002,0.03522689640224994,-0.0015437813124500037,0.03130291731934995,False,
synthetic,large-short,S3,max,Google Artifact Registry,2-core,False,1000,0.006,0.11175870895385742,0.09313225746154785,18.62645149230957,15.522042910257975,0.0023317464172000002,0.03406255818690256,-0.0015437813124500037,0.030138579104002566,False,
synthetic,large-short,S3,max,Google Artifact Registry,4-core,True,10,0.012,0.11175870895385742,0.09313225746154785,9.313225746154785,7.761021455128987,0.0046634928344000005,0.05079425763862373,-0.0030875626249000075,0.04294629947282374,False,
synthetic,large-short,S3,max,Google Artifact Registry,4-core,True,100,0.012,0.11175870895385742,0.09313225746154785,9.313225746154785,7.761021455128987,0.0046634928344000005,0.039150875485149936,-0.0030875626249000075,0.03130291731934995,False,
synthetic,large-short,S3,max,Google Artifact Registry,4-core,True,1000,0.012,0.11175870895385742,0.09313225746154785,9.313225746154785,7.761021455128987,0.0046634928344000005,0.037986537269802556,-0.0030875626249000075,0.030138579104002566,False,
synthetic,large-short,S3,max,Google Artifact Registry,8-core,False,10,0.022,0.11175870895385742,0.09313225746154785,5.079941316084429,4.233284430070357,0.008549736863066665,0.057334222776790386,-0.005660531478983347,0.04294629947282374,False,
synthetic,large-short,S3,max,Google Artifact Registry,8-core,False,100,0.022,0.11175870895385742,0.09313225746154785,5.079941316084429,4.233284430070357,0.008549736863066665,0.045690840623316596,-0.005660531478983347,0.03130291731934995,False,
synthetic,large-short,S3,max,Google Artifact Registry,8-core,False,1000,0.022,0.11175870895385742,0.09313225746154785,5.079941316084429,4.233284430070357,0.008549736863066665,0.044526502407969216,-0.005660531478983347,0.030138579104002566,False,
synthetic,large-short,S3,max,Azure Container Registry,1-core,False,10,0.002,0.087,0.1,43.49999999999999,50.0,0.0007772488057333334,0.03856014192413333,-0.0005145937708166679,0.0372521488965,False,
synthetic,large-short,S3,max,Azure Container Registry,1-core,False,100,0.002,0.087,0.1,43.49999999999999,50.0,0.0007772488057333334,0.02605815553313333,-0.0005145937708166679,0.0247501625055,False,
synthetic,large-short,S3,max,Azure Container Registry,1-core,False,1000,0.002,0.087,0.1,43.49999999999999,50.0,0.0007772488057333334,0.024807956894033333,-0.0005145937708166679,0.0234999638664,False,
synthetic,large-short,S3,max,Azure Container Registry,2-core,False,10,0.006,0.087,0.1,14.499999999999998,16.666666666666668,0.0023317464172000002,0.04117612797939999,-0.0015437813124500037,0.0372521488965,False,
synthetic,large-short,S3,max,Azure Container Registry,2-core,False,100,0.006,0.087,0.1,14.499999999999998,16.666666666666668,0.0023317464172000002,0.028674141588399996,-0.0015437813124500037,0.0247501625055,False,
synthetic,large-short,S3,max,Azure Container Registry,2-core,False,1000,0.006,0.087,0.1,14.499999999999998,16.666666666666668,0.0023317464172000002,0.027423942949299993,-0.0015437813124500037,0.0234999638664,False,
synthetic,large-short,S3,max,Azure Container Registry,4-core,True,10,0.012,0.087,0.1,7.249999999999999,8.333333333333334,0.0046634928344000005,0.045100107062299985,-0.0030875626249000075,0.0372521488965,False,
synthetic,large-short,S3,max,Azure Container Registry,4-core,True,100,0.012,0.087,0.1,7.249999999999999,8.333333333333334,0.0046634928344000005,0.03259812067129999,-0.0030875626249000075,0.0247501625055,False,
synthetic,large-short,S3,max,Azure Container Registry,4-core,True,1000,0.012,0.087,0.1,7.249999999999999,8.333333333333334,0.0046634928344000005,0.03134792203219999,-0.0030875626249000075,0.0234999638664,False,
synthetic,large-short,S3,max,Azure Container Registry,8-core,False,10,0.022,0.087,0.1,3.9545454545454546,4.545454545454546,0.008549736863066665,0.051640072200466645,-0.005660531478983347,0.0372521488965,False,
synthetic,large-short,S3,max,Azure Container Registry,8-core,False,100,0.022,0.087,0.1,3.9545454545454546,4.545454545454546,0.008549736863066665,0.03913808580946665,-0.005660531478983347,0.0247501625055,False,
synthetic,large-short,S3,max,Azure Container Registry,8-core,False,1000,0.022,0.087,0.1,3.9545454545454546,4.545454545454546,0.008549736863066665,0.037887887170366646,-0.005660531478983347,0.0234999638664,False,
synthetic,small-long,S0,min,GitHub Container Registry,1-core,False,10,0.002,0.0,0.0,0.0,0.0,0.003653146066183334,0.0001412263831499994,0.0035040018343833338,0.0,True,1669.6504192151376
synthetic,small-long,S0,min,GitHub Container Registry,1-core,False,100,0.002,0.0,0.0,0.0,0.0,0.003653146066183334,0.0001412263831499994,0.0035040018343833338,0.0,True,1669.6504192151376
synthetic,small-long,S0,min,GitHub Container Registry,1-core,False,1000,0.002,0.0,0.0,0.0,0.0,0.003653146066183334,0.0001412263831499994,0.0035040018343833338,0.0,True,1669.6504192151376
synthetic,small-long,S0,min,GitHub Container Registry,2-core,False,10,0.006,0.0,0.0,0.0,0.0,0.010959438198550001,0.00042367914944999827,0.01051200550315,0.0,True,1669.6504192151376
synthetic,small-long,S0,min,GitHub Container Registry,2-core,False,100,0.006,0.0,0.0,0.0,0.0,0.010959438198550001,0.00042367914944999827,0.01051200550315,0.0,True,1669.6504192151376
synthetic,small-long,S0,min,GitHub Container Registry,2-core,False,1000,0.006,0.0,0.0,0.0,0.0,0.010959438198550001,0.00042367914944999827,0.01051200550315,0.0,True,1669.6504192151376
synthetic,small-long,S0,min,GitHub Container Registry,4-core,True,10,0.012,0.0,0.0,0.0,0.0,0.021918876397100003,0.0008473582988999965,0.0210240110063,0.0,True,1669.6504192151376
synthetic,small-long,S0,min,GitHub Container Registry,4-core,True,100,0.012,0.0,0.0,0.0,0.0,0.021918876397100003,0.0008473582988999965,0.0210240110063,0.0,True,1669.6504192151376
synthetic,small-long,S0,min,GitHub Container Registry,4-core,True,1000,0.012,0.0,0.0,0.0,0.0,0.021918876397100003,0.0008473582988999965,0.0210240110063,0.0,True,1669.6504192151376
synthetic,small-long,S0,min,GitHub Container Registry,8-core,False,10,0.022,0.0,0.0,0.0,0.0,0.04018460672801667,0.0015534902146499933,0.03854402017821667,0.0,True,1669.6504192151376
synthetic,small-long,S0,min,GitHub Container Registry,8-core,False,100,0.022,0.0,0.0,0.0,0.0,0.04018460672801667,0.0015534902146499933,0.03854402017821667,0.0,True,1669.6504192151376
synthetic,small-long,S0,min,GitHub Container Registry,8-core,False,1000,0.022,0.0,0.0,0.0,0.0,0.04018460672801667,0.0015534902146499933,0.03854402017821667,0.0,True,1669.6504192151376
synthetic,small-long,S0,min,Amazon ECR,1-core,False,10,0.002,0.09,0.1,45.0,50.0,0.003653146066183334,0.0007083858331499994,0.0035040018343833338,0.00056715945,True,1444.3999860783122
synthetic,small-long,S0,min,Amazon ECR,1-core,False,100,0.002,0.09,0.1,45.0,50.0,0.003653146066183334,0.0002829374101499994,0.0035040018343833338,0.000141711027,True,1647.125375901455
synthetic,small-long,S0,min,Amazon ECR,1-core,False,1000,0.002,0.09,0.1,45.0,50.0,0.003653146066183334,0.00024039256784999942,0.0035040018343833338,9.916618470000001e-05,True,1667.3979148837693
synthetic,small-long,S0,min,Amazon ECR,2-core,False,10,0.006,0.09,0.1,15.0,16.666666666666668,0.010959438198550001,0.0009908385994499983,0.01051200550315,0.00056715945,True,1594.5669415028626
synthetic,small-long,S0,min,Amazon ECR,2-core,False,100,0.006,0.09,0.1,15.0,16.666666666666668,0.010959438198550001,0.0005653901764499983,0.01051200550315,0.000141711027,True,1662.1420714439103
synthetic,small-long,S0,min,Amazon ECR,2-core,False,1000,0.006,0.09,0.1,15.0,16.666666666666668,0.010959438198550001,0.0005228453341499983,0.01051200550315,9.916618470000001e-05,True,1668.899584438015
synthetic,small-long,S0,min,Amazon ECR,4-core,True,10,0.012,0.09,0.1,7.5,8.333333333333334,0.021918876397100003,0.0014145177488999964,0.0210240110063,0.00056715945,True,1632.1086803590001
synthetic,small-long,S0,min,Amazon ECR,4-core,True,100,0.012,0.09,0.1,7.5,8.333333333333334,0.021918876397100003,0.0009890693258999966,0.0210240110063,0.000141711027,True,1665.896245329524
synthetic,small-long,S0,min,Amazon ECR,4-core,True,1000,0.012,0.09,0.1,7.5,8.333333333333334,0.021918876397100003,0.0009465244835999965,0.0210240110063,9.916618470000001e-05,True,1669.2750018265763
synthetic,small-long,S0,min,Amazon ECR,8-core,False,10,0.022,0.09,0.1,4.090909090909091,4.545454545454546,0.04018460672801667,0.0021206496646499935,0.03854402017821667,0.00056715945,True,1649.17310711179
synthetic,small-long,S0,min,Amazon ECR,8-core,False,100,0.022,0.09,0.1,4.090909090909091,4.545454545454546,0.04018460672801667,0.0016952012416499933,0.03854402017821667,0.000141711027,True,1667.6026880048028
synthetic,small-long,S0,min,Amazon ECR,8-core,False,1000,0.022,0.09,0.1,4.090909090909091,4.545454545454546,0.04018460672801667,0.0016526563993499934,0.03854402017821667,9.916618470000001e-05,True,1669.4456460941042
synthetic,small-long,S0,min,Google Artifact Registry,1-core,False,10,0.002,0.11175870895385742,0.09313225746154785,55.87935447692871,46.566128730773926,0.003653146066183334,0.0006987525003407182,0.0035040018343833338,0.0005575261171907187,True,1459.8696058928977
synthetic,small-long,S0,min,Google Artifact Registry,1-core,False,100,0.002,0.11175870895385742,0.09313225746154785,55.87935447692871,46.566128730773926,0.003653146066183334,0.0003025227796662629,0.0035040018343833338,0.0001612963965162635,True,1648.6723378829136
synthetic,small-long,S0,min,Google Artifact Registry,1-core,False,1000,0.002,0.11175870895385742,0.09313225746154785,55.87935447692871,46.566128730773926,0.003653146066183334,0.0002628998075988174,0.0035040018343833338,0.00012167342444881798,True,1667.5526110819153
synthetic,small-long,S0,min,Google Artifact Registry,2-core,False,10,0.006,0.11175870895385742,0.09313225746154785,18.62645149230957,15.522042910257975,0.010959438198550001,0.000981205266640717,0.01051200550315,0.0005575261171907187,True,1599.7234814410576
synthetic,small-long,S0,min,Google Artifact Registry,2-core,False,100,0.006,0.11175870895385742,0.09313225746154785,18.62645149230957,15.522042910257975,0.010959438198550001,0.0005849755459662617,0.01051200550315,0.0001612963965162635,True,1662.6577254377296
synthetic,small-long,S0,min,Google Artifact Registry,2-core,False,1000,0.006,0.11175870895385742,0.09313225746154785,18.62645149230957,15.522042910257975,0.010959438198550001,0.0005453525738988163,0.01051200550315,0.00012167342444881798,True,1668.9511498373968
synthetic,small-long,S0,min,Google Artifact Registry,4-core,True,10,0.012,0.11175870895385742,0.09313225746154785,9.313225746154785,7.761021455128987,0.021918876397100003,0.0014048844160907152,0.0210240110063,0.0005575261171907187,True,1634.6869503280977
synthetic,small-long,S0,min,Google Artifact Registry,4-core,True,100,0.012,0.11175870895385742,0.09313225746154785,9.313225746154785,7.761021455128987,0.021918876397100003,0.00100865469541626,0.0210240110063,0.0001612963965162635,True,1666.1540723264336
synthetic,small-long,S0,min,Google Artifact Registry,4-core,True,1000,0.012,0.11175870895385742,0.09313225746154785,9.313225746154785,7.761021455128987,0.021918876397100003,0.0009690317233488145,0.0210240110063,0.00012167342444881798,True,1669.3007845262673
synthetic,small-long,S0,min,Google Artifact Registry,8-core,False,10,0.022,0.11175870895385742,0.09313225746154785,5.079941316084429,4.233284430070357,0.04018460672801667,0.0021110163318407123,0.03854402017821667,0.0005575261171907187,True,1650.5794361858432
synthetic,small-long,S0,min,Google Artifact Registry,8-core,False,100,0.022,0.11175870895385742,0.09313225746154785,5.079941316084429,4.233284430070357,0.04018460672801667,0.0017147866111662568,0.03854402017821667,0.0001612963965162635,True,1667.7433209122082
synthetic,small-long,S0,min,Google Artifact Registry,8-core,False,1000,0.022,0.11175870895385742,0.09313225746154785,5.079941316084429,4.233284430070357,0.04018460672801667,0.0016751636390988113,0.03854402017821667,0.00012167342444881798,True,1669.4597093848447
synthetic,small-long,S0,min,Azure Container Registry,1-core,False,10,0.002,0.087,0.1,43.49999999999999,50.0,0.003653146066183334,0.0007052378671499994,0.0035040018343833338,0.000564011484,True,1444.3999860783122
synthetic,small-long,S0,min,Azure Container Registry,1-core,False,100,0.002,0.087,0.1,43.49999999999999,50.0,0.003653146066183334,0.0002797894441499994,0.0035040018343833338,0.000138563061,True,1647.125375901455
synthetic,small-long,S0,min,Azure Container Registry,1-core,False,1000,0.002,0.087,0.1,43.49999999999999,50.0,0.003653146066183334,0.00023724460184999942,0.0035040018343833338,9.60182187e-05,True,1667.3979148837693
synthetic,small-long,S0,min,Azure Container Registry,2-core,False,10,0.006,0.087,0.1,14.499999999999998,16.666666666666668,0.010959438198550001,0.0009876906334499982,0.01051200550315,0.000564011484,True,1594.5669415028626
synthetic,small-long,S0,min,Azure Container Registry,2-core,False,100,0.006,0.087,0.1,14.499999999999998,16.666666666666668,0.010959438198550001,0.0005622422104499983,0.01051200550315,0.000138563061,True,1662.1420714439103
synthetic,small-long,S0,min,Azure Container Registry,2-core,False,1000,0.006,0.087,0.1,14.499999999999998,16.666666666666668,0.010959438198550001,0.0005196973681499983,0.01051200550315,9.60182187e-05,True,1668.899584438015
synthetic,small-long,S0,min,Azure Container Registry,4-core,True,10,0.012,0.087,0.1,7.249999999999999,8.333333333333334,0.021918876397100003,0.0014113697828999966,0.0210240110063,0.000564011484,True,1632.1086803590001
synthetic,small-long,S0,min,Azure Container Registry,4-core,True,100,0.012,0.087,0.1,7.249999999999999,8.333333333333334,0.021918876397100003,0.0009859213598999966,0.0210240110063,0.000138563061,True,1665.896245329524
synthetic,small-long,S0,min,Azure Container Registry,4-core,True,1000,0.012,0.087,0.1,7.249999999999999,8.333333333333334,0.021918876397100003,0.0009433765175999965,0.0210240110063,9.60182187e-05,True,1669.2750018265763
synthetic,small-long,S0,min,Azure Container Registry,8-core,False,10,0.022,0.087,0.1,3.9545454545454546,4.545454545454546,0.04018460672801667,0.0021175016986499933,0.03854402017821667,0.000564011484,True,1649.17310711179
synthetic,small-long,S0,min,Azure Container Registry,8-core,False,100,0.022,0.087,0.1,3.9545454545454546,4.545454545454546,0.04018460672801667,0.0016920532756499933,0.03854402017821667,0.000138563061,True,1667.6026880048028
synthetic,small-long,S0,min,Azure Container Registry,8-core,False,1000,0.022,0.087,0.1,3.9545454545454546,4.545454545454546,0.04018460672801667,0.0016495084333499933,0.03854402017821667,9.60182187e-05,True,1669.4456460941042
synthetic,small-long,S0,max,GitHub Container Registry,1-core,False,10,0.002,0.0,0.0,0.0,0.0,0.003653146066183334,0.00014611844071666646,0.0034989850433666666,0.0,True,1667.2599275373366
synthetic,small-long,S0,max,GitHub Container Registry,1-core,False,100,0.002,0.0,0.0,0.0,0.0,0.003653146066183334,0.00014611844071666646,0.0034989850433666666,0.0,True,1667.2599275373366
synthetic,small-long,S0,max,GitHub Container Registry,1-core,False,1000,0.002,0.0,0.0,0.0,0.0,0.003653146066183334,0.00014611844071666646,0.0034989850433666666,0.0,True,1667.2599275373366
synthetic,small-long,S0,max,GitHub Container Registry,2-core,False,10,0.006,0.0,0.0,0.0,0.0,0.010959438198550001,0.0004383553221499994,0.010496955130099999,0.0,True,1667.2599275373366
synthetic,small-long,S0,max,GitHub Container Registry,2-core,False,100,0.006,0.0,0.0,0.0,0.0,0.010959438198550001,0.0004383553221499994,0.010496955130099999,0.0,True,1667.2599275373366
synthetic,small-long,S0,max,GitHub Container Registry,2-core,False,1000,0.006,0.0,0.0,0.0,0.0,0.010959438198550001,0.0004383553221499994,0.010496955130099999,0.0,True,1667.2599275373366
synthetic,small-long,S0,max,GitHub Container Registry,4-core,True,10,0.012,0.0,0.0,0.0,0.0,0.021918876397100003,0.0008767106442999988,0.020993910260199998,0.0,True,1667.2599275373366
synthetic,small-long,S0,max,GitHub Container Registry,4-core,True,100,0.012,0.0,0.0,0.0,0.0,0.021918876397100003,0.0008767106442999988,0.020993910260199998,0.0,True,1667.2599275373366
synthetic,small-long,S0,max,GitHub Container Registry,4-core,True,1000,0.012,0.0,0.0,0.0,0.0,0.021918876397100003,0.0008767106442999988,0.020993910260199998,0.0,True,1667.2599275373366
synthetic,small-long,S0,max,GitHub Container Registry,8-core,False,10,0.022,0.0,0.0,0.0,0.0,0.04018460672801667,0.001607302847883331,0.03848883547703333,0.0,True,1667.2599275373366
synthetic,small-long,S0,max,GitHub Container Registry,8-core,False,100,0.022,0.0,0.0,0.0,0.0,0.04018460672801667,0.001607302847883331,0.03848883547703333,0.0,True,1667.2599275373366
synthetic,small-long,S0,max,GitHub Container Registry,8-core,False,1000,0.022,0.0,0.0,0.0,0.0,0.04018460672801667,0.001607302847883331,0.03848883547703333,0.0,True,1667.2599275373366
synthetic,small-long,S0,max,Amazon ECR,1-core,False,10,0.002,0.09,0.1,45.0,50.0,0.003653146066183334,0.0007477209457166665,0.0034989850433666666,0.0006016025050000001,True,1425.5974421420053
synthetic,small-long,S0,max,Amazon ECR,1-core,False,100,0.002,0.09,0.1,45.0,50.0,0.003653146066183334,0.00029127377321666646,0.0034989850433666666,0.0001451553325,True,1643.0936789978034
synthetic,small-long,S0,max,Amazon ECR,1-core,False,1000,0.002,0.09,0.1,45.0,50.0,0.003653146066183334,0.00024562905596666644,0.0034989850433666666,9.951061525000001e-05,True,1664.8433026833832
synthetic,small-long,S0,max,Amazon ECR,2-core,False,10,0.006,0.09,0.1,15.0,16.666666666666668,0.010959438198550001,0.0010399578271499995,0.010496955130099999,0.0006016025050000001,True,1586.7057657388928
synthetic,small-long,S0,max,Amazon ECR,2-core,False,100,0.006,0.09,0.1,15.0,16.666666666666668,0.010959438198550001,0.0005835106546499994,0.010496955130099999,0.0001451553325,True,1659.2045113574923
synthetic,small-long,S0,max,Amazon ECR,2-core,False,1000,0.006,0.09,0.1,15.0,16.666666666666668,0.010959438198550001,0.0005378659373999994,0.010496955130099999,9.951061525000001e-05,True,1666.454385919352
synthetic,small-long,S0,max,Amazon ECR,4-core,True,10,0.012,0.09,0.1,7.5,8.333333333333334,0.021918876397100003,0.0014783131492999988,0.020993910260199998,0.0006016025050000001,True,1626.9828466381146
synthetic,small-long,S0,max,Amazon ECR,4-core,True,100,0.012,0.09,0.1,7.5,8.333333333333334,0.021918876397100003,0.0010218659767999988,0.020993910260199998,0.0001451553325,True,1663.2322194474143
synthetic,small-long,S0,max,Amazon ECR,4-core,True,1000,0.012,0.09,0.1,7.5,8.333333333333334,0.021918876397100003,0.0009762212595499989,0.020993910260199998,9.951061525000001e-05,True,1666.8571567283443
synthetic,small-long,S0,max,Amazon ECR,8-core,False,10,0.022,0.09,0.1,4.090909090909091,4.545454545454546,0.04018460672801667,0.002208905352883331,0.03848883547703333,0.0006016025050000001,True,1645.2906106832156
synthetic,small-long,S0,max,Amazon ECR,8-core,False,100,0.022,0.09,0.1,4.090909090909091,4.545454545454546,0.04018460672801667,0.001752458180383331,0.03848883547703333,0.0001451553325,True,1665.0629958519246
synthetic,small-long,S0,max,Amazon ECR,8-core,False,1000,0.022,0.09,0.1,4.090909090909091,4.545454545454546,0.04018460672801667,0.001706813463133331,0.03848883547703333,9.951061525000001e-05,True,1667.0402343687954
synthetic,small-long,S0,max,Google Artifact Registry,1-core,False,10,0.002,0.11175870895385742,0.09313225746154785,55.87935447692871,46.566128730773926,0.003653146066183334,0.0007357221525676077,0.0034989850433666666,0.0005896037118509412,True,1442.194199450981
synthetic,small-long,S0,max,Google Artifact Registry,1-core,False,100,0.002,0.11175870895385742,0.09313225746154785,55.87935447692871,46.566128730773926,0.003653146066183334,0.0003106225966989522,0.0034989850433666666,0.00016450415598228576,True,1644.753354728701
synthetic,small-long,S0,max,Google Artifact Registry,1-core,False,1000,0.002,0.11175870895385742,0.09313225746154785,55.87935447692871,46.566128730773926,0.003653146066183334,0.0002681126411120867,0.0034989850433666666,0.00012199420039542021,True,1665.009270256473
synthetic,small-long,S0,max,Google Artifact Registry,2-core,False,10,0.006,0.11175870895385742,0.09313225746154785,18.62645149230957,15.522042910257975,0.010959438198550001,0.0010279590340009407,0.010496955130099999,0.0005896037118509412,True,1592.238018175218
synthetic,small-long,S0,max,Google Artifact Registry,2-core,False,100,0.006,0.11175870895385742,0.09313225746154785,18.62645149230957,15.522042910257975,0.010959438198550001,0.0006028594781322851,0.010496955130099999,0.00016450415598228576,True,1659.7577366011246
synthetic,small-long,S0,max,Google Artifact Registry,2-core,False,1000,0.006,0.11175870895385742,0.09313225746154785,18.62645149230957,15.522042910257975,0.010959438198550001,0.0005603495225454196,0.010496955130099999,0.00012199420039542021,True,1666.5097084437152
synthetic,small-long,S0,max,Google Artifact Registry,4-core,True,10,0.012,0.11175870895385742,0.09313225746154785,9.313225746154785,7.761021455128987,0.021918876397100003,0.0014663143561509401,0.020993910260199998,0.0005896037118509412,True,1629.7489728562773
synthetic,small-long,S0,max,Google Artifact Registry,4-core,True,100,0.012,0.11175870895385742,0.09313225746154785,9.313225746154785,7.761021455128987,0.021918876397100003,0.0010412148002822846,0.020993910260199998,0.00016450415598228576,True,1663.5088320692307
synthetic,small-long,S0,max,Google Artifact Registry,4-core,True,1000,0.012,0.11175870895385742,0.09313225746154785,9.313225746154785,7.761021455128987,0.021918876397100003,0.000998704844695419,0.020993910260199998,0.00012199420039542021,True,1666.884817990526
synthetic,small-long,S0,max,Google Artifact Registry,8-core,False,10,0.022,0.11175870895385742,0.09313225746154785,5.079941316084429,4.233284430070357,0.04018460672801667,0.002196906559734272,0.03848883547703333,0.0005896037118509412,True,1646.7994068022133
synthetic,small-long,S0,max,Google Artifact Registry,8-core,False,100,0.022,0.11175870895385742,0.09313225746154785,5.079941316084429,4.233284430070357,0.04018460672801667,0.0017718070038656166,0.03848883547703333,0.00016450415598228576,True,1665.2138754638243
synthetic,small-long,S0,max,Google Artifact Registry,8-core,False,1000,0.022,0.11175870895385742,0.09313225746154785,5.079941316084429,4.233284430070357,0.04018460672801667,0.001729297048278751,0.03848883547703333,0.00012199420039542021,True,1667.0553223299853
synthetic,small-long,S0,max,Azure Container Registry,1-core,False,10,0.002,0.087,0.1,43.49999999999999,50.0,0.003653146066183334,0.0007445729797166665,0.0034989850433666666,0.000598454539,True,1425.5974421420053
synthetic,small-long,S0,max,Azure Container Registry,1-core,False,100,0.002,0.087,0.1,43.49999999999999,50.0,0.003653146066183334,0.00028812580721666647,0.0034989850433666666,0.0001420073665,True,1643.0936789978034
synthetic,small-long,S0,max,Azure Container Registry,1-core,False,1000,0.002,0.087,0.1,43.49999999999999,50.0,0.003653146066183334,0.00024248108996666645,0.0034989850433666666,9.636264925e-05,True,1664.8433026833832
synthetic,small-long,S0,max,Azure Container Registry,2-core,False,10,0.006,0.087,0.1,14.499999999999998,16.666666666666668,0.010959438198550001,0.0010368098611499995,0.010496955130099999,0.000598454539,True,1586.7057657388928
synthetic,small-long,S0,max,Azure Container Registry,2-core,False,100,0.006,0.087,0.1,14.499999999999998,16.666666666666668,0.010959438198550001,0.0005803626886499994,0.010496955130099999,0.0001420073665,True,1659.2045113574923
synthetic,small-long,S0,max,Azure Container Registry,2-core,False,1000,0.006,0.087,0.1,14.499999999999998,16.666666666666668,0.010959438198550001,0.0005347179713999994,0.010496955130099999,9.636264925e-05,True,1666.454385919352
synthetic,small-long,S0,max,Azure Container Registry,4-core,True,10,0.012,0.087,0.1,7.249999999999999,8.333333333333334,0.021918876397100003,0.001475165183299999,0.020993910260199998,0.000598454539,True,1626.9828466381146
synthetic,small-long,S0,max,Azure Container Registry,4-core,True,100,0.012,0.087,0.1,7.249999999999999,8.333333333333334,0.021918876397100003,0.0010187180107999988,0.020993910260199998,0.0001420073665,True,1663.2322194474143
synthetic,small-long,S0,max,Azure Container Registry,4-core,True,1000,0.012,0.087,0.1,7.249999999999999,8.333333333333334,0.021918876397100003,0.0009730732935499988,0.020993910260199998,9.636264925e-05,True,1666.8571567283443
synthetic,small-long,S0,max,Azure Container Registry,8-core,False,10,0.022,0.087,0.1,3.9545454545454546,4.545454545454546,0.04018460672801667,0.002205757386883331,0.03848883547703333,0.000598454539,True,1645.2906106832156
synthetic,small-long,S0,max,Azure Container Registry,8-core,False,100,0.022,0.087,0.1,3.9545454545454546,4.545454545454546,0.04018460672801667,0.001749310214383331,0.03848883547703333,0.0001420073665,True,1665.0629958519246
synthetic,small-long,S0,max,Azure Container Registry,8-core,False,1000,0.022,0.087,0.1,3.9545454545454546,4.545454545454546,0.04018460672801667,0.0017036654971333309,0.03848883547703333,9.636264925e-05,True,1667.0402343687954
synthetic,small-long,S1,min,GitHub Container Registry,1-core,False,10,0.002,0.0,0.0,0.0,0.0,0.0039648298278166655,0.004053100429699998,-0.00010361900878333472,0.0,False,
synthetic,small-long,S1,min,GitHub Container Registry,1-core,False,100,0.002,0.0,0.0,0.0,0.0,0.0039648298278166655,0.004053100429699998,-0.00010361900878333472,0.0,False,
synthetic,small-long,S1,min,GitHub Container Registry,1-core,False,1000,0.002,0.0,0.0,0.0,0.0,0.0039648298278166655,0.004053100429699998,-0.00010361900878333472,0.0,False,
synthetic,small-long,S1,min,GitHub Container Registry,2-core,False,10,0.006,0.0,0.0,0.0,0.0,0.011894489483449996,0.012159301289099995,-0.00031085702635000415,0.0,False,
synthetic,small-long,S1,min,GitHub Container Registry,2-core,False,100,0.006,0.0,0.0,0.0,0.0,0.011894489483449996,0.012159301289099995,-0.00031085702635000415,0.0,False,
synthetic,small-long,S1,min,GitHub Container Registry,2-core,False,1000,0.006,0.0,0.0,0.0,0.0,0.011894489483449996,0.012159301289099995,-0.00031085702635000415,0.0,False,
synthetic,small-long,S1,min,GitHub Container Registry,4-core,True,10,0.012,0.0,0.0,0.0,0.0,0.023788978966899993,0.02431860257819999,-0.0006217140527000083,0.0,False,
synthetic,small-long,S1,min,GitHub Container Registry,4-core,True,100,0.012,0.0,0.0,0.0,0.0,0.023788978966899993,0.02431860257819999,-0.0006217140527000083,0.0,False,
synthetic,small-long,S1,min,GitHub Container Registry,4-core,True,1000,0.012,0.0,0.0,0.0,0.0,0.023788978966899993,0.02431860257819999,-0.0006217140527000083,0.0,False,
synthetic,small-long,S1,min,GitHub Container Registry,8-core,False,10,0.022,0.0,0.0,0.0,0.0,0.04361312810598331,0.04458410472669998,-0.0011398090966166818,0.0,False,
synthetic,small-long,S1,min,GitHub Container Registry,8-core,False,100,0.022,0.0,0.0,0.0,0.0,0.04361312810598331,0.04458410472669998,-0.0011398090966166818,0.0,False,
synthetic,small-long,S1,min,GitHub Container Registry,8-core,False,1000,0.022,0.0,0.0,0.0,0.0,0.04361312810598331,0.04458410472669998,-0.0011398090966166818,0.0,False,
synthetic,small-long,S1,min,Amazon ECR,1-core,False,10,0.002,0.09,0.1,45.0,50.0,0.0039648298278166655,0.0045258292346999985,-0.00010361900878333472,0.000472728805,False,
synthetic,small-long,S1,min,Amazon ECR,1-core,False,100,0.002,0.09,0.1,45.0,50.0,0.0039648298278166655,0.004100380802699998,-0.00010361900878333472,4.7280373e-05,False,
synthetic,small-long,S1,min,Amazon ECR,1-core,False,1000,0.002,0.09,0.1,45.0,50.0,0.0039648298278166655,0.004057835959499999,-0.00010361900878333472,4.7355297999999995e-06,False,
synthetic,small-long,S1,min,Amazon ECR,2-core,False,10,0.006,0.09,0.1,15.0,16.666666666666668,0.011894489483449996,0.012632030094099994,-0.00031085702635000415,0.000472728805,False,
synthetic,small-long,S1,min,Amazon ECR,2-core,False,100,0.006,0.09,0.1,15.0,16.666666666666668,0.011894489483449996,0.012206581662099994,-0.00031085702635000415,4.7280373e-05,False,
synthetic,small-long,S1,min,Amazon ECR,2-core,False,1000,0.006,0.09,0.1,15.0,16.666666666666668,0.011894489483449996,0.012164036818899994,-0.00031085702635000415,4.7355297999999995e-06,False,
synthetic,small-long,S1,min,Amazon ECR,4-core,True,10,0.012,0.09,0.1,7.5,8.333333333333334,0.023788978966899993,0.02479133138319999,-0.0006217140527000083,0.000472728805,False,
synthetic,small-long,S1,min,Amazon ECR,4-core,True,100,0.012,0.09,0.1,7.5,8.333333333333334,0.023788978966899993,0.02436588295119999,-0.0006217140527000083,4.7280373e-05,False,
synthetic,small-long,S1,min,Amazon ECR,4-core,True,1000,0.012,0.09,0.1,7.5,8.333333333333334,0.023788978966899993,0.02432333810799999,-0.0006217140527000083,4.7355297999999995e-06,False,
synthetic,small-long,S1,min,Amazon ECR,8-core,False,10,0.022,0.09,0.1,4.090909090909091,4.545454545454546,0.04361312810598331,0.04505683353169998,-0.0011398090966166818,0.000472728805,False,
synthetic,small-long,S1,min,Amazon ECR,8-core,False,100,0.022,0.09,0.1,4.090909090909091,4.545454545454546,0.04361312810598331,0.04463138509969998,-0.0011398090966166818,4.7280373e-05,False,
synthetic,small-long,S1,min,Amazon ECR,8-core,False,1000,0.022,0.09,0.1,4.090909090909091,4.545454545454546,0.04361312810598331,0.04458884025649998,-0.0011398090966166818,4.7355297999999995e-06,False,
synthetic,small-long,S1,min,Google Artifact Registry,1-core,False,10,0.002,0.11175870895385742,0.09313225746154785,55.87935447692871,46.566128730773926,0.0039648298278166655,0.004493366021887641,-0.00010361900878333472,0.000440265592187643,False,
synthetic,small-long,S1,min,Google Artifact Registry,1-core,False,100,0.002,0.11175870895385742,0.09313225746154785,55.87935447692871,46.566128730773926,0.0039648298278166655,0.004097136292831283,-0.00010361900878333472,4.403586313128471e-05,False,
synthetic,small-long,S1,min,Google Artifact Registry,1-core,False,1000,0.002,0.11175870895385742,0.09313225746154785,55.87935447692871,46.566128730773926,0.0039648298278166655,0.004057513319925647,-0.00010361900878333472,4.41289022564888e-06,False,
synthetic,small-long,S1,min,Google Artifact Registry,2-core,False,10,0.006,0.11175870895385742,0.09313225746154785,18.62645149230957,15.522042910257975,0.011894489483449996,0.012599566881287638,-0.00031085702635000415,0.000440265592187643,False,
synthetic,small-long,S1,min,Google Artifact Registry,2-core,False,100,0.006,0.11175870895385742,0.09313225746154785,18.62645149230957,15.522042910257975,0.011894489483449996,0.01220333715223128,-0.00031085702635000415,4.403586313128471e-05,False,
synthetic,small-long,S1,min,Google Artifact Registry,2-core,False,1000,0.006,0.11175870895385742,0.09313225746154785,18.62645149230957,15.522042910257975,0.011894489483449996,0.012163714179325644,-0.00031085702635000415,4.41289022564888e-06,False,
synthetic,small-long,S1,min,Google Artifact Registry,4-core,True,10,0.012,0.11175870895385742,0.09313225746154785,9.313225746154785,7.761021455128987,0.023788978966899993,0.02475886817038763,-0.0006217140527000083,0.000440265592187643,False,
synthetic,small-long,S1,min,Google Artifact Registry,4-core,True,100,0.012,0.11175870895385742,0.09313225746154785,9.313225746154785,7.761021455128987,0.023788978966899993,0.024362638441331273,-0.0006217140527000083,4.403586313128471e-05,False,
synthetic,small-long,S1,min,Google Artifact Registry,4-core,True,1000,0.012,0.11175870895385742,0.09313225746154785,9.313225746154785,7.761021455128987,0.023788978966899993,0.02432301546842564,-0.0006217140527000083,4.41289022564888e-06,False,
synthetic,small-long,S1,min,Google Artifact Registry,8-core,False,10,0.022,0.11175870895385742,0.09313225746154785,5.079941316084429,4.233284430070357,0.04361312810598331,0.04502437031888762,-0.0011398090966166818,0.000440265592187643,False,
synthetic,small-long,S1,min,Google Artifact Registry,8-core,False,100,0.022,0.11175870895385742,0.09313225746154785,5.079941316084429,4.233284430070357,0.04361312810598331,0.044628140589831264,-0.0011398090966166818,4.403586313128471e-05,False,
synthetic,small-long,S1,min,Google Artifact Registry,8-core,False,1000,0.022,0.11175870895385742,0.09313225746154785,5.079941316084429,4.233284430070357,0.04361312810598331,0.04458851761692562,-0.0011398090966166818,4.41289022564888e-06,False,
synthetic,small-long,S1,min,Azure Container Registry,1-core,False,10,0.002,0.087,0.1,43.49999999999999,50.0,0.0039648298278166655,0.004525828957199998,-0.00010361900878333472,0.00047272852749999996,False,
synthetic,small-long,S1,min,Azure Container Registry,1-core,False,100,0.002,0.087,0.1,43.49999999999999,50.0,0.0039648298278166655,0.004100380525199998,-0.00010361900878333472,4.72800955e-05,False,
synthetic,small-long,S1,min,Azure Container Registry,1-core,False,1000,0.002,0.087,0.1,43.49999999999999,50.0,0.0039648298278166655,0.004057835681999998,-0.00010361900878333472,4.7352522999999996e-06,False,
synthetic,small-long,S1,min,Azure Container Registry,2-core,False,10,0.006,0.087,0.1,14.499999999999998,16.666666666666668,0.011894489483449996,0.012632029816599995,-0.00031085702635000415,0.00047272852749999996,False,
synthetic,small-long,S1,min,Azure Container Registry,2-core,False,100,0.006,0.087,0.1,14.499999999999998,16.666666666666668,0.011894489483449996,0.012206581384599995,-0.00031085702635000415,4.72800955e-05,False,
synthetic,small-long,S1,min,Azure Container Registry,2-core,False,1000,0.006,0.087,0.1,14.499999999999998,16.666666666666668,0.011894489483449996,0.012164036541399996,-0.00031085702635000415,4.7352522999999996e-06,False,
synthetic,small-long,S1,min,Azure Container Registry,4-core,True,10,0.012,0.087,0.1,7.249999999999999,8.333333333333334,0.023788978966899993,0.02479133110569999,-0.0006217140527000083,0.00047272852749999996,False,
synthetic,small-long,S1,min,Azure Container Registry,4-core,True,100,0.012,0.087,0.1,7.249999999999999,8.333333333333334,0.023788978966899993,0.02436588267369999,-0.0006217140527000083,4.72800955e-05,False,
synthetic,small-long,S1,min,Azure Container Registry,4-core,True,1000,0.012,0.087,0.1,7.249999999999999,8.333333333333334,0.023788978966899993,0.02432333783049999,-0.0006217140527000083,4.7352522999999996e-06,False,
synthetic,small-long,S1,min,Azure Container Registry,8-core,False,10,0.022,0.087,0.1,3.9545454545454546,4.545454545454546,0.04361312810598331,0.04505683325419998,-0.0011398090966166818,0.00047272852749999996,False,
synthetic,small-long,S1,min,Azure Container Registry,8-core,False,100,0.022,0.087,0.1,3.9545454545454546,4.545454545454546,0.04361312810598331,0.04463138482219998,-0.0011398090966166818,4.72800955e-05,False,
synthetic,small-long,S1,min,Azure Container Registry,8-core,False,1000,0.022,0.087,0.1,3.9545454545454546,4.545454545454546,0.04361312810598331,0.044588839978999976,-0.0011398090966166818,4.7352522999999996e-06,False,
synthetic,small-long,S1,max,GitHub Container Registry,1-core,False,10,0.002,0.0,0.0,0.0,0.0,0.0039648298278166655,0.0021510395565,0.0017869559130833353,0.0,True,373.24374004119255
synthetic,small-long,S1,max,GitHub Container Registry,1-core,False,100,0.002,0.0,0.0,0.0,0.0,0.0039648298278166655,0.0021510395565,0.0017869559130833353,0.0,True,373.24374004119255
synthetic,small-long,S1,max,GitHub Container Registry,1-core,False,1000,0.002,0.0,0.0,0.0,0.0,0.0039648298278166655,0.0021510395565,0.0017869559130833353,0.0,True,373.24374004119255
synthetic,small-long,S1,max,GitHub Container Registry,2-core,False,10,0.006,0.0,0.0,0.0,0.0,0.011894489483449996,0.0064531186695000005,0.005360867739250006,0.0,True,373.24374004119255
synthetic,small-long,S1,max,GitHub Container Registry,2-core,False,100,0.006,0.0,0.0,0.0,0.0,0.011894489483449996,0.0064531186695000005,0.005360867739250006,0.0,True,373.24374004119255
synthetic,small-long,S1,max,GitHub Container Registry,2-core,False,1000,0.006,0.0,0.0,0.0,0.0,0.011894489483449996,0.0064531186695000005,0.005360867739250006,0.0,True,373.24374004119255
synthetic,small-long,S1,max,GitHub Container Registry,4-core,True,10,0.012,0.0,0.0,0.0,0.0,0.023788978966899993,0.012906237339000001,0.010721735478500012,0.0,True,373.24374004119255
synthetic,small-long,S1,max,GitHub Container Registry,4-core,True,100,0.012,0.0,0.0,0.0,0.0,0.023788978966899993,0.012906237339000001,0.010721735478500012,0.0,True,373.24374004119255
synthetic,small-long,S1,max,GitHub Container Registry,4-core,True,1000,0.012,0.0,0.0,0.0,0.0,0.023788978966899993,0.012906237339000001,0.010721735478500012,0.0,True,373.24374004119255
synthetic,small-long,S1,max,GitHub Container Registry,8-core,False,10,0.022,0.0,0.0,0.0,0.0,0.04361312810598331,0.023661435121500003,0.019656515043916686,0.0,True,373.24374004119255
synthetic,small-long,S1,max,GitHub Container Registry,8-core,False,100,0.022,0.0,0.0,0.0,0.0,0.04361312810598331,0.023661435121500003,0.019656515043916686,0.0,True,373.24374004119255
synthetic,small-long,S1,max,GitHub Container Registry,8-core,False,1000,0.022,0.0,0.0,0.0,0.0,0.04361312810598331,0.023661435121500003,0.019656515043916686,0.0,True,373.24374004119255
synthetic,small-long,S1,max,Amazon ECR,1-core,False,10,0.002,0.09,0.1,45.0,50.0,0.0039648298278166655,0.0028736470815000003,0.0017869559130833353,0.0007226075250000001,True,267.31179301428705
synthetic,small-long,S1,max,Amazon ECR,1-core,False,100,0.002,0.09,0.1,45.0,50.0,0.0039648298278166655,0.002417199648,0.0017869559130833353,0.0002661600915,True,362.650545338502
synthetic,small-long,S1,max,Amazon ECR,1-core,False,1000,0.002,0.09,0.1,45.0,50.0,0.0039648298278166655,0.00237155490465,0.0017869559130833353,0.00022051534815000003,True,372.1844205709235
synthetic,small-long,S1,max,Amazon ECR,2-core,False,10,0.006,0.09,0.1,15.0,16.666666666666668,0.011894489483449996,0.007175726194500001,0.005360867739250006,0.0007226075250000001,True,337.93309103222407
synthetic,small-long,S1,max,Amazon ECR,2-core,False,100,0.006,0.09,0.1,15.0,16.666666666666668,0.011894489483449996,0.006719278761,0.005360867739250006,0.0002661600915,True,369.7126751402957
synthetic,small-long,S1,max,Amazon ECR,2-core,False,1000,0.006,0.09,0.1,15.0,16.666666666666668,0.011894489483449996,0.006673634017650001,0.005360867739250006,0.00022051534815000003,True,372.8906335511029
synthetic,small-long,S1,max,Amazon ECR,4-core,True,10,0.012,0.09,0.1,7.5,8.333333333333334,0.023788978966899993,0.013628844864000001,0.010721735478500012,0.0007226075250000001,True,355.58841553670834
synthetic,small-long,S1,max,Amazon ECR,4-core,True,100,0.012,0.09,0.1,7.5,8.333333333333334,0.023788978966899993,0.0131723974305,0.010721735478500012,0.0002661600915,True,371.47820759074415
synthetic,small-long,S1,max,Amazon ECR,4-core,True,1000,0.012,0.09,0.1,7.5,8.333333333333334,0.023788978966899993,0.01312675268715,0.010721735478500012,0.00022051534815000003,True,373.0671867961477
synthetic,small-long,S1,max,Amazon ECR,8-core,False,10,0.022,0.09,0.1,4.090909090909091,4.545454545454546,0.04361312810598331,0.0243840426465,0.019656515043916686,0.0007226075250000001,True,363.61356303874663
synthetic,small-long,S1,max,Amazon ECR,8-core,False,100,0.022,0.09,0.1,4.090909090909091,4.545454545454546,0.04361312810598331,0.023927595213000002,0.019656515043916686,0.0002661600915,True,372.280722340948
synthetic,small-long,S1,max,Amazon ECR,8-core,False,1000,0.022,0.09,0.1,4.090909090909091,4.545454545454546,0.04361312810598331,0.023881950469650002,0.019656515043916686,0.00022051534815000003,True,373.1474382711681
synthetic,small-long,S1,max,Google Artifact Registry,1-core,False,10,0.002,0.11175870895385742,0.09313225746154785,55.87935447692871,46.566128730773926,0.0039648298278166655,0.002890902787346822,0.0017869559130833353,0.0007398632308468222,True,274.5869264020644
synthetic,small-long,S1,max,Google Artifact Registry,1-core,False,100,0.002,0.11175870895385742,0.09313225746154785,55.87935447692871,46.566128730773926,0.0039648298278166655,0.002465802988402975,0.0017869559130833353,0.0003147634319029749,True,363.37805867727974
synthetic,small-long,S1,max,Google Artifact Registry,1-core,False,1000,0.002,0.11175870895385742,0.09313225746154785,55.87935447692871,46.566128730773926,0.0039648298278166655,0.0024232930085085905,0.0017869559130833353,0.00027225345200859014,True,372.2571719048013
synthetic,small-long,S1,max,Google Artifact Registry,2-core,False,10,0.006,0.11175870895385742,0.09313225746154785,18.62645149230957,15.522042910257975,0.011894489483449996,0.0071929819003468225,0.005360867739250006,0.0007398632308468222,True,340.3581354948165
synthetic,small-long,S1,max,Google Artifact Registry,2-core,False,100,0.006,0.11175870895385742,0.09313225746154785,18.62645149230957,15.522042910257975,0.011894489483449996,0.006767882101402976,0.005360867739250006,0.0003147634319029749,True,369.95517958655495
synthetic,small-long,S1,max,Google Artifact Registry,2-core,False,1000,0.006,0.11175870895385742,0.09313225746154785,18.62645149230957,15.522042910257975,0.011894489483449996,0.006725372121508591,0.005360867739250006,0.00027225345200859014,True,372.9148839957288
synthetic,small-long,S1,max,Google Artifact Registry,4-core,True,10,0.012,0.11175870895385742,0.09313225746154785,9.313225746154785,7.761021455128987,0.023788978966899993,0.013646100569846824,0.010721735478500012,0.0007398632308468222,True,356.80093776800453
synthetic,small-long,S1,max,Google Artifact Registry,4-core,True,100,0.012,0.11175870895385742,0.09313225746154785,9.313225746154785,7.761021455128987,0.023788978966899993,0.013221000770902975,0.010721735478500012,0.0003147634319029749,True,371.59945981387375
synthetic,small-long,S1,max,Google Artifact Registry,4-core,True,1000,0.012,0.11175870895385742,0.09313225746154785,9.313225746154785,7.761021455128987,0.023788978966899993,0.013178490791008591,0.010721735478500012,0.00027225345200859014,True,373.07931201846066
synthetic,small-long,S1,max,Google Artifact Registry,8-core,False,10,0.022,0.11175870895385742,0.09313225746154785,5.079941316084429,4.233284430070357,0.04361312810598331,0.024401298352346824,0.019656515043916686,0.0007398632308468222,True,364.27493880127184
synthetic,small-long,S1,max,Google Artifact Registry,8-core,False,100,0.022,0.11175870895385742,0.09313225746154785,5.079941316084429,4.233284430070357,0.04361312810598331,0.023976198553402977,0.019656515043916686,0.0003147634319029749,True,372.3468599172005
synthetic,small-long,S1,max,Google Artifact Registry,8-core,False,1000,0.022,0.11175870895385742,0.09313225746154785,5.079941316084429,4.233284430070357,0.04361312810598331,0.023933688573508593,0.019656515043916686,0.00027225345200859014,True,373.1540520287934
synthetic,small-long,S1,max,Azure Container Registry,1-core,False,10,0.002,0.087,0.1,43.49999999999999,50.0,0.0039648298278166655,0.0028664656245000002,0.0017869559130833353,0.0007154260680000001,True,267.31179301428705
synthetic,small-long,S1,max,Azure Container Registry,1-core,False,100,0.002,0.087,0.1,43.49999999999999,50.0,0.0039648298278166655,0.002410018191,0.0017869559130833353,0.0002589786345,True,362.650545338502
synthetic,small-long,S1,max,Azure Container Registry,1-core,False,1000,0.002,0.087,0.1,43.49999999999999,50.0,0.0039648298278166655,0.0023643734476500003,0.0017869559130833353,0.00021333389115000002,True,372.1844205709235
synthetic,small-long,S1,max,Azure Container Registry,2-core,False,10,0.006,0.087,0.1,14.499999999999998,16.666666666666668,0.011894489483449996,0.007168544737500001,0.005360867739250006,0.0007154260680000001,True,337.93309103222407
synthetic,small-long,S1,max,Azure Container Registry,2-core,False,100,0.006,0.087,0.1,14.499999999999998,16.666666666666668,0.011894489483449996,0.006712097304000001,0.005360867739250006,0.0002589786345,True,369.7126751402957
synthetic,small-long,S1,max,Azure Container Registry,2-core,False,1000,0.006,0.087,0.1,14.499999999999998,16.666666666666668,0.011894489483449996,0.00666645256065,0.005360867739250006,0.00021333389115000002,True,372.8906335511029
synthetic,small-long,S1,max,Azure Container Registry,4-core,True,10,0.012,0.087,0.1,7.249999999999999,8.333333333333334,0.023788978966899993,0.013621663407,0.010721735478500012,0.0007154260680000001,True,355.58841553670834
synthetic,small-long,S1,max,Azure Container Registry,4-core,True,100,0.012,0.087,0.1,7.249999999999999,8.333333333333334,0.023788978966899993,0.0131652159735,0.010721735478500012,0.0002589786345,True,371.47820759074415
synthetic,small-long,S1,max,Azure Container Registry,4-core,True,1000,0.012,0.087,0.1,7.249999999999999,8.333333333333334,0.023788978966899993,0.013119571230150001,0.010721735478500012,0.00021333389115000002,True,373.0671867961477
synthetic,small-long,S1,max,Azure Container Registry,8-core,False,10,0.022,0.087,0.1,3.9545454545454546,4.545454545454546,0.04361312810598331,0.024376861189500002,0.019656515043916686,0.0007154260680000001,True,363.61356303874663
synthetic,small-long,S1,max,Azure Container Registry,8-core,False,100,0.022,0.087,0.1,3.9545454545454546,4.545454545454546,0.04361312810598331,0.023920413756000004,0.019656515043916686,0.0002589786345,True,372.280722340948
synthetic,small-long,S1,max,Azure Container Registry,8-core,False,1000,0.022,0.087,0.1,3.9545454545454546,4.545454545454546,0.04361312810598331,0.023874769012650003,0.019656515043916686,0.00021333389115000002,True,373.1474382711681
synthetic,small-long,S2,min,GitHub Container Registry,1-core,False,10,0.002,0.0,0.0,0.0,0.0,0.003994145950733334,0.0041204440300333335,-0.00013731740854999733,0.0,False,
synthetic,small-long,S2,min,GitHub Container Registry,1-core,False,100,0.002,0.0,0.0,0.0,0.0,0.003994145950733334,0.0041204440300333335,-0.00013731740854999733,0.0,False,
synthetic,small-long,S2,min,GitHub Container Registry,1-core,False,1000,0.002,0.0,0.0,0.0,0.0,0.003994145950733334,0.0041204440300333335,-0.00013731740854999733,0.0,False,
synthetic,small-long,S2,min,GitHub Container Registry,2-core,False,10,0.006,0.0,0.0,0.0,0.0,0.011982437852200002,0.0123613320901,-0.000411952225649992,0.0,False,
synthetic,small-long,S2,min,GitHub Container Registry,2-core,False,100,0.006,0.0,0.0,0.0,0.0,0.011982437852200002,0.0123613320901,-0.000411952225649992,0.0,False,
synthetic,small-long,S2,min,GitHub Container Registry,2-core,False,1000,0.006,0.0,0.0,0.0,0.0,0.011982437852200002,0.0123613320901,-0.000411952225649992,0.0,False,
synthetic,small-long,S2,min,GitHub Container Registry,4-core,True,10,0.012,0.0,0.0,0.0,0.0,0.023964875704400004,0.0247226641802,-0.000823904451299984,0.0,False,
synthetic,small-long,S2,min,GitHub Container Registry,4-core,True,100,0.012,0.0,0.0,0.0,0.0,0.023964875704400004,0.0247226641802,-0.000823904451299984,0.0,False,
synthetic,small-long,S2,min,GitHub Container Registry,4-core,True,1000,0.012,0.0,0.0,0.0,0.0,0.023964875704400004,0.0247226641802,-0.000823904451299984,0.0,False,
synthetic,small-long,S2,min,GitHub Container Registry,8-core,False,10,0.022,0.0,0.0,0.0,0.0,0.04393560545806667,0.04532488433036666,-0.0015104914940499705,0.0,False,
synthetic,small-long,S2,min,GitHub Container Registry,8-core,False,100,0.022,0.0,0.0,0.0,0.0,0.04393560545806667,0.04532488433036666,-0.0015104914940499705,0.0,False,
synthetic,small-long,S2,min,GitHub Container Registry,8-core,False,1000,0.022,0.0,0.0,0.0,0.0,0.04393560545806667,0.04532488433036666,-0.0015104914940499705,0.0,False,
synthetic,small-long,S2,min,Amazon ECR,1-core,False,10,0.002,0.09,0.1,45.0,50.0,0.003994145950733334,0.004593172910033334,-0.00013731740854999733,0.00047272888000000007,False,
synthetic,small-long,S2,min,Amazon ECR,1-core,False,100,0.002,0.09,0.1,45.0,50.0,0.003994145950733334,0.004167724451033333,-0.00013731740854999733,4.7280421000000006e-05,False,
synthetic,small-long,S2,min,Amazon ECR,1-core,False,1000,0.002,0.09,0.1,45.0,50.0,0.003994145950733334,0.004125179605133334,-0.00013731740854999733,4.735575100000001e-06,False,
synthetic,small-long,S2,min,Amazon ECR,2-core,False,10,0.006,0.09,0.1,15.0,16.666666666666668,0.011982437852200002,0.0128340609701,-0.000411952225649992,0.00047272888000000007,False,
synthetic,small-long,S2,min,Amazon ECR,2-core,False,100,0.006,0.09,0.1,15.0,16.666666666666668,0.011982437852200002,0.0124086125111,-0.000411952225649992,4.7280421000000006e-05,False,
synthetic,small-long,S2,min,Amazon ECR,2-core,False,1000,0.006,0.09,0.1,15.0,16.666666666666668,0.011982437852200002,0.012366067665199999,-0.000411952225649992,4.735575100000001e-06,False,
synthetic,small-long,S2,min,Amazon ECR,4-core,True,10,0.012,0.09,0.1,7.5,8.333333333333334,0.023964875704400004,0.025195393060199998,-0.000823904451299984,0.00047272888000000007,False,
synthetic,small-long,S2,min,Amazon ECR,4-core,True,100,0.012,0.09,0.1,7.5,8.333333333333334,0.023964875704400004,0.024769944601199998,-0.000823904451299984,4.7280421000000006e-05,False,
synthetic,small-long,S2,min,Amazon ECR,4-core,True,1000,0.012,0.09,0.1,7.5,8.333333333333334,0.023964875704400004,0.0247273997553,-0.000823904451299984,4.735575100000001e-06,False,
synthetic,small-long,S2,min,Amazon ECR,8-core,False,10,0.022,0.09,0.1,4.090909090909091,4.545454545454546,0.04393560545806667,0.04579761321036666,-0.0015104914940499705,0.00047272888000000007,False,
synthetic,small-long,S2,min,Amazon ECR,8-core,False,100,0.022,0.09,0.1,4.090909090909091,4.545454545454546,0.04393560545806667,0.04537216475136666,-0.0015104914940499705,4.7280421000000006e-05,False,
synthetic,small-long,S2,min,Amazon ECR,8-core,False,1000,0.022,0.09,0.1,4.090909090909091,4.545454545454546,0.04393560545806667,0.04532961990546666,-0.0015104914940499705,4.735575100000001e-06,False,
synthetic,small-long,S2,min,Google Artifact Registry,1-core,False,10,0.002,0.11175870895385742,0.09313225746154785,55.87935447692871,46.566128730773926,0.003994145950733334,0.004560709706040008,-0.00013731740854999733,0.0004402656760066748,False,
synthetic,small-long,S2,min,Google Artifact Registry,1-core,False,100,0.002,0.11175870895385742,0.09313225746154785,55.87935447692871,46.566128730773926,0.003994145950733334,0.0041644799518379405,-0.00013731740854999733,4.4035921804606924e-05,False,
synthetic,small-long,S2,min,Google Artifact Registry,1-core,False,1000,0.002,0.11175870895385742,0.09313225746154785,55.87935447692871,46.566128730773926,0.003994145950733334,0.004124856976417734,-0.00013731740854999733,4.412946384400129e-06,False,
synthetic,small-long,S2,min,Google Artifact Registry,2-core,False,10,0.006,0.11175870895385742,0.09313225746154785,18.62645149230957,15.522042910257975,0.011982437852200002,0.012801597766106674,-0.000411952225649992,0.0004402656760066748,False,
synthetic,small-long,S2,min,Google Artifact Registry,2-core,False,100,0.006,0.11175870895385742,0.09313225746154785,18.62645149230957,15.522042910257975,0.011982437852200002,0.012405368011904606,-0.000411952225649992,4.4035921804606924e-05,False,
synthetic,small-long,S2,min,Google Artifact Registry,2-core,False,1000,0.006,0.11175870895385742,0.09313225746154785,18.62645149230957,15.522042910257975,0.011982437852200002,0.0123657450364844,-0.000411952225649992,4.412946384400129e-06,False,
synthetic,small-long,S2,min,Google Artifact Registry,4-core,True,10,0.012,0.11175870895385742,0.09313225746154785,9.313225746154785,7.761021455128987,0.023964875704400004,0.025162929856206676,-0.000823904451299984,0.0004402656760066748,False,
synthetic,small-long,S2,min,Google Artifact Registry,4-core,True,100,0.012,0.11175870895385742,0.09313225746154785,9.313225746154785,7.761021455128987,0.023964875704400004,0.024766700102004605,-0.000823904451299984,4.4035921804606924e-05,False,
synthetic,small-long,S2,min,Google Artifact Registry,4-core,True,1000,0.012,0.11175870895385742,0.09313225746154785,9.313225746154785,7.761021455128987,0.023964875704400004,0.0247270771265844,-0.000823904451299984,4.412946384400129e-06,False,
synthetic,small-long,S2,min,Google Artifact Registry,8-core,False,10,0.022,0.11175870895385742,0.09313225746154785,5.079941316084429,4.233284430070357,0.04393560545806667,0.04576515000637334,-0.0015104914940499705,0.0004402656760066748,False,
synthetic,small-long,S2,min,Google Artifact Registry,8-core,False,100,0.022,0.11175870895385742,0.09313225746154785,5.079941316084429,4.233284430070357,0.04393560545806667,0.04536892025217127,-0.0015104914940499705,4.4035921804606924e-05,False,
synthetic,small-long,S2,min,Google Artifact Registry,8-core,False,1000,0.022,0.11175870895385742,0.09313225746154785,5.079941316084429,4.233284430070357,0.04393560545806667,0.04532929727675106,-0.0015104914940499705,4.412946384400129e-06,False,
synthetic,small-long,S2,min,Azure Container Registry,1-core,False,10,0.002,0.087,0.1,43.49999999999999,50.0,0.003994145950733334,0.004593172631033334,-0.00013731740854999733,0.00047272860100000004,False,
synthetic,small-long,S2,min,Azure Container Registry,1-core,False,100,0.002,0.087,0.1,43.49999999999999,50.0,0.003994145950733334,0.004167724172033333,-0.00013731740854999733,4.7280142e-05,False,
synthetic,small-long,S2,min,Azure Container Registry,1-core,False,1000,0.002,0.087,0.1,43.49999999999999,50.0,0.003994145950733334,0.0041251793261333335,-0.00013731740854999733,4.735296100000001e-06,False,
synthetic,small-long,S2,min,Azure Container Registry,2-core,False,10,0.006,0.087,0.1,14.499999999999998,16.666666666666668,0.011982437852200002,0.0128340606911,-0.000411952225649992,0.00047272860100000004,False,
synthetic,small-long,S2,min,Azure Container Registry,2-core,False,100,0.006,0.087,0.1,14.499999999999998,16.666666666666668,0.011982437852200002,0.0124086122321,-0.000411952225649992,4.7280142e-05,False,
synthetic,small-long,S2,min,Azure Container Registry,2-core,False,1000,0.006,0.087,0.1,14.499999999999998,16.666666666666668,0.011982437852200002,0.012366067386199999,-0.000411952225649992,4.735296100000001e-06,False,
synthetic,small-long,S2,min,Azure Container Registry,4-core,True,10,0.012,0.087,0.1,7.249999999999999,8.333333333333334,0.023964875704400004,0.025195392781199998,-0.000823904451299984,0.00047272860100000004,False,
synthetic,small-long,S2,min,Azure Container Registry,4-core,True,100,0.012,0.087,0.1,7.249999999999999,8.333333333333334,0.023964875704400004,0.024769944322199998,-0.000823904451299984,4.7280142e-05,False,
synthetic,small-long,S2,min,Azure Container Registry,4-core,True,1000,0.012,0.087,0.1,7.249999999999999,8.333333333333334,0.023964875704400004,0.0247273994763,-0.000823904451299984,4.735296100000001e-06,False,
synthetic,small-long,S2,min,Azure Container Registry,8-core,False,10,0.022,0.087,0.1,3.9545454545454546,4.545454545454546,0.04393560545806667,0.04579761293136666,-0.0015104914940499705,0.00047272860100000004,False,
synthetic,small-long,S2,min,Azure Container Registry,8-core,False,100,0.022,0.087,0.1,3.9545454545454546,4.545454545454546,0.04393560545806667,0.04537216447236666,-0.0015104914940499705,4.7280142e-05,False,
synthetic,small-long,S2,min,Azure Container Registry,8-core,False,1000,0.022,0.087,0.1,3.9545454545454546,4.545454545454546,0.04393560545806667,0.04532961962646666,-0.0015104914940499705,4.735296100000001e-06,False,
synthetic,small-long,S2,max,GitHub Container Registry,1-core,False,10,0.002,0.0,0.0,0.0,0.0,0.003994145950733334,0.0031882863430999996,0.000792675556783331,0.0,True,294.81762428630174
synthetic,small-long,S2,max,GitHub Container Registry,1-core,False,100,0.002,0.0,0.0,0.0,0.0,0.003994145950733334,0.0031882863430999996,0.000792675556783331,0.0,True,294.81762428630174
synthetic,small-long,S2,max,GitHub Container Registry,1-core,False,1000,0.002,0.0,0.0,0.0,0.0,0.003994145950733334,0.0031882863430999996,0.000792675556783331,0.0,True,294.81762428630174
synthetic,small-long,S2,max,GitHub Container Registry,2-core,False,10,0.006,0.0,0.0,0.0,0.0,0.011982437852200002,0.0095648590293,0.002378026670349993,0.0,True,294.81762428630174
synthetic,small-long,S2,max,GitHub Container Registry,2-core,False,100,0.006,0.0,0.0,0.0,0.0,0.011982437852200002,0.0095648590293,0.002378026670349993,0.0,True,294.81762428630174
synthetic,small-long,S2,max,GitHub Container Registry,2-core,False,1000,0.006,0.0,0.0,0.0,0.0,0.011982437852200002,0.0095648590293,0.002378026670349993,0.0,True,294.81762428630174
synthetic,small-long,S2,max,GitHub Container Registry,4-core,True,10,0.012,0.0,0.0,0.0,0.0,0.023964875704400004,0.0191297180586,0.004756053340699986,0.0,True,294.81762428630174
synthetic,small-long,S2,max,GitHub Container Registry,4-core,True,100,0.012,0.0,0.0,0.0,0.0,0.023964875704400004,0.0191297180586,0.004756053340699986,0.0,True,294.81762428630174
synthetic,small-long,S2,max,GitHub Container Registry,4-core,True,1000,0.012,0.0,0.0,0.0,0.0,0.023964875704400004,0.0191297180586,0.004756053340699986,0.0,True,294.81762428630174
synthetic,small-long,S2,max,GitHub Container Registry,8-core,False,10,0.022,0.0,0.0,0.0,0.0,0.04393560545806667,0.035071149774099995,0.008719431124616641,0.0,True,294.81762428630174
synthetic,small-long,S2,max,GitHub Container Registry,8-core,False,100,0.022,0.0,0.0,0.0,0.0,0.04393560545806667,0.035071149774099995,0.008719431124616641,0.0,True,294.81762428630174
synthetic,small-long,S2,max,GitHub Container Registry,8-core,False,1000,0.022,0.0,0.0,0.0,0.0,0.04393560545806667,0.035071149774099995,0.008719431124616641,0.0,True,294.81762428630174
synthetic,small-long,S2,max,Amazon ECR,1-core,False,10,0.002,0.09,0.1,45.0,50.0,0.003994145950733334,0.0038164416530999997,0.000792675556783331,0.00062815531,True,106.18955969890668
synthetic,small-long,S2,max,Amazon ECR,1-core,False,100,0.002,0.09,0.1,45.0,50.0,0.003994145950733334,0.0033599941430999996,0.000792675556783331,0.0001717078,True,275.95481782756224
synthetic,small-long,S2,max,Amazon ECR,1-core,False,1000,0.002,0.09,0.1,45.0,50.0,0.003994145950733334,0.0033143493920999995,0.000792675556783331,0.000126063049,True,292.9313436404278
synthetic,small-long,S2,max,Amazon ECR,2-core,False,10,0.006,0.09,0.1,15.0,16.666666666666668,0.011982437852200002,0.0101930143393,0.002378026670349993,0.00062815531,True,231.94160275717005
synthetic,small-long,S2,max,Amazon ECR,2-core,False,100,0.006,0.09,0.1,15.0,16.666666666666668,0.011982437852200002,0.0097365668293,0.002378026670349993,0.0001717078,True,288.53002213338857
synthetic,small-long,S2,max,Amazon ECR,2-core,False,1000,0.006,0.09,0.1,15.0,16.666666666666668,0.011982437852200002,0.0096909220783,0.002378026670349993,0.000126063049,True,294.1888640710104
synthetic,small-long,S2,max,Amazon ECR,4-core,True,10,0.012,0.09,0.1,7.5,8.333333333333334,0.023964875704400004,0.0197578733686,0.004756053340699986,0.00062815531,True,263.3796135217359
synthetic,small-long,S2,max,Amazon ECR,4-core,True,100,0.012,0.09,0.1,7.5,8.333333333333334,0.023964875704400004,0.0193014258586,0.004756053340699986,0.0001717078,True,291.6738232098451
synthetic,small-long,S2,max,Amazon ECR,4-core,True,1000,0.012,0.09,0.1,7.5,8.333333333333334,0.023964875704400004,0.0192557811076,0.004756053340699986,0.000126063049,True,294.5032441786561
synthetic,small-long,S2,max,Amazon ECR,8-core,False,10,0.022,0.09,0.1,4.090909090909091,4.545454545454546,0.04393560545806667,0.0356993050841,0.008719431124616641,0.00062815531,True,277.6696184147204
synthetic,small-long,S2,max,Amazon ECR,8-core,False,100,0.022,0.09,0.1,4.090909090909091,4.545454545454546,0.04393560545806667,0.03524285757409999,0.008719431124616641,0.0001717078,True,293.1028236991436
synthetic,small-long,S2,max,Amazon ECR,8-core,False,1000,0.022,0.09,0.1,4.090909090909091,4.545454545454546,0.04393560545806667,0.035197212823099996,0.008719431124616641,0.000126063049,True,294.6461442275859
synthetic,small-long,S2,max,Google Artifact Registry,1-core,False,10,0.002,0.11175870895385742,0.09313225746154785,55.87935447692871,46.566128730773926,0.003994145950733334,0.0038108622408234358,0.000792675556783331,0.0006225758977234364,True,119.14404953003421
synthetic,small-long,S2,max,Google Artifact Registry,1-core,False,100,0.002,0.11175870895385742,0.09313225746154785,55.87935447692871,46.566128730773926,0.003994145950733334,0.0033857623706334116,0.000792675556783331,0.000197476027533412,True,277.250266810675
synthetic,small-long,S2,max,Google Artifact Registry,1-core,False,1000,0.002,0.11175870895385742,0.09313225746154785,55.87935447692871,46.566128730773926,0.003994145950733334,0.003343252383614409,0.000792675556783331,0.00015496604051440954,True,293.06088853873905
synthetic,small-long,S2,max,Google Artifact Registry,2-core,False,10,0.006,0.11175870895385742,0.09313225746154785,18.62645149230957,15.522042910257975,0.011982437852200002,0.010187434927023436,0.002378026670349993,0.0006225758977234364,True,236.2597660342126
synthetic,small-long,S2,max,Google Artifact Registry,2-core,False,100,0.006,0.11175870895385742,0.09313225746154785,18.62645149230957,15.522042910257975,0.011982437852200002,0.009762335056833412,0.002378026670349993,0.000197476027533412,True,288.96183846109284
synthetic,small-long,S2,max,Google Artifact Registry,2-core,False,1000,0.006,0.11175870895385742,0.09313225746154785,18.62645149230957,15.522042910257975,0.011982437852200002,0.009719825069814409,0.002378026670349993,0.00015496604051440954,True,294.23204570378084
synthetic,small-long,S2,max,Google Artifact Registry,4-core,True,10,0.012,0.11175870895385742,0.09313225746154785,9.313225746154785,7.761021455128987,0.023964875704400004,0.019752293956323438,0.004756053340699986,0.0006225758977234364,True,265.5386951602572
synthetic,small-long,S2,max,Google Artifact Registry,4-core,True,100,0.012,0.11175870895385742,0.09313225746154785,9.313225746154785,7.761021455128987,0.023964875704400004,0.019327194086133412,0.004756053340699986,0.000197476027533412,True,291.8897313736973
synthetic,small-long,S2,max,Google Artifact Registry,4-core,True,1000,0.012,0.11175870895385742,0.09313225746154785,9.313225746154785,7.761021455128987,0.023964875704400004,0.01928468409911441,0.004756053340699986,0.00015496604051440954,True,294.5248349950413
synthetic,small-long,S2,max,Google Artifact Registry,8-core,False,10,0.022,0.11175870895385742,0.09313225746154785,5.079941316084429,4.233284430070357,0.04393560545806667,0.03569372567182343,0.008719431124616641,0.0006225758977234364,True,278.84729930845924
synthetic,small-long,S2,max,Google Artifact Registry,8-core,False,100,0.022,0.11175870895385742,0.09313225746154785,5.079941316084429,4.233284430070357,0.04393560545806667,0.03526862580163341,0.008719431124616641,0.000197476027533412,True,293.22059178851754
synthetic,small-long,S2,max,Google Artifact Registry,8-core,False,1000,0.022,0.11175870895385742,0.09313225746154785,5.079941316084429,4.233284430070357,0.04393560545806667,0.035226115814614406,0.008719431124616641,0.00015496604051440954,True,294.6579210365233
synthetic,small-long,S2,max,Azure Container Registry,1-core,False,10,0.002,0.087,0.1,43.49999999999999,50.0,0.003994145950733334,0.0038124086061,0.000792675556783331,0.000624122263,True,106.18955969890668
synthetic,small-long,S2,max,Azure Container Registry,1-core,False,100,0.002,0.087,0.1,43.49999999999999,50.0,0.003994145950733334,0.0033559610960999997,0.000792675556783331,0.000167674753,True,275.95481782756224
synthetic,small-long,S2,max,Azure Container Registry,1-core,False,1000,0.002,0.087,0.1,43.49999999999999,50.0,0.003994145950733334,0.0033103163450999996,0.000792675556783331,0.000122030002,True,292.9313436404278
synthetic,small-long,S2,max,Azure Container Registry,2-core,False,10,0.006,0.087,0.1,14.499999999999998,16.666666666666668,0.011982437852200002,0.0101889812923,0.002378026670349993,0.000624122263,True,231.94160275717005
synthetic,small-long,S2,max,Azure Container Registry,2-core,False,100,0.006,0.087,0.1,14.499999999999998,16.666666666666668,0.011982437852200002,0.0097325337823,0.002378026670349993,0.000167674753,True,288.53002213338857
synthetic,small-long,S2,max,Azure Container Registry,2-core,False,1000,0.006,0.087,0.1,14.499999999999998,16.666666666666668,0.011982437852200002,0.0096868890313,0.002378026670349993,0.000122030002,True,294.1888640710104
synthetic,small-long,S2,max,Azure Container Registry,4-core,True,10,0.012,0.087,0.1,7.249999999999999,8.333333333333334,0.023964875704400004,0.019753840321600002,0.004756053340699986,0.000624122263,True,263.3796135217359
synthetic,small-long,S2,max,Azure Container Registry,4-core,True,100,0.012,0.087,0.1,7.249999999999999,8.333333333333334,0.023964875704400004,0.0192973928116,0.004756053340699986,0.000167674753,True,291.6738232098451
synthetic,small-long,S2,max,Azure Container Registry,4-core,True,1000,0.012,0.087,0.1,7.249999999999999,8.333333333333334,0.023964875704400004,0.0192517480606,0.004756053340699986,0.000122030002,True,294.5032441786561
synthetic,small-long,S2,max,Azure Container Registry,8-core,False,10,0.022,0.087,0.1,3.9545454545454546,4.545454545454546,0.04393560545806667,0.0356952720371,0.008719431124616641,0.000624122263,True,277.6696184147204
synthetic,small-long,S2,max,Azure Container Registry,8-core,False,100,0.022,0.087,0.1,3.9545454545454546,4.545454545454546,0.04393560545806667,0.0352388245271,0.008719431124616641,0.000167674753,True,293.1028236991436
synthetic,small-long,S2,max,Azure Container Registry,8-core,False,1000,0.022,0.087,0.1,3.9545454545454546,4.545454545454546,0.04393560545806667,0.035193179776099995,0.008719431124616641,0.000122030002,True,294.6461442275859
synthetic,small-long,S3,min,GitHub Container Registry,1-core,False,10,0.002,0.0,0.0,0.0,0.0,0.0031118927017166685,0.0032068457033500026,-9.307453835000104e-05,0.0,False,
synthetic,small-long,S3,min,GitHub Container Registry,1-core,False,100,0.002,0.0,0.0,0.0,0.0,0.0031118927017166685,0.0032068457033500026,-9.307453835000104e-05,0.0,False,
synthetic,small-long,S3,min,GitHub Container Registry,1-core,False,1000,0.002,0.0,0.0,0.0,0.0,0.0031118927017166685,0.0032068457033500026,-9.307453835000104e-05,0.0,False,
synthetic,small-long,S3,min,GitHub Container Registry,2-core,False,10,0.006,0.0,0.0,0.0,0.0,0.009335678105150005,0.009620537110050007,-0.0002792236150500031,0.0,False,
synthetic,small-long,S3,min,GitHub Container Registry,2-core,False,100,0.006,0.0,0.0,0.0,0.0,0.009335678105150005,0.009620537110050007,-0.0002792236150500031,0.0,False,
synthetic,small-long,S3,min,GitHub Container Registry,2-core,False,1000,0.006,0.0,0.0,0.0,0.0,0.009335678105150005,0.009620537110050007,-0.0002792236150500031,0.0,False,
synthetic,small-long,S3,min,GitHub Container Registry,4-core,True,10,0.012,0.0,0.0,0.0,0.0,0.01867135621030001,0.019241074220100015,-0.0005584472301000062,0.0,False,
synthetic,small-long,S3,min,GitHub Container Registry,4-core,True,100,0.012,0.0,0.0,0.0,0.0,0.01867135621030001,0.019241074220100015,-0.0005584472301000062,0.0,False,
synthetic,small-long,S3,min,GitHub Container Registry,4-core,True,1000,0.012,0.0,0.0,0.0,0.0,0.01867135621030001,0.019241074220100015,-0.0005584472301000062,0.0,False,
synthetic,small-long,S3,min,GitHub Container Registry,8-core,False,10,0.022,0.0,0.0,0.0,0.0,0.03423081971888335,0.03527530273685003,-0.0010238199218500113,0.0,False,
synthetic,small-long,S3,min,GitHub Container Registry,8-core,False,100,0.022,0.0,0.0,0.0,0.0,0.03423081971888335,0.03527530273685003,-0.0010238199218500113,0.0,False,
synthetic,small-long,S3,min,GitHub Container Registry,8-core,False,1000,0.022,0.0,0.0,0.0,0.0,0.03423081971888335,0.03527530273685003,-0.0010238199218500113,0.0,False,
synthetic,small-long,S3,min,Amazon ECR,1-core,False,10,0.002,0.09,0.1,45.0,50.0,0.0031118927017166685,0.0037740181383500025,-9.307453835000104e-05,0.000567172435,False,
synthetic,small-long,S3,min,Amazon ECR,1-core,False,100,0.002,0.09,0.1,45.0,50.0,0.0031118927017166685,0.003348558028850003,-9.307453835000104e-05,0.0001417123255,False,
synthetic,small-long,S3,min,Amazon ECR,1-core,False,1000,0.002,0.09,0.1,45.0,50.0,0.0031118927017166685,0.0033060120179000028,-9.307453835000104e-05,9.916631455000001e-05,False,
synthetic,small-long,S3,min,Amazon ECR,2-core,False,10,0.006,0.09,0.1,15.0,16.666666666666668,0.009335678105150005,0.010187709545050008,-0.0002792236150500031,0.000567172435,False,
synthetic,small-long,S3,min,Amazon ECR,2-core,False,100,0.006,0.09,0.1,15.0,16.666666666666668,0.009335678105150005,0.009762249435550008,-0.0002792236150500031,0.0001417123255,False,
synthetic,small-long,S3,min,Amazon ECR,2-core,False,1000,0.006,0.09,0.1,15.0,16.666666666666668,0.009335678105150005,0.009719703424600008,-0.0002792236150500031,9.916631455000001e-05,False,
synthetic,small-long,S3,min,Amazon ECR,4-core,True,10,0.012,0.09,0.1,7.5,8.333333333333334,0.01867135621030001,0.019808246655100014,-0.0005584472301000062,0.000567172435,False,
synthetic,small-long,S3,min,Amazon ECR,4-core,True,100,0.012,0.09,0.1,7.5,8.333333333333334,0.01867135621030001,0.019382786545600016,-0.0005584472301000062,0.0001417123255,False,
synthetic,small-long,S3,min,Amazon ECR,4-core,True,1000,0.012,0.09,0.1,7.5,8.333333333333334,0.01867135621030001,0.019340240534650013,-0.0005584472301000062,9.916631455000001e-05,False,
synthetic,small-long,S3,min,Amazon ECR,8-core,False,10,0.022,0.09,0.1,4.090909090909091,4.545454545454546,0.03423081971888335,0.035842475171850026,-0.0010238199218500113,0.000567172435,False,
synthetic,small-long,S3,min,Amazon ECR,8-core,False,100,0.022,0.09,0.1,4.090909090909091,4.545454545454546,0.03423081971888335,0.035417015062350024,-0.0010238199218500113,0.0001417123255,False,
synthetic,small-long,S3,min,Amazon ECR,8-core,False,1000,0.022,0.09,0.1,4.090909090909091,4.545454545454546,0.03423081971888335,0.03537446905140003,-0.0010238199218500113,9.916631455000001e-05,False,
synthetic,small-long,S3,min,Google Artifact Registry,1-core,False,10,0.002,0.11175870895385742,0.09313225746154785,55.87935447692871,46.566128730773926,0.0031118927017166685,0.003764383913764353,-9.307453835000104e-05,0.00055753821041435,False,
synthetic,small-long,S3,min,Google Artifact Registry,1-core,False,100,0.002,0.11175870895385742,0.09313225746154785,55.87935447692871,46.566128730773926,0.0031118927017166685,0.0033681433091886292,-9.307453835000104e-05,0.00016129760583862663,False,
synthetic,small-long,S3,min,Google Artifact Registry,1-core,False,1000,0.002,0.11175870895385742,0.09313225746154785,55.87935447692871,46.566128730773926,0.0031118927017166685,0.003328519248731057,-9.307453835000104e-05,0.0001216735453810543,False,
synthetic,small-long,S3,min,Google Artifact Registry,2-core,False,10,0.006,0.11175870895385742,0.09313225746154785,18.62645149230957,15.522042910257975,0.009335678105150005,0.010178075320464358,-0.0002792236150500031,0.00055753821041435,False,
synthetic,small-long,S3,min,Google Artifact Registry,2-core,False,100,0.006,0.11175870895385742,0.09313225746154785,18.62645149230957,15.522042910257975,0.009335678105150005,0.009781834715888634,-0.0002792236150500031,0.00016129760583862663,False,
synthetic,small-long,S3,min,Google Artifact Registry,2-core,False,1000,0.006,0.11175870895385742,0.09313225746154785,18.62645149230957,15.522042910257975,0.009335678105150005,0.009742210655431061,-0.0002792236150500031,0.0001216735453810543,False,
synthetic,small-long,S3,min,Google Artifact Registry,4-core,True,10,0.012,0.11175870895385742,0.09313225746154785,9.313225746154785,7.761021455128987,0.01867135621030001,0.019798612430514364,-0.0005584472301000062,0.00055753821041435,False,
synthetic,small-long,S3,min,Google Artifact Registry,4-core,True,100,0.012,0.11175870895385742,0.09313225746154785,9.313225746154785,7.761021455128987,0.01867135621030001,0.019402371825938642,-0.0005584472301000062,0.00016129760583862663,False,
synthetic,small-long,S3,min,Google Artifact Registry,4-core,True,1000,0.012,0.11175870895385742,0.09313225746154785,9.313225746154785,7.761021455128987,0.01867135621030001,0.01936274776548107,-0.0005584472301000062,0.0001216735453810543,False,
synthetic,small-long,S3,min,Google Artifact Registry,8-core,False,10,0.022,0.11175870895385742,0.09313225746154785,5.079941316084429,4.233284430070357,0.03423081971888335,0.035832840947264376,-0.0010238199218500113,0.00055753821041435,False,
synthetic,small-long,S3,min,Google Artifact Registry,8-core,False,100,0.022,0.11175870895385742,0.09313225746154785,5.079941316084429,4.233284430070357,0.03423081971888335,0.035436600342688654,-0.0010238199218500113,0.00016129760583862663,False,
synthetic,small-long,S3,min,Google Artifact Registry,8-core,False,1000,0.022,0.11175870895385742,0.09313225746154785,5.079941316084429,4.233284430070357,0.03423081971888335,0.03539697628223108,-0.0010238199218500113,0.0001216735453810543,False,
synthetic,small-long,S3,min,Azure Container Registry,1-core,False,10,0.002,0.087,0.1,43.49999999999999,50.0,0.0031118927017166685,0.0037708701723500027,-9.307453835000104e-05,0.000564024469,False,
synthetic,small-long,S3,min,Azure Container Registry,1-core,False,100,0.002,0.087,0.1,43.49999999999999,50.0,0.0031118927017166685,0.0033454100628500026,-9.307453835000104e-05,0.0001385643595,False,
synthetic,small-long,S3,min,Azure Container Registry,1-core,False,1000,0.002,0.087,0.1,43.49999999999999,50.0,0.0031118927017166685,0.0033028640519000025,-9.307453835000104e-05,9.601834855000001e-05,False,
synthetic,small-long,S3,min,Azure Container Registry,2-core,False,10,0.006,0.087,0.1,14.499999999999998,16.666666666666668,0.009335678105150005,0.010184561579050008,-0.0002792236150500031,0.000564024469,False,
synthetic,small-long,S3,min,Azure Container Registry,2-core,False,100,0.006,0.087,0.1,14.499999999999998,16.666666666666668,0.009335678105150005,0.009759101469550007,-0.0002792236150500031,0.0001385643595,False,
synthetic,small-long,S3,min,Azure Container Registry,2-core,False,1000,0.006,0.087,0.1,14.499999999999998,16.666666666666668,0.009335678105150005,0.009716555458600007,-0.0002792236150500031,9.601834855000001e-05,False,
synthetic,small-long,S3,min,Azure Container Registry,4-core,True,10,0.012,0.087,0.1,7.249999999999999,8.333333333333334,0.01867135621030001,0.019805098689100013,-0.0005584472301000062,0.000564024469,False,
synthetic,small-long,S3,min,Azure Container Registry,4-core,True,100,0.012,0.087,0.1,7.249999999999999,8.333333333333334,0.01867135621030001,0.019379638579600015,-0.0005584472301000062,0.0001385643595,False,
synthetic,small-long,S3,min,Azure Container Registry,4-core,True,1000,0.012,0.087,0.1,7.249999999999999,8.333333333333334,0.01867135621030001,0.019337092568650016,-0.0005584472301000062,9.601834855000001e-05,False,
synthetic,small-long,S3,min,Azure Container Registry,8-core,False,10,0.022,0.087,0.1,3.9545454545454546,4.545454545454546,0.03423081971888335,0.03583932720585003,-0.0010238199218500113,0.000564024469,False,
synthetic,small-long,S3,min,Azure Container Registry,8-core,False,100,0.022,0.087,0.1,3.9545454545454546,4.545454545454546,0.03423081971888335,0.03541386709635003,-0.0010238199218500113,0.0001385643595,False,
synthetic,small-long,S3,min,Azure Container Registry,8-core,False,1000,0.022,0.087,0.1,3.9545454545454546,4.545454545454546,0.03423081971888335,0.035371321085400025,-0.0010238199218500113,9.601834855000001e-05,False,
synthetic,small-long,S3,max,GitHub Container Registry,1-core,False,10,0.002,0.0,0.0,0.0,0.0,0.0031118927017166685,0.0033260559771333327,-0.00020007330635000073,0.0,False,
synthetic,small-long,S3,max,GitHub Container Registry,1-core,False,100,0.002,0.0,0.0,0.0,0.0,0.0031118927017166685,0.0033260559771333327,-0.00020007330635000073,0.0,False,
synthetic,small-long,S3,max,GitHub Container Registry,1-core,False,1000,0.002,0.0,0.0,0.0,0.0,0.0031118927017166685,0.0033260559771333327,-0.00020007330635000073,0.0,False,
synthetic,small-long,S3,max,GitHub Container Registry,2-core,False,10,0.006,0.0,0.0,0.0,0.0,0.009335678105150005,0.009978167931399998,-0.0006002199190500022,0.0,False,
synthetic,small-long,S3,max,GitHub Container Registry,2-core,False,100,0.006,0.0,0.0,0.0,0.0,0.009335678105150005,0.009978167931399998,-0.0006002199190500022,0.0,False,
synthetic,small-long,S3,max,GitHub Container Registry,2-core,False,1000,0.006,0.0,0.0,0.0,0.0,0.009335678105150005,0.009978167931399998,-0.0006002199190500022,0.0,False,
synthetic,small-long,S3,max,GitHub Container Registry,4-core,True,10,0.012,0.0,0.0,0.0,0.0,0.01867135621030001,0.019956335862799997,-0.0012004398381000043,0.0,False,
synthetic,small-long,S3,max,GitHub Container Registry,4-core,True,100,0.012,0.0,0.0,0.0,0.0,0.01867135621030001,0.019956335862799997,-0.0012004398381000043,0.0,False,
synthetic,small-long,S3,max,GitHub Container Registry,4-core,True,1000,0.012,0.0,0.0,0.0,0.0,0.01867135621030001,0.019956335862799997,-0.0012004398381000043,0.0,False,
synthetic,small-long,S3,max,GitHub Container Registry,8-core,False,10,0.022,0.0,0.0,0.0,0.0,0.03423081971888335,0.03658661574846666,-0.002200806369850008,0.0,False,
synthetic,small-long,S3,max,GitHub Container Registry,8-core,False,100,0.022,0.0,0.0,0.0,0.0,0.03423081971888335,0.03658661574846666,-0.002200806369850008,0.0,False,
synthetic,small-long,S3,max,GitHub Container Registry,8-core,False,1000,0.022,0.0,0.0,0.0,0.0,0.03423081971888335,0.03658661574846666,-0.002200806369850008,0.0,False,
synthetic,small-long,S3,max,Amazon ECR,1-core,False,10,0.002,0.09,0.1,45.0,50.0,0.0031118927017166685,0.003938163752133333,-0.00020007330635000073,0.0006121077750000001,False,
synthetic,small-long,S3,max,Amazon ECR,1-core,False,100,0.002,0.09,0.1,45.0,50.0,0.0031118927017166685,0.003472261836633333,-0.00020007330635000073,0.0001462058595,False,
synthetic,small-long,S3,max,Amazon ECR,1-core,False,1000,0.002,0.09,0.1,45.0,50.0,0.0031118927017166685,0.0034256716450833326,-0.00020007330635000073,9.961566795000001e-05,False,
synthetic,small-long,S3,max,Amazon ECR,2-core,False,10,0.006,0.09,0.1,15.0,16.666666666666668,0.009335678105150005,0.010590275706399999,-0.0006002199190500022,0.0006121077750000001,False,
synthetic,small-long,S3,max,Amazon ECR,2-core,False,100,0.006,0.09,0.1,15.0,16.666666666666668,0.009335678105150005,0.010124373790899999,-0.0006002199190500022,0.0001462058595,False,
synthetic,small-long,S3,max,Amazon ECR,2-core,False,1000,0.006,0.09,0.1,15.0,16.666666666666668,0.009335678105150005,0.010077783599349998,-0.0006002199190500022,9.961566795000001e-05,False,
synthetic,small-long,S3,max,Amazon ECR,4-core,True,10,0.012,0.09,0.1,7.5,8.333333333333334,0.01867135621030001,0.020568443637799996,-0.0012004398381000043,0.0006121077750000001,False,
synthetic,small-long,S3,max,Amazon ECR,4-core,True,100,0.012,0.09,0.1,7.5,8.333333333333334,0.01867135621030001,0.020102541722299996,-0.0012004398381000043,0.0001462058595,False,
synthetic,small-long,S3,max,Amazon ECR,4-core,True,1000,0.012,0.09,0.1,7.5,8.333333333333334,0.01867135621030001,0.02005595153075,-0.0012004398381000043,9.961566795000001e-05,False,
synthetic,small-long,S3,max,Amazon ECR,8-core,False,10,0.022,0.09,0.1,4.090909090909091,4.545454545454546,0.03423081971888335,0.03719872352346666,-0.002200806369850008,0.0006121077750000001,False,
synthetic,small-long,S3,max,Amazon ECR,8-core,False,100,0.022,0.09,0.1,4.090909090909091,4.545454545454546,0.03423081971888335,0.03673282160796666,-0.002200806369850008,0.0001462058595,False,
synthetic,small-long,S3,max,Amazon ECR,8-core,False,1000,0.022,0.09,0.1,4.090909090909091,4.545454545454546,0.03423081971888335,0.03668623141641666,-0.002200806369850008,9.961566795000001e-05,False,
synthetic,small-long,S3,max,Google Artifact Registry,1-core,False,10,0.002,0.11175870895385742,0.09313225746154785,55.87935447692871,46.566128730773926,0.0031118927017166685,0.003925443484087705,-0.00020007330635000073,0.000599387506954372,False,
synthetic,small-long,S3,max,Google Artifact Registry,1-core,False,100,0.002,0.11175870895385742,0.09313225746154785,55.87935447692871,46.566128730773926,0.0031118927017166685,0.0034915385126259614,-0.00020007330635000073,0.00016548253549262884,False,
synthetic,small-long,S3,max,Google Artifact Registry,1-core,False,1000,0.002,0.11175870895385742,0.09313225746154785,55.87935447692871,46.566128730773926,0.0031118927017166685,0.003448148015479787,-0.00020007330635000073,0.0001220920383464545,False,
synthetic,small-long,S3,max,Google Artifact Registry,2-core,False,10,0.006,0.11175870895385742,0.09313225746154785,18.62645149230957,15.522042910257975,0.009335678105150005,0.01057755543835437,-0.0006002199190500022,0.000599387506954372,False,
synthetic,small-long,S3,max,Google Artifact Registry,2-core,False,100,0.006,0.11175870895385742,0.09313225746154785,18.62645149230957,15.522042910257975,0.009335678105150005,0.010143650466892628,-0.0006002199190500022,0.00016548253549262884,False,
synthetic,small-long,S3,max,Google Artifact Registry,2-core,False,1000,0.006,0.11175870895385742,0.09313225746154785,18.62645149230957,15.522042910257975,0.009335678105150005,0.010100259969746454,-0.0006002199190500022,0.0001220920383464545,False,
synthetic,small-long,S3,max,Google Artifact Registry,4-core,True,10,0.012,0.11175870895385742,0.09313225746154785,9.313225746154785,7.761021455128987,0.01867135621030001,0.020555723369754367,-0.0012004398381000043,0.000599387506954372,False,
synthetic,small-long,S3,max,Google Artifact Registry,4-core,True,100,0.012,0.11175870895385742,0.09313225746154785,9.313225746154785,7.761021455128987,0.01867135621030001,0.020121818398292624,-0.0012004398381000043,0.00016548253549262884,False,
synthetic,small-long,S3,max,Google Artifact Registry,4-core,True,1000,0.012,0.11175870895385742,0.09313225746154785,9.313225746154785,7.761021455128987,0.01867135621030001,0.020078427901146452,-0.0012004398381000043,0.0001220920383464545,False,
synthetic,small-long,S3,max,Google Artifact Registry,8-core,False,10,0.022,0.11175870895385742,0.09313225746154785,5.079941316084429,4.233284430070357,0.03423081971888335,0.037186003255421034,-0.002200806369850008,0.000599387506954372,False,
synthetic,small-long,S3,max,Google Artifact Registry,8-core,False,100,0.022,0.11175870895385742,0.09313225746154785,5.079941316084429,4.233284430070357,0.03423081971888335,0.03675209828395929,-0.002200806369850008,0.00016548253549262884,False,
synthetic,small-long,S3,max,Google Artifact Registry,8-core,False,1000,0.022,0.11175870895385742,0.09313225746154785,5.079941316084429,4.233284430070357,0.03423081971888335,0.036708707786813115,-0.002200806369850008,0.0001220920383464545,False,
synthetic,small-long,S3,max,Azure Container Registry,1-core,False,10,0.002,0.087,0.1,43.49999999999999,50.0,0.0031118927017166685,0.003935015786133333,-0.00020007330635000073,0.0006089598090000001,False,
synthetic,small-long,S3,max,Azure Container Registry,1-core,False,100,0.002,0.087,0.1,43.49999999999999,50.0,0.0031118927017166685,0.0034691138706333326,-0.00020007330635000073,0.00014305789350000002,False,
synthetic,small-long,S3,max,Azure Container Registry,1-core,False,1000,0.002,0.087,0.1,43.49999999999999,50.0,0.0031118927017166685,0.0034225236790833328,-0.00020007330635000073,9.646770195000001e-05,False,
synthetic,small-long,S3,max,Azure Container Registry,2-core,False,10,0.006,0.087,0.1,14.499999999999998,16.666666666666668,0.009335678105150005,0.010587127740399998,-0.0006002199190500022,0.0006089598090000001,False,
synthetic,small-long,S3,max,Azure Container Registry,2-core,False,100,0.006,0.087,0.1,14.499999999999998,16.666666666666668,0.009335678105150005,0.010121225824899998,-0.0006002199190500022,0.00014305789350000002,False,
synthetic,small-long,S3,max,Azure Container Registry,2-core,False,1000,0.006,0.087,0.1,14.499999999999998,16.666666666666668,0.009335678105150005,0.010074635633349998,-0.0006002199190500022,9.646770195000001e-05,False,
synthetic,small-long,S3,max,Azure Container Registry,4-core,True,10,0.012,0.087,0.1,7.249999999999999,8.333333333333334,0.01867135621030001,0.0205652956718,-0.0012004398381000043,0.0006089598090000001,False,
synthetic,small-long,S3,max,Azure Container Registry,4-core,True,100,0.012,0.087,0.1,7.249999999999999,8.333333333333334,0.01867135621030001,0.0200993937563,-0.0012004398381000043,0.00014305789350000002,False,
synthetic,small-long,S3,max,Azure Container Registry,4-core,True,1000,0.012,0.087,0.1,7.249999999999999,8.333333333333334,0.01867135621030001,0.020052803564749998,-0.0012004398381000043,9.646770195000001e-05,False,
synthetic,small-long,S3,max,Azure Container Registry,8-core,False,10,0.022,0.087,0.1,3.9545454545454546,4.545454545454546,0.03423081971888335,0.03719557555746666,-0.002200806369850008,0.0006089598090000001,False,
synthetic,small-long,S3,max,Azure Container Registry,8-core,False,100,0.022,0.087,0.1,3.9545454545454546,4.545454545454546,0.03423081971888335,0.03672967364196666,-0.002200806369850008,0.00014305789350000002,False,
synthetic,small-long,S3,max,Azure Container Registry,8-core,False,1000,0.022,0.087,0.1,3.9545454545454546,4.545454545454546,0.03423081971888335,0.03668308345041666,-0.002200806369850008,9.646770195000001e-05,False,
synthetic,small-short,S0,min,GitHub Container Registry,1-core,False,10,0.002,0.0,0.0,0.0,0.0,0.0002820458494499998,0.00013928198860000004,0.00014530897068333316,0.0,True,69.23935787358863
synthetic,small-short,S0,min,GitHub Container Registry,1-core,False,100,0.002,0.0,0.0,0.0,0.0,0.0002820458494499998,0.00013928198860000004,0.00014530897068333316,0.0,True,69.23935787358863
synthetic,small-short,S0,min,GitHub Container Registry,1-core,False,1000,0.002,0.0,0.0,0.0,0.0,0.0002820458494499998,0.00013928198860000004,0.00014530897068333316,0.0,True,69.23935787358863
synthetic,small-short,S0,min,GitHub Container Registry,2-core,False,10,0.006,0.0,0.0,0.0,0.0,0.0008461375483499994,0.00041784596580000016,0.00043592691204999943,0.0,True,69.23935787358863
synthetic,small-short,S0,min,GitHub Container Registry,2-core,False,100,0.006,0.0,0.0,0.0,0.0,0.0008461375483499994,0.00041784596580000016,0.00043592691204999943,0.0,True,69.23935787358863
synthetic,small-short,S0,min,GitHub Container Registry,2-core,False,1000,0.006,0.0,0.0,0.0,0.0,0.0008461375483499994,0.00041784596580000016,0.00043592691204999943,0.0,True,69.23935787358863
synthetic,small-short,S0,min,GitHub Container Registry,4-core,True,10,0.012,0.0,0.0,0.0,0.0,0.0016922750966999987,0.0008356919316000003,0.0008718538240999989,0.0,True,69.23935787358863
synthetic,small-short,S0,min,GitHub Container Registry,4-core,True,100,0.012,0.0,0.0,0.0,0.0,0.0016922750966999987,0.0008356919316000003,0.0008718538240999989,0.0,True,69.23935787358863
synthetic,small-short,S0,min,GitHub Container Registry,4-core,True,1000,0.012,0.0,0.0,0.0,0.0,0.0016922750966999987,0.0008356919316000003,0.0008718538240999989,0.0,True,69.23935787358863
synthetic,small-short,S0,min,GitHub Container Registry,8-core,False,10,0.022,0.0,0.0,0.0,0.0,0.0031025043439499972,0.0015321018746000004,0.0015983986775166645,0.0,True,69.23935787358863
synthetic,small-short,S0,min,GitHub Container Registry,8-core,False,100,0.022,0.0,0.0,0.0,0.0,0.0031025043439499972,0.0015321018746000004,0.0015983986775166645,0.0,True,69.23935787358863
synthetic,small-short,S0,min,GitHub Container Registry,8-core,False,1000,0.022,0.0,0.0,0.0,0.0,0.0031025043439499972,0.0015321018746000004,0.0015983986775166645,0.0,True,69.23935787358863
synthetic,small-short,S0,min,Amazon ECR,1-core,False,10,0.002,0.09,0.1,45.0,50.0,0.0002820458494499998,0.0007064415885999999,0.00014530897068333316,0.0005671595999999999,False,-156.01076041690996
synthetic,small-short,S0,min,Amazon ECR,1-core,False,100,0.002,0.09,0.1,45.0,50.0,0.0002820458494499998,0.0002809931521,0.00014530897068333316,0.00014171116349999998,True,46.71434604453877
synthetic,small-short,S0,min,Amazon ECR,1-core,False,1000,0.002,0.09,0.1,45.0,50.0,0.0002820458494499998,0.00023844830845000002,0.00014530897068333316,9.916631985e-05,True,66.98685669068364
synthetic,small-short,S0,min,Amazon ECR,2-core,False,10,0.006,0.09,0.1,15.0,16.666666666666668,0.0008461375483499994,0.0009850055658000001,0.00043592691204999943,0.0005671595999999999,False,-5.844014889910909
synthetic,small-short,S0,min,Amazon ECR,2-core,False,100,0.006,0.09,0.1,15.0,16.666666666666668,0.0008461375483499994,0.0005595571293000002,0.00043592691204999943,0.00014171116349999998,True,61.73102059723868
synthetic,small-short,S0,min,Amazon ECR,2-core,False,1000,0.006,0.09,0.1,15.0,16.666666666666668,0.0008461375483499994,0.0005170122856500001,0.00043592691204999943,9.916631985e-05,True,68.48852414595363
synthetic,small-short,S0,min,Amazon ECR,4-core,True,10,0.012,0.09,0.1,7.5,8.333333333333334,0.0016922750966999987,0.0014028515316000002,0.0008718538240999989,0.0005671595999999999,True,31.69767149183886
synthetic,small-short,S0,min,Amazon ECR,4-core,True,100,0.012,0.09,0.1,7.5,8.333333333333334,0.0016922750966999987,0.0009774030951000003,0.0008718538240999989,0.00014171116349999998,True,65.48518923541364
synthetic,small-short,S0,min,Amazon ECR,4-core,True,1000,0.012,0.09,0.1,7.5,8.333333333333334,0.0016922750966999987,0.0009348582514500004,0.0008718538240999989,9.916631985e-05,True,68.86394100977112
synthetic,small-short,S0,min,Amazon ECR,8-core,False,10,0.022,0.09,0.1,4.090909090909091,4.545454545454546,0.0031025043439499972,0.0020992614746,0.0015983986775166645,0.0005671595999999999,True,48.76207439263421
synthetic,small-short,S0,min,Amazon ECR,8-core,False,100,0.022,0.09,0.1,4.090909090909091,4.545454545454546,0.0031025043439499972,0.0016738130381000003,0.0015983986775166645,0.00014171116349999998,True,67.19162952549318
synthetic,small-short,S0,min,Amazon ECR,8-core,False,1000,0.022,0.09,0.1,4.090909090909091,4.545454545454546,0.0031025043439499972,0.0016312681944500003,0.0015983986775166645,9.916631985e-05,True,69.03458503877908
synthetic,small-short,S0,min,Google Artifact Registry,1-core,False,10,0.002,0.11175870895385742,0.09313225746154785,55.87935447692871,46.566128730773926,0.0002820458494499998,0.0006968082873986207,0.00014530897068333316,0.0005575262987986206,False,-140.5411622251596
synthetic,small-short,S0,min,Google Artifact Registry,1-core,False,100,0.002,0.11175870895385742,0.09313225746154785,55.87935447692871,46.566128730773926,0.0002820458494499998,0.0003005785541513108,0.00014530897068333316,0.00016129656555131076,False,48.2613058637138
synthetic,small-short,S0,min,Google Artifact Registry,1-core,False,1000,0.002,0.11175870895385742,0.09313225746154785,55.87935447692871,46.566128730773926,0.0002820458494499998,0.0002609555808265798,0.00014530897068333316,0.00012167359222657977,True,67.14155267260115
synthetic,small-short,S0,min,Google Artifact Registry,2-core,False,10,0.006,0.11175870895385742,0.09313225746154785,18.62645149230957,15.522042910257975,0.0008461375483499994,0.0009753722645986207,0.00043592691204999943,0.0005575262987986206,False,-0.6874821593274398
synthetic,small-short,S0,min,Google Artifact Registry,2-core,False,100,0.006,0.11175870895385742,0.09313225746154785,18.62645149230957,15.522042910257975,0.0008461375483499994,0.000579142531351311,0.00043592691204999943,0.00016129656555131076,True,62.24667387029702
synthetic,small-short,S0,min,Google Artifact Registry,2-core,False,1000,0.006,0.11175870895385742,0.09313225746154785,18.62645149230957,15.522042910257975,0.0008461375483499994,0.0005395195580265799,0.00043592691204999943,0.00012167359222657977,True,68.54008947325947
synthetic,small-short,S0,min,Google Artifact Registry,4-core,True,10,0.012,0.11175870895385742,0.09313225746154785,9.313225746154785,7.761021455128987,0.0016922750966999987,0.001393218230398621,0.0008718538240999989,0.0005575262987986206,True,34.27593785713059
synthetic,small-short,S0,min,Google Artifact Registry,4-core,True,100,0.012,0.11175870895385742,0.09313225746154785,9.313225746154785,7.761021455128987,0.0016922750966999987,0.000996988497151311,0.0008718538240999989,0.00016129656555131076,True,65.74301587194283
synthetic,small-short,S0,min,Google Artifact Registry,4-core,True,1000,0.012,0.11175870895385742,0.09313225746154785,9.313225746154785,7.761021455128987,0.0016922750966999987,0.0009573655238265802,0.0008718538240999989,0.00012167359222657977,True,68.88972367342406
synthetic,small-short,S0,min,Google Artifact Registry,8-core,False,10,0.022,0.11175870895385742,0.09313225746154785,5.079941316084429,4.233284430070357,0.0031025043439499972,0.002089628173398621,0.0015983986775166645,0.0005575262987986206,True,50.16840150097515
synthetic,small-short,S0,min,Google Artifact Registry,8-core,False,100,0.022,0.11175870895385742,0.09313225746154785,5.079941316084429,4.233284430070357,0.0031025043439499972,0.0016933984401513113,0.0015983986775166645,0.00016129656555131076,True,67.33226223632728
synthetic,small-short,S0,min,Google Artifact Registry,8-core,False,1000,0.022,0.11175870895385742,0.09313225746154785,5.079941316084429,4.233284430070357,0.0031025043439499972,0.0016537754668265801,0.0015983986775166645,0.00012167359222657977,True,69.04864830986249
synthetic,small-short,S0,min,Azure Container Registry,1-core,False,10,0.002,0.087,0.1,43.49999999999999,50.0,0.0002820458494499998,0.0007032936181,0.00014530897068333316,0.0005640116295,False,-156.01076041690996
synthetic,small-short,S0,min,Azure Container Registry,1-core,False,100,0.002,0.087,0.1,43.49999999999999,50.0,0.0002820458494499998,0.00027784518160000005,0.00014530897068333316,0.000138563193,True,46.71434604453877
synthetic,small-short,S0,min,Azure Container Registry,1-core,False,1000,0.002,0.087,0.1,43.49999999999999,50.0,0.0002820458494499998,0.00023530033795000004,0.00014530897068333316,9.601834934999999e-05,True,66.98685669068364
synthetic,small-short,S0,min,Azure Container Registry,2-core,False,10,0.006,0.087,0.1,14.499999999999998,16.666666666666668,0.0008461375483499994,0.0009818575953,0.00043592691204999943,0.0005640116295,False,-5.844014889910909
synthetic,small-short,S0,min,Azure Container Registry,2-core,False,100,0.006,0.087,0.1,14.499999999999998,16.666666666666668,0.0008461375483499994,0.0005564091588000002,0.00043592691204999943,0.000138563193,True,61.73102059723868
synthetic,small-short,S0,min,Azure Container Registry,2-core,False,1000,0.006,0.087,0.1,14.499999999999998,16.666666666666668,0.0008461375483499994,0.0005138643151500001,0.00043592691204999943,9.601834934999999e-05,True,68.48852414595363
synthetic,small-short,S0,min,Azure Container Registry,4-core,True,10,0.012,0.087,0.1,7.249999999999999,8.333333333333334,0.0016922750966999987,0.0013997035611000002,0.0008718538240999989,0.0005640116295,True,31.69767149183886
synthetic,small-short,S0,min,Azure Container Registry,4-core,True,100,0.012,0.087,0.1,7.249999999999999,8.333333333333334,0.0016922750966999987,0.0009742551246000003,0.0008718538240999989,0.000138563193,True,65.48518923541364
synthetic,small-short,S0,min,Azure Container Registry,4-core,True,1000,0.012,0.087,0.1,7.249999999999999,8.333333333333334,0.0016922750966999987,0.0009317102809500003,0.0008718538240999989,9.601834934999999e-05,True,68.86394100977112
synthetic,small-short,S0,min,Azure Container Registry,8-core,False,10,0.022,0.087,0.1,3.9545454545454546,4.545454545454546,0.0031025043439499972,0.0020961135041000006,0.0015983986775166645,0.0005640116295,True,48.76207439263421
synthetic,small-short,S0,min,Azure Container Registry,8-core,False,100,0.022,0.087,0.1,3.9545454545454546,4.545454545454546,0.0031025043439499972,0.0016706650676000005,0.0015983986775166645,0.000138563193,True,67.19162952549318
synthetic,small-short,S0,min,Azure Container Registry,8-core,False,1000,0.022,0.087,0.1,3.9545454545454546,4.545454545454546,0.0031025043439499972,0.0016281202239500003,0.0015983986775166645,9.601834934999999e-05,True,69.03458503877908
synthetic,small-short,S0,max,GitHub Container Registry,1-core,False,10,0.002,0.0,0.0,0.0,0.0,0.0002820458494499998,0.0001622322956833332,0.00013157047581666625,0.0,True,62.692969862819425
synthetic,small-short,S0,max,GitHub Container Registry,1-core,False,100,0.002,0.0,0.0,0.0,0.0,0.0002820458494499998,0.0001622322956833332,0.00013157047581666625,0.0,True,62.692969862819425
synthetic,small-short,S0,max,GitHub Container Registry,1-core,False,1000,0.002,0.0,0.0,0.0,0.0,0.0002820458494499998,0.0001622322956833332,0.00013157047581666625,0.0,True,62.692969862819425
synthetic,small-short,S0,max,GitHub Container Registry,2-core,False,10,0.006,0.0,0.0,0.0,0.0,0.0008461375483499994,0.0004866968870499996,0.00039471142744999875,0.0,True,62.692969862819425
synthetic,small-short,S0,max,GitHub Container Registry,2-core,False,100,0.006,0.0,0.0,0.0,0.0,0.0008461375483499994,0.0004866968870499996,0.00039471142744999875,0.0,True,62.692969862819425
synthetic,small-short,S0,max,GitHub Container Registry,2-core,False,1000,0.006,0.0,0.0,0.0,0.0,0.0008461375483499994,0.0004866968870499996,0.00039471142744999875,0.0,True,62.692969862819425
synthetic,small-short,S0,max,GitHub Container Registry,4-core,True,10,0.012,0.0,0.0,0.0,0.0,0.0016922750966999987,0.0009733937740999992,0.0007894228548999975,0.0,True,62.692969862819425
synthetic,small-short,S0,max,GitHub Container Registry,4-core,True,100,0.012,0.0,0.0,0.0,0.0,0.0016922750966999987,0.0009733937740999992,0.0007894228548999975,0.0,True,62.692969862819425
synthetic,small-short,S0,max,GitHub Container Registry,4-core,True,1000,0.012,0.0,0.0,0.0,0.0,0.0016922750966999987,0.0009733937740999992,0.0007894228548999975,0.0,True,62.692969862819425
synthetic,small-short,S0,max,GitHub Container Registry,8-core,False,10,0.022,0.0,0.0,0.0,0.0,0.0031025043439499972,0.001784555252516665,0.0014472752339833286,0.0,True,62.692969862819425
synthetic,small-short,S0,max,GitHub Container Registry,8-core,False,100,0.022,0.0,0.0,0.0,0.0,0.0031025043439499972,0.001784555252516665,0.0014472752339833286,0.0,True,62.692969862819425
synthetic,small-short,S0,max,GitHub Container Registry,8-core,False,1000,0.022,0.0,0.0,0.0,0.0,0.0031025043439499972,0.001784555252516665,0.0014472752339833286,0.0,True,62.692969862819425
synthetic,small-short,S0,max,Amazon ECR,1-core,False,10,0.002,0.09,0.1,45.0,50.0,0.0002820458494499998,0.0007638349856833332,0.00013157047581666625,0.00060160269,False,-178.96905730895972
synthetic,small-short,S0,max,Amazon ECR,1-core,False,100,0.002,0.09,0.1,45.0,50.0,0.0002820458494499998,0.0003073878086833332,0.00013157047581666625,0.00014515551299999998,False,38.526767145641514
synthetic,small-short,S0,max,Amazon ECR,1-core,False,1000,0.002,0.09,0.1,45.0,50.0,0.0002820458494499998,0.0002617430909833332,0.00013157047581666625,9.95107953e-05,True,60.27634959110164
synthetic,small-short,S0,max,Amazon ECR,2-core,False,10,0.006,0.09,0.1,15.0,16.666666666666668,0.0008461375483499994,0.0010882995770499996,0.00039471142744999875,0.00060160269,False,-17.861039194440295
synthetic,small-short,S0,max,Amazon ECR,2-core,False,100,0.006,0.09,0.1,15.0,16.666666666666668,0.0008461375483499994,0.0006318524000499996,0.00039471142744999875,0.00014515551299999998,True,54.63756895709346
synthetic,small-short,S0,max,Amazon ECR,2-core,False,1000,0.006,0.09,0.1,15.0,16.666666666666668,0.0008461375483499994,0.0005862076823499996,0.00039471142744999875,9.95107953e-05,True,61.88742977224683
synthetic,small-short,S0,max,Amazon ECR,4-core,True,10,0.012,0.09,0.1,7.5,8.333333333333334,0.0016922750966999987,0.0015749964640999993,0.0007894228548999975,0.00060160269,True,22.415965334189565
synthetic,small-short,S0,max,Amazon ECR,4-core,True,100,0.012,0.09,0.1,7.5,8.333333333333334,0.0016922750966999987,0.001118549287099999,0.0007894228548999975,0.00014515551299999998,True,58.66526940995644
synthetic,small-short,S0,max,Amazon ECR,4-core,True,1000,0.012,0.09,0.1,7.5,8.333333333333334,0.0016922750966999987,0.0010729045693999991,0.0007894228548999975,9.95107953e-05,True,62.29019981753313
synthetic,small-short,S0,max,Amazon ECR,8-core,False,10,0.022,0.09,0.1,4.090909090909091,4.545454545454546,0.0031025043439499972,0.0023861579425166653,0.0014472752339833286,0.00060160269,True,40.723694665384954
synthetic,small-short,S0,max,Amazon ECR,8-core,False,100,0.022,0.09,0.1,4.090909090909091,4.545454545454546,0.0031025043439499972,0.001929710765516665,0.0014472752339833286,0.00014515551299999998,True,60.49604234307598
synthetic,small-short,S0,max,Amazon ECR,8-core,False,1000,0.022,0.09,0.1,4.090909090909091,4.545454545454546,0.0031025043439499972,0.0018840660478166651,0.0014472752339833286,9.95107953e-05,True,62.47327711084509
synthetic,small-short,S0,max,Google Artifact Registry,1-core,False,10,0.002,0.11175870895385742,0.09313225746154785,55.87935447692871,46.566128730773926,0.0002820458494499998,0.0007518362357083051,0.00013157047581666625,0.0005896039400249719,False,-162.3723314695977
synthetic,small-short,S0,max,Google Artifact Registry,1-core,False,100,0.002,0.11175870895385742,0.09313225746154785,55.87935447692871,46.566128730773926,0.0002820458494499998,0.0003267366756486981,0.00013157047581666625,0.0001645043799653649,False,40.186439729577714
synthetic,small-short,S0,max,Google Artifact Registry,1-core,False,1000,0.002,0.11175870895385742,0.09313225746154785,55.87935447692871,46.566128730773926,0.0002820458494499998,0.00028422671964273744,0.00013157047581666625,0.00012199442395940422,True,60.44231684949525
synthetic,small-short,S0,max,Google Artifact Registry,2-core,False,10,0.006,0.11175870895385742,0.09313225746154785,18.62645149230957,15.522042910257975,0.0008461375483499994,0.0010763008270749715,0.00039471142744999875,0.0005896039400249719,False,-12.328797247986278
synthetic,small-short,S0,max,Google Artifact Registry,2-core,False,100,0.006,0.11175870895385742,0.09313225746154785,18.62645149230957,15.522042910257975,0.0008461375483499994,0.0006512012670153645,0.00039471142744999875,0.0001645043799653649,True,55.19079315173886
synthetic,small-short,S0,max,Google Artifact Registry,2-core,False,1000,0.006,0.11175870895385742,0.09313225746154785,18.62645149230957,15.522042910257975,0.0008461375483499994,0.0006086913110094038,0.00039471142744999875,0.00012199442395940422,True,61.94275219171137
synthetic,small-short,S0,max,Google Artifact Registry,4-core,True,10,0.012,0.11175870895385742,0.09313225746154785,9.313225746154785,7.761021455128987,0.0016922750966999987,0.001562997714124971,0.0007894228548999975,0.0005896039400249719,True,25.182086307416576
synthetic,small-short,S0,max,Google Artifact Registry,4-core,True,100,0.012,0.11175870895385742,0.09313225746154785,9.313225746154785,7.761021455128987,0.0016922750966999987,0.001137898154065364,0.0007894228548999975,0.0001645043799653649,True,58.94188150727914
synthetic,small-short,S0,max,Google Artifact Registry,4-core,True,1000,0.012,0.11175870895385742,0.09313225746154785,9.313225746154785,7.761021455128987,0.0016922750966999987,0.0010953881980594034,0.0007894228548999975,0.00012199442395940422,True,62.317861027265394
synthetic,small-short,S0,max,Google Artifact Registry,8-core,False,10,0.022,0.11175870895385742,0.09313225746154785,5.079941316084429,4.233284430070357,0.0031025043439499972,0.002374159192541637,0.0014472752339833286,0.0005896039400249719,True,42.23248792350878
synthetic,small-short,S0,max,Google Artifact Registry,8-core,False,100,0.022,0.11175870895385742,0.09313225746154785,5.079941316084429,4.233284430070357,0.0031025043439499972,0.00194905963248203,0.0014472752339833286,0.0001645043799653649,True,60.64692166888837
synthetic,small-short,S0,max,Google Artifact Registry,8-core,False,1000,0.022,0.11175870895385742,0.09313225746154785,5.079941316084429,4.233284430070357,0.0031025043439499972,0.0019065496764760694,0.0014472752339833286,0.00012199442395940422,True,62.48836504342632
synthetic,small-short,S0,max,Azure Container Registry,1-core,False,10,0.002,0.087,0.1,43.49999999999999,50.0,0.0002820458494499998,0.0007606870136833331,0.00013157047581666625,0.000598454718,False,-178.96905730895972
synthetic,small-short,S0,max,Azure Container Registry,1-core,False,100,0.002,0.087,0.1,43.49999999999999,50.0,0.0002820458494499998,0.00030423983668333317,0.00013157047581666625,0.000142007541,False,38.526767145641514
synthetic,small-short,S0,max,Azure Container Registry,1-core,False,1000,0.002,0.087,0.1,43.49999999999999,50.0,0.0002820458494499998,0.0002585951189833332,0.00013157047581666625,9.636282329999999e-05,True,60.27634959110164
synthetic,small-short,S0,max,Azure Container Registry,2-core,False,10,0.006,0.087,0.1,14.499999999999998,16.666666666666668,0.0008461375483499994,0.0010851516050499996,0.00039471142744999875,0.000598454718,False,-17.861039194440295
synthetic,small-short,S0,max,Azure Container Registry,2-core,False,100,0.006,0.087,0.1,14.499999999999998,16.666666666666668,0.0008461375483499994,0.0006287044280499996,0.00039471142744999875,0.000142007541,True,54.63756895709346
synthetic,small-short,S0,max,Azure Container Registry,2-core,False,1000,0.006,0.087,0.1,14.499999999999998,16.666666666666668,0.0008461375483499994,0.0005830597103499996,0.00039471142744999875,9.636282329999999e-05,True,61.88742977224683
synthetic,small-short,S0,max,Azure Container Registry,4-core,True,10,0.012,0.087,0.1,7.249999999999999,8.333333333333334,0.0016922750966999987,0.001571848492099999,0.0007894228548999975,0.000598454718,True,22.415965334189565
synthetic,small-short,S0,max,Azure Container Registry,4-core,True,100,0.012,0.087,0.1,7.249999999999999,8.333333333333334,0.0016922750966999987,0.0011154013150999993,0.0007894228548999975,0.000142007541,True,58.66526940995644
synthetic,small-short,S0,max,Azure Container Registry,4-core,True,1000,0.012,0.087,0.1,7.249999999999999,8.333333333333334,0.0016922750966999987,0.001069756597399999,0.0007894228548999975,9.636282329999999e-05,True,62.29019981753313
synthetic,small-short,S0,max,Azure Container Registry,8-core,False,10,0.022,0.087,0.1,3.9545454545454546,4.545454545454546,0.0031025043439499972,0.002383009970516665,0.0014472752339833286,0.000598454718,True,40.723694665384954
synthetic,small-short,S0,max,Azure Container Registry,8-core,False,100,0.022,0.087,0.1,3.9545454545454546,4.545454545454546,0.0031025043439499972,0.001926562793516665,0.0014472752339833286,0.000142007541,True,60.49604234307598
synthetic,small-short,S0,max,Azure Container Registry,8-core,False,1000,0.022,0.087,0.1,3.9545454545454546,4.545454545454546,0.0031025043439499972,0.001880918075816665,0.0014472752339833286,9.636282329999999e-05,True,62.47327711084509
synthetic,small-short,S1,min,GitHub Container Registry,1-core,False,10,0.002,0.0,0.0,0.0,0.0,0.000259316647433333,0.00038037487553333306,-0.00012021284954999984,0.0,False,
synthetic,small-short,S1,min,GitHub Container Registry,1-core,False,100,0.002,0.0,0.0,0.0,0.0,0.000259316647433333,0.00038037487553333306,-0.00012021284954999984,0.0,False,
synthetic,small-short,S1,min,GitHub Container Registry,1-core,False,1000,0.002,0.0,0.0,0.0,0.0,0.000259316647433333,0.00038037487553333306,-0.00012021284954999984,0.0,False,
synthetic,small-short,S1,min,GitHub Container Registry,2-core,False,10,0.006,0.0,0.0,0.0,0.0,0.000777949942299999,0.0011411246265999992,-0.0003606385486499995,0.0,False,
synthetic,small-short,S1,min,GitHub Container Registry,2-core,False,100,0.006,0.0,0.0,0.0,0.0,0.000777949942299999,0.0011411246265999992,-0.0003606385486499995,0.0,False,
synthetic,small-short,S1,min,GitHub Container Registry,2-core,False,1000,0.006,0.0,0.0,0.0,0.0,0.000777949942299999,0.0011411246265999992,-0.0003606385486499995,0.0,False,
synthetic,small-short,S1,min,GitHub Container Registry,4-core,True,10,0.012,0.0,0.0,0.0,0.0,0.001555899884599998,0.0022822492531999984,-0.000721277097299999,0.0,False,
synthetic,small-short,S1,min,GitHub Container Registry,4-core,True,100,0.012,0.0,0.0,0.0,0.0,0.001555899884599998,0.0022822492531999984,-0.000721277097299999,0.0,False,
synthetic,small-short,S1,min,GitHub Container Registry,4-core,True,1000,0.012,0.0,0.0,0.0,0.0,0.001555899884599998,0.0022822492531999984,-0.000721277097299999,0.0,False,
synthetic,small-short,S1,min,GitHub Container Registry,8-core,False,10,0.022,0.0,0.0,0.0,0.0,0.0028524831217666626,0.004184123630866663,-0.001322341345049998,0.0,False,
synthetic,small-short,S1,min,GitHub Container Registry,8-core,False,100,0.022,0.0,0.0,0.0,0.0,0.0028524831217666626,0.004184123630866663,-0.001322341345049998,0.0,False,
synthetic,small-short,S1,min,GitHub Container Registry,8-core,False,1000,0.022,0.0,0.0,0.0,0.0,0.0028524831217666626,0.004184123630866663,-0.001322341345049998,0.0,False,
synthetic,small-short,S1,min,Amazon ECR,1-core,False,10,0.002,0.09,0.1,45.0,50.0,0.000259316647433333,0.000853103680533333,-0.00012021284954999984,0.000472728805,False,
synthetic,small-short,S1,min,Amazon ECR,1-core,False,100,0.002,0.09,0.1,45.0,50.0,0.000259316647433333,0.00042765524853333306,-0.00012021284954999984,4.7280373e-05,False,
synthetic,small-short,S1,min,Amazon ECR,1-core,False,1000,0.002,0.09,0.1,45.0,50.0,0.000259316647433333,0.00038511040533333306,-0.00012021284954999984,4.7355297999999995e-06,False,
synthetic,small-short,S1,min,Amazon ECR,2-core,False,10,0.006,0.09,0.1,15.0,16.666666666666668,0.000777949942299999,0.0016138534315999992,-0.0003606385486499995,0.000472728805,False,
synthetic,small-short,S1,min,Amazon ECR,2-core,False,100,0.006,0.09,0.1,15.0,16.666666666666668,0.000777949942299999,0.0011884049995999992,-0.0003606385486499995,4.7280373e-05,False,
synthetic,small-short,S1,min,Amazon ECR,2-core,False,1000,0.006,0.09,0.1,15.0,16.666666666666668,0.000777949942299999,0.0011458601563999991,-0.0003606385486499995,4.7355297999999995e-06,False,
synthetic,small-short,S1,min,Amazon ECR,4-core,True,10,0.012,0.09,0.1,7.5,8.333333333333334,0.001555899884599998,0.0027549780581999986,-0.000721277097299999,0.000472728805,False,
synthetic,small-short,S1,min,Amazon ECR,4-core,True,100,0.012,0.09,0.1,7.5,8.333333333333334,0.001555899884599998,0.0023295296261999984,-0.000721277097299999,4.7280373e-05,False,
synthetic,small-short,S1,min,Amazon ECR,4-core,True,1000,0.012,0.09,0.1,7.5,8.333333333333334,0.001555899884599998,0.0022869847829999983,-0.000721277097299999,4.7355297999999995e-06,False,
synthetic,small-short,S1,min,Amazon ECR,8-core,False,10,0.022,0.09,0.1,4.090909090909091,4.545454545454546,0.0028524831217666626,0.0046568524358666635,-0.001322341345049998,0.000472728805,False,
synthetic,small-short,S1,min,Amazon ECR,8-core,False,100,0.022,0.09,0.1,4.090909090909091,4.545454545454546,0.0028524831217666626,0.004231404003866663,-0.001322341345049998,4.7280373e-05,False,
synthetic,small-short,S1,min,Amazon ECR,8-core,False,1000,0.022,0.09,0.1,4.090909090909091,4.545454545454546,0.0028524831217666626,0.004188859160666664,-0.001322341345049998,4.7355297999999995e-06,False,
synthetic,small-short,S1,min,Google Artifact Registry,1-core,False,10,0.002,0.11175870895385742,0.09313225746154785,55.87935447692871,46.566128730773926,0.000259316647433333,0.0008206404677209761,-0.00012021284954999984,0.000440265592187643,False,
synthetic,small-short,S1,min,Google Artifact Registry,1-core,False,100,0.002,0.11175870895385742,0.09313225746154785,55.87935447692871,46.566128730773926,0.000259316647433333,0.00042441073866461776,-0.00012021284954999984,4.403586313128471e-05,False,
synthetic,small-short,S1,min,Google Artifact Registry,1-core,False,1000,0.002,0.11175870895385742,0.09313225746154785,55.87935447692871,46.566128730773926,0.000259316647433333,0.00038478776575898193,-0.00012021284954999984,4.41289022564888e-06,False,
synthetic,small-short,S1,min,Google Artifact Registry,2-core,False,10,0.006,0.11175870895385742,0.09313225746154785,18.62645149230957,15.522042910257975,0.000777949942299999,0.0015813902187876423,-0.0003606385486499995,0.000440265592187643,False,
synthetic,small-short,S1,min,Google Artifact Registry,2-core,False,100,0.006,0.11175870895385742,0.09313225746154785,18.62645149230957,15.522042910257975,0.000777949942299999,0.001185160489731284,-0.0003606385486499995,4.403586313128471e-05,False,
synthetic,small-short,S1,min,Google Artifact Registry,2-core,False,1000,0.006,0.11175870895385742,0.09313225746154785,18.62645149230957,15.522042910257975,0.000777949942299999,0.001145537516825648,-0.0003606385486499995,4.41289022564888e-06,False,
synthetic,small-short,S1,min,Google Artifact Registry,4-core,True,10,0.012,0.11175870895385742,0.09313225746154785,9.313225746154785,7.761021455128987,0.001555899884599998,0.0027225148453876415,-0.000721277097299999,0.000440265592187643,False,
synthetic,small-short,S1,min,Google Artifact Registry,4-core,True,100,0.012,0.11175870895385742,0.09313225746154785,9.313225746154785,7.761021455128987,0.001555899884599998,0.002326285116331283,-0.000721277097299999,4.403586313128471e-05,False,
synthetic,small-short,S1,min,Google Artifact Registry,4-core,True,1000,0.012,0.11175870895385742,0.09313225746154785,9.313225746154785,7.761021455128987,0.001555899884599998,0.0022866621434256473,-0.000721277097299999,4.41289022564888e-06,False,
synthetic,small-short,S1,min,Google Artifact Registry,8-core,False,10,0.022,0.11175870895385742,0.09313225746154785,5.079941316084429,4.233284430070357,0.0028524831217666626,0.004624389223054306,-0.001322341345049998,0.000440265592187643,False,
synthetic,small-short,S1,min,Google Artifact Registry,8-core,False,100,0.022,0.11175870895385742,0.09313225746154785,5.079941316084429,4.233284430070357,0.0028524831217666626,0.004228159493997948,-0.001322341345049998,4.403586313128471e-05,False,
synthetic,small-short,S1,min,Google Artifact Registry,8-core,False,1000,0.022,0.11175870895385742,0.09313225746154785,5.079941316084429,4.233284430070357,0.0028524831217666626,0.004188536521092312,-0.001322341345049998,4.41289022564888e-06,False,
synthetic,small-short,S1,min,Azure Container Registry,1-core,False,10,0.002,0.087,0.1,43.49999999999999,50.0,0.000259316647433333,0.0008531034030333331,-0.00012021284954999984,0.00047272852749999996,False,
synthetic,small-short,S1,min,Azure Container Registry,1-core,False,100,0.002,0.087,0.1,43.49999999999999,50.0,0.000259316647433333,0.0004276549710333331,-0.00012021284954999984,4.72800955e-05,False,
synthetic,small-short,S1,min,Azure Container Registry,1-core,False,1000,0.002,0.087,0.1,43.49999999999999,50.0,0.000259316647433333,0.0003851101278333331,-0.00012021284954999984,4.7352522999999996e-06,False,
synthetic,small-short,S1,min,Azure Container Registry,2-core,False,10,0.006,0.087,0.1,14.499999999999998,16.666666666666668,0.000777949942299999,0.0016138531540999992,-0.0003606385486499995,0.00047272852749999996,False,
synthetic,small-short,S1,min,Azure Container Registry,2-core,False,100,0.006,0.087,0.1,14.499999999999998,16.666666666666668,0.000777949942299999,0.0011884047220999993,-0.0003606385486499995,4.72800955e-05,False,
synthetic,small-short,S1,min,Azure Container Registry,2-core,False,1000,0.006,0.087,0.1,14.499999999999998,16.666666666666668,0.000777949942299999,0.0011458598788999992,-0.0003606385486499995,4.7352522999999996e-06,False,
synthetic,small-short,S1,min,Azure Container Registry,4-core,True,10,0.012,0.087,0.1,7.249999999999999,8.333333333333334,0.001555899884599998,0.002754977780699998,-0.000721277097299999,0.00047272852749999996,False,
synthetic,small-short,S1,min,Azure Container Registry,4-core,True,100,0.012,0.087,0.1,7.249999999999999,8.333333333333334,0.001555899884599998,0.0023295293486999985,-0.000721277097299999,4.72800955e-05,False,
synthetic,small-short,S1,min,Azure Container Registry,4-core,True,1000,0.012,0.087,0.1,7.249999999999999,8.333333333333334,0.001555899884599998,0.0022869845054999983,-0.000721277097299999,4.7352522999999996e-06,False,
synthetic,small-short,S1,min,Azure Container Registry,8-core,False,10,0.022,0.087,0.1,3.9545454545454546,4.545454545454546,0.0028524831217666626,0.004656852158366663,-0.001322341345049998,0.00047272852749999996,False,
synthetic,small-short,S1,min,Azure Container Registry,8-core,False,100,0.022,0.087,0.1,3.9545454545454546,4.545454545454546,0.0028524831217666626,0.004231403726366663,-0.001322341345049998,4.72800955e-05,False,
synthetic,small-short,S1,min,Azure Container Registry,8-core,False,1000,0.022,0.087,0.1,3.9545454545454546,4.545454545454546,0.0028524831217666626,0.004188858883166663,-0.001322341345049998,4.7352522999999996e-06,False,
synthetic,small-short,S1,max,GitHub Container Registry,1-core,False,10,0.002,0.0,0.0,0.0,0.0,0.000259316647433333,0.0003304801038166683,-7.129456878333353e-05,0.0,False,
synthetic,small-short,S1,max,GitHub Container Registry,1-core,False,100,0.002,0.0,0.0,0.0,0.0,0.000259316647433333,0.0003304801038166683,-7.129456878333353e-05,0.0,False,
synthetic,small-short,S1,max,GitHub Container Registry,1-core,False,1000,0.002,0.0,0.0,0.0,0.0,0.000259316647433333,0.0003304801038166683,-7.129456878333353e-05,0.0,False,
synthetic,small-short,S1,max,GitHub Container Registry,2-core,False,10,0.006,0.0,0.0,0.0,0.0,0.000777949942299999,0.0009914403114500048,-0.00021388370635000057,0.0,False,
synthetic,small-short,S1,max,GitHub Container Registry,2-core,False,100,0.006,0.0,0.0,0.0,0.0,0.000777949942299999,0.0009914403114500048,-0.00021388370635000057,0.0,False,
synthetic,small-short,S1,max,GitHub Container Registry,2-core,False,1000,0.006,0.0,0.0,0.0,0.0,0.000777949942299999,0.0009914403114500048,-0.00021388370635000057,0.0,False,
synthetic,small-short,S1,max,GitHub Container Registry,4-core,True,10,0.012,0.0,0.0,0.0,0.0,0.001555899884599998,0.0019828806229000096,-0.00042776741270000114,0.0,False,
synthetic,small-short,S1,max,GitHub Container Registry,4-core,True,100,0.012,0.0,0.0,0.0,0.0,0.001555899884599998,0.0019828806229000096,-0.00042776741270000114,0.0,False,
synthetic,small-short,S1,max,GitHub Container Registry,4-core,True,1000,0.012,0.0,0.0,0.0,0.0,0.001555899884599998,0.0019828806229000096,-0.00042776741270000114,0.0,False,
synthetic,small-short,S1,max,GitHub Container Registry,8-core,False,10,0.022,0.0,0.0,0.0,0.0,0.0028524831217666626,0.0036352811419833506,-0.0007842402566166687,0.0,False,
synthetic,small-short,S1,max,GitHub Container Registry,8-core,False,100,0.022,0.0,0.0,0.0,0.0,0.0028524831217666626,0.0036352811419833506,-0.0007842402566166687,0.0,False,
synthetic,small-short,S1,max,GitHub Container Registry,8-core,False,1000,0.022,0.0,0.0,0.0,0.0,0.0028524831217666626,0.0036352811419833506,-0.0007842402566166687,0.0,False,
synthetic,small-short,S1,max,Amazon ECR,1-core,False,10,0.002,0.09,0.1,45.0,50.0,0.000259316647433333,0.0010530863288166683,-7.129456878333353e-05,0.000722606225,False,
synthetic,small-short,S1,max,Amazon ECR,1-core,False,100,0.002,0.09,0.1,45.0,50.0,0.000259316647433333,0.0005966390123166682,-7.129456878333353e-05,0.0002661589085,False,
synthetic,small-short,S1,max,Amazon ECR,1-core,False,1000,0.002,0.09,0.1,45.0,50.0,0.000259316647433333,0.0005509942806666683,-7.129456878333353e-05,0.00022051417685,False,
synthetic,small-short,S1,max,Amazon ECR,2-core,False,10,0.006,0.09,0.1,15.0,16.666666666666668,0.000777949942299999,0.0017140465364500047,-0.00021388370635000057,0.000722606225,False,
synthetic,small-short,S1,max,Amazon ECR,2-core,False,100,0.006,0.09,0.1,15.0,16.666666666666668,0.000777949942299999,0.0012575992199500047,-0.00021388370635000057,0.0002661589085,False,
synthetic,small-short,S1,max,Amazon ECR,2-core,False,1000,0.006,0.09,0.1,15.0,16.666666666666668,0.000777949942299999,0.0012119544883000047,-0.00021388370635000057,0.00022051417685,False,
synthetic,small-short,S1,max,Amazon ECR,4-core,True,10,0.012,0.09,0.1,7.5,8.333333333333334,0.001555899884599998,0.0027054868479000098,-0.00042776741270000114,0.000722606225,False,
synthetic,small-short,S1,max,Amazon ECR,4-core,True,100,0.012,0.09,0.1,7.5,8.333333333333334,0.001555899884599998,0.0022490395314000095,-0.00042776741270000114,0.0002661589085,False,
synthetic,small-short,S1,max,Amazon ECR,4-core,True,1000,0.012,0.09,0.1,7.5,8.333333333333334,0.001555899884599998,0.0022033947997500097,-0.00042776741270000114,0.00022051417685,False,
synthetic,small-short,S1,max,Amazon ECR,8-core,False,10,0.022,0.09,0.1,4.090909090909091,4.545454545454546,0.0028524831217666626,0.00435788736698335,-0.0007842402566166687,0.000722606225,False,
synthetic,small-short,S1,max,Amazon ECR,8-core,False,100,0.022,0.09,0.1,4.090909090909091,4.545454545454546,0.0028524831217666626,0.0039014400504833505,-0.0007842402566166687,0.0002661589085,False,
synthetic,small-short,S1,max,Amazon ECR,8-core,False,1000,0.022,0.09,0.1,4.090909090909091,4.545454545454546,0.0028524831217666626,0.0038557953188333507,-0.0007842402566166687,0.00022051417685,False,
synthetic,small-short,S1,max,Google Artifact Registry,1-core,False,10,0.002,0.11175870895385742,0.09313225746154785,55.87935447692871,46.566128730773926,0.000259316647433333,0.0010703417607283395,-7.129456878333353e-05,0.0007398616569116712,False,
synthetic,small-short,S1,max,Google Artifact Registry,1-core,False,100,0.002,0.11175870895385742,0.09313225746154785,55.87935447692871,46.566128730773926,0.000259316647433333,0.0006452420707492333,-7.129456878333353e-05,0.000314761966932565,False,
synthetic,small-short,S1,max,Google Artifact Registry,1-core,False,1000,0.002,0.11175870895385742,0.09313225746154785,55.87935447692871,46.566128730773926,0.000259316647433333,0.0006027321017513227,-7.129456878333353e-05,0.0002722519979346544,False,
synthetic,small-short,S1,max,Google Artifact Registry,2-core,False,10,0.006,0.11175870895385742,0.09313225746154785,18.62645149230957,15.522042910257975,0.000777949942299999,0.001731301968361676,-0.00021388370635000057,0.0007398616569116712,False,
synthetic,small-short,S1,max,Google Artifact Registry,2-core,False,100,0.006,0.11175870895385742,0.09313225746154785,18.62645149230957,15.522042910257975,0.000777949942299999,0.0013062022783825698,-0.00021388370635000057,0.000314761966932565,False,
synthetic,small-short,S1,max,Google Artifact Registry,2-core,False,1000,0.006,0.11175870895385742,0.09313225746154785,18.62645149230957,15.522042910257975,0.000777949942299999,0.0012636923093846592,-0.00021388370635000057,0.0002722519979346544,False,
synthetic,small-short,S1,max,Google Artifact Registry,4-core,True,10,0.012,0.11175870895385742,0.09313225746154785,9.313225746154785,7.761021455128987,0.001555899884599998,0.002722742279811681,-0.00042776741270000114,0.0007398616569116712,False,
synthetic,small-short,S1,max,Google Artifact Registry,4-core,True,100,0.012,0.11175870895385742,0.09313225746154785,9.313225746154785,7.761021455128987,0.001555899884599998,0.0022976425898325746,-0.00042776741270000114,0.000314761966932565,False,
synthetic,small-short,S1,max,Google Artifact Registry,4-core,True,1000,0.012,0.11175870895385742,0.09313225746154785,9.313225746154785,7.761021455128987,0.001555899884599998,0.002255132620834664,-0.00042776741270000114,0.0002722519979346544,False,
synthetic,small-short,S1,max,Google Artifact Registry,8-core,False,10,0.022,0.11175870895385742,0.09313225746154785,5.079941316084429,4.233284430070357,0.0028524831217666626,0.004375142798895022,-0.0007842402566166687,0.0007398616569116712,False,
synthetic,small-short,S1,max,Google Artifact Registry,8-core,False,100,0.022,0.11175870895385742,0.09313225746154785,5.079941316084429,4.233284430070357,0.0028524831217666626,0.003950043108915916,-0.0007842402566166687,0.000314761966932565,False,
synthetic,small-short,S1,max,Google Artifact Registry,8-core,False,1000,0.022,0.11175870895385742,0.09313225746154785,5.079941316084429,4.233284430070357,0.0028524831217666626,0.003907533139918005,-0.0007842402566166687,0.0002722519979346544,False,
synthetic,small-short,S1,max,Azure Container Registry,1-core,False,10,0.002,0.087,0.1,43.49999999999999,50.0,0.000259316647433333,0.0010459049108166682,-7.129456878333353e-05,0.000715424807,False,
synthetic,small-short,S1,max,Azure Container Registry,1-core,False,100,0.002,0.087,0.1,43.49999999999999,50.0,0.000259316647433333,0.0005894575943166683,-7.129456878333353e-05,0.0002589774905,False,
synthetic,small-short,S1,max,Azure Container Registry,1-core,False,1000,0.002,0.087,0.1,43.49999999999999,50.0,0.000259316647433333,0.0005438128626666683,-7.129456878333353e-05,0.00021333275885,False,
synthetic,small-short,S1,max,Azure Container Registry,2-core,False,10,0.006,0.087,0.1,14.499999999999998,16.666666666666668,0.000777949942299999,0.0017068651184500047,-0.00021388370635000057,0.000715424807,False,
synthetic,small-short,S1,max,Azure Container Registry,2-core,False,100,0.006,0.087,0.1,14.499999999999998,16.666666666666668,0.000777949942299999,0.0012504178019500049,-0.00021388370635000057,0.0002589774905,False,
synthetic,small-short,S1,max,Azure Container Registry,2-core,False,1000,0.006,0.087,0.1,14.499999999999998,16.666666666666668,0.000777949942299999,0.0012047730703000049,-0.00021388370635000057,0.00021333275885,False,
synthetic,small-short,S1,max,Azure Container Registry,4-core,True,10,0.012,0.087,0.1,7.249999999999999,8.333333333333334,0.001555899884599998,0.0026983054299000095,-0.00042776741270000114,0.000715424807,False,
synthetic,small-short,S1,max,Azure Container Registry,4-core,True,100,0.012,0.087,0.1,7.249999999999999,8.333333333333334,0.001555899884599998,0.0022418581134000097,-0.00042776741270000114,0.0002589774905,False,
synthetic,small-short,S1,max,Azure Container Registry,4-core,True,1000,0.012,0.087,0.1,7.249999999999999,8.333333333333334,0.001555899884599998,0.0021962133817500095,-0.00042776741270000114,0.00021333275885,False,
synthetic,small-short,S1,max,Azure Container Registry,8-core,False,10,0.022,0.087,0.1,3.9545454545454546,4.545454545454546,0.0028524831217666626,0.004350705948983351,-0.0007842402566166687,0.000715424807,False,
synthetic,small-short,S1,max,Azure Container Registry,8-core,False,100,0.022,0.087,0.1,3.9545454545454546,4.545454545454546,0.0028524831217666626,0.0038942586324833507,-0.0007842402566166687,0.0002589774905,False,
synthetic,small-short,S1,max,Azure Container Registry,8-core,False,1000,0.022,0.087,0.1,3.9545454545454546,4.545454545454546,0.0028524831217666626,0.0038486139008333505,-0.0007842402566166687,0.00021333275885,False,
synthetic,small-short,S2,min,GitHub Container Registry,1-core,False,10,0.002,0.0,0.0,0.0,0.0,0.00028584283230000075,0.00038981191844999975,-0.00012120724380000023,0.0,False,
synthetic,small-short,S2,min,GitHub Container Registry,1-core,False,100,0.002,0.0,0.0,0.0,0.0,0.00028584283230000075,0.00038981191844999975,-0.00012120724380000023,0.0,False,
synthetic,small-short,S2,min,GitHub Container Registry,1-core,False,1000,0.002,0.0,0.0,0.0,0.0,0.00028584283230000075,0.00038981191844999975,-0.00012120724380000023,0.0,False,
synthetic,small-short,S2,min,GitHub Container Registry,2-core,False,10,0.006,0.0,0.0,0.0,0.0,0.0008575284969000022,0.0011694357553499993,-0.0003636217314000007,0.0,False,
synthetic,small-short,S2,min,GitHub Container Registry,2-core,False,100,0.006,0.0,0.0,0.0,0.0,0.0008575284969000022,0.0011694357553499993,-0.0003636217314000007,0.0,False,
synthetic,small-short,S2,min,GitHub Container Registry,2-core,False,1000,0.006,0.0,0.0,0.0,0.0,0.0008575284969000022,0.0011694357553499993,-0.0003636217314000007,0.0,False,
synthetic,small-short,S2,min,GitHub Container Registry,4-core,True,10,0.012,0.0,0.0,0.0,0.0,0.0017150569938000045,0.0023388715106999985,-0.0007272434628000014,0.0,False,
synthetic,small-short,S2,min,GitHub Container Registry,4-core,True,100,0.012,0.0,0.0,0.0,0.0,0.0017150569938000045,0.0023388715106999985,-0.0007272434628000014,0.0,False,
synthetic,small-short,S2,min,GitHub Container Registry,4-core,True,1000,0.012,0.0,0.0,0.0,0.0,0.0017150569938000045,0.0023388715106999985,-0.0007272434628000014,0.0,False,
synthetic,small-short,S2,min,GitHub Container Registry,8-core,False,10,0.022,0.0,0.0,0.0,0.0,0.003144271155300008,0.004287931102949997,-0.0013332796818000025,0.0,False,
synthetic,small-short,S2,min,GitHub Container Registry,8-core,False,100,0.022,0.0,0.0,0.0,0.0,0.003144271155300008,0.004287931102949997,-0.0013332796818000025,0.0,False,
synthetic,small-short,S2,min,GitHub Container Registry,8-core,False,1000,0.022,0.0,0.0,0.0,0.0,0.003144271155300008,0.004287931102949997,-0.0013332796818000025,0.0,False,
synthetic,small-short,S2,min,Amazon ECR,1-core,False,10,0.002,0.09,0.1,45.0,50.0,0.00028584283230000075,0.0008625407584499998,-0.00012120724380000023,0.00047272884,False,
synthetic,small-short,S2,min,Amazon ECR,1-core,False,100,0.002,0.09,0.1,45.0,50.0,0.00028584283230000075,0.00043709233544999974,-0.00012120724380000023,4.728041700000001e-05,False,
synthetic,small-short,S2,min,Amazon ECR,1-core,False,1000,0.002,0.09,0.1,45.0,50.0,0.00028584283230000075,0.00039454749314999976,-0.00012120724380000023,4.7355747e-06,False,
synthetic,small-short,S2,min,Amazon ECR,2-core,False,10,0.006,0.09,0.1,15.0,16.666666666666668,0.0008575284969000022,0.0016421645953499993,-0.0003636217314000007,0.00047272884,False,
synthetic,small-short,S2,min,Amazon ECR,2-core,False,100,0.006,0.09,0.1,15.0,16.666666666666668,0.0008575284969000022,0.0012167161723499994,-0.0003636217314000007,4.728041700000001e-05,False,
synthetic,small-short,S2,min,Amazon ECR,2-core,False,1000,0.006,0.09,0.1,15.0,16.666666666666668,0.0008575284969000022,0.0011741713300499992,-0.0003636217314000007,4.7355747e-06,False,
synthetic,small-short,S2,min,Amazon ECR,4-core,True,10,0.012,0.09,0.1,7.5,8.333333333333334,0.0017150569938000045,0.0028116003506999986,-0.0007272434628000014,0.00047272884,False,
synthetic,small-short,S2,min,Amazon ECR,4-core,True,100,0.012,0.09,0.1,7.5,8.333333333333334,0.0017150569938000045,0.0023861519276999984,-0.0007272434628000014,4.728041700000001e-05,False,
synthetic,small-short,S2,min,Amazon ECR,4-core,True,1000,0.012,0.09,0.1,7.5,8.333333333333334,0.0017150569938000045,0.0023436070853999984,-0.0007272434628000014,4.7355747e-06,False,
synthetic,small-short,S2,min,Amazon ECR,8-core,False,10,0.022,0.09,0.1,4.090909090909091,4.545454545454546,0.003144271155300008,0.004760659942949996,-0.0013332796818000025,0.00047272884,False,
synthetic,small-short,S2,min,Amazon ECR,8-core,False,100,0.022,0.09,0.1,4.090909090909091,4.545454545454546,0.003144271155300008,0.0043352115199499965,-0.0013332796818000025,4.728041700000001e-05,False,
synthetic,small-short,S2,min,Amazon ECR,8-core,False,1000,0.022,0.09,0.1,4.090909090909091,4.545454545454546,0.003144271155300008,0.0042926666776499965,-0.0013332796818000025,4.7355747e-06,False,
synthetic,small-short,S2,min,Google Artifact Registry,1-core,False,10,0.002,0.11175870895385742,0.09313225746154785,55.87935447692871,46.566128730773926,0.00028584283230000075,0.0008300775572037715,-0.00012120724380000023,0.0004402656387537718,False,
synthetic,small-short,S2,min,Google Artifact Registry,1-core,False,100,0.002,0.11175870895385742,0.09313225746154785,55.87935447692871,46.566128730773926,0.00028584283230000075,0.00043384783652931637,-0.00012120724380000023,4.403591807931662e-05,False,
synthetic,small-short,S2,min,Google Artifact Registry,1-core,False,1000,0.002,0.11175870895385742,0.09313225746154785,55.87935447692871,46.566128730773926,0.00028584283230000075,0.00039422486446187083,-0.00012120724380000023,4.4129460118710996e-06,False,
synthetic,small-short,S2,min,Google Artifact Registry,2-core,False,10,0.006,0.11175870895385742,0.09313225746154785,18.62645149230957,15.522042910257975,0.0008575284969000022,0.0016097013941037712,-0.0003636217314000007,0.0004402656387537718,False,
synthetic,small-short,S2,min,Google Artifact Registry,2-core,False,100,0.006,0.11175870895385742,0.09313225746154785,18.62645149230957,15.522042910257975,0.0008575284969000022,0.0012134716734293158,-0.0003636217314000007,4.403591807931662e-05,False,
synthetic,small-short,S2,min,Google Artifact Registry,2-core,False,1000,0.006,0.11175870895385742,0.09313225746154785,18.62645149230957,15.522042910257975,0.0008575284969000022,0.0011738487013618704,-0.0003636217314000007,4.4129460118710996e-06,False,
synthetic,small-short,S2,min,Google Artifact Registry,4-core,True,10,0.012,0.11175870895385742,0.09313225746154785,9.313225746154785,7.761021455128987,0.0017150569938000045,0.00277913714945377,-0.0007272434628000014,0.0004402656387537718,False,
synthetic,small-short,S2,min,Google Artifact Registry,4-core,True,100,0.012,0.11175870895385742,0.09313225746154785,9.313225746154785,7.761021455128987,0.0017150569938000045,0.002382907428779315,-0.0007272434628000014,4.403591807931662e-05,False,
synthetic,small-short,S2,min,Google Artifact Registry,4-core,True,1000,0.012,0.11175870895385742,0.09313225746154785,9.313225746154785,7.761021455128987,0.0017150569938000045,0.0023432844567118694,-0.0007272434628000014,4.4129460118710996e-06,False,
synthetic,small-short,S2,min,Google Artifact Registry,8-core,False,10,0.022,0.11175870895385742,0.09313225746154785,5.079941316084429,4.233284430070357,0.003144271155300008,0.004728196741703768,-0.0013332796818000025,0.0004402656387537718,False,
synthetic,small-short,S2,min,Google Artifact Registry,8-core,False,100,0.022,0.11175870895385742,0.09313225746154785,5.079941316084429,4.233284430070357,0.003144271155300008,0.004331967021029314,-0.0013332796818000025,4.403591807931662e-05,False,
synthetic,small-short,S2,min,Google Artifact Registry,8-core,False,1000,0.022,0.11175870895385742,0.09313225746154785,5.079941316084429,4.233284430070357,0.003144271155300008,0.004292344048961868,-0.0013332796818000025,4.4129460118710996e-06,False,
synthetic,small-short,S2,min,Azure Container Registry,1-core,False,10,0.002,0.087,0.1,43.49999999999999,50.0,0.00028584283230000075,0.0008625404794499997,-0.00012120724380000023,0.000472728561,False,
synthetic,small-short,S2,min,Azure Container Registry,1-core,False,100,0.002,0.087,0.1,43.49999999999999,50.0,0.00028584283230000075,0.00043709205644999977,-0.00012120724380000023,4.7280138000000006e-05,False,
synthetic,small-short,S2,min,Azure Container Registry,1-core,False,1000,0.002,0.087,0.1,43.49999999999999,50.0,0.00028584283230000075,0.00039454721414999974,-0.00012120724380000023,4.7352957e-06,False,
synthetic,small-short,S2,min,Azure Container Registry,2-core,False,10,0.006,0.087,0.1,14.499999999999998,16.666666666666668,0.0008575284969000022,0.0016421643163499994,-0.0003636217314000007,0.000472728561,False,
synthetic,small-short,S2,min,Azure Container Registry,2-core,False,100,0.006,0.087,0.1,14.499999999999998,16.666666666666668,0.0008575284969000022,0.0012167158933499992,-0.0003636217314000007,4.7280138000000006e-05,False,
synthetic,small-short,S2,min,Azure Container Registry,2-core,False,1000,0.006,0.087,0.1,14.499999999999998,16.666666666666668,0.0008575284969000022,0.0011741710510499992,-0.0003636217314000007,4.7352957e-06,False,
synthetic,small-short,S2,min,Azure Container Registry,4-core,True,10,0.012,0.087,0.1,7.249999999999999,8.333333333333334,0.0017150569938000045,0.0028116000716999984,-0.0007272434628000014,0.000472728561,False,
synthetic,small-short,S2,min,Azure Container Registry,4-core,True,100,0.012,0.087,0.1,7.249999999999999,8.333333333333334,0.0017150569938000045,0.0023861516486999986,-0.0007272434628000014,4.7280138000000006e-05,False,
synthetic,small-short,S2,min,Azure Container Registry,4-core,True,1000,0.012,0.087,0.1,7.249999999999999,8.333333333333334,0.0017150569938000045,0.0023436068063999987,-0.0007272434628000014,4.7352957e-06,False,
synthetic,small-short,S2,min,Azure Container Registry,8-core,False,10,0.022,0.087,0.1,3.9545454545454546,4.545454545454546,0.003144271155300008,0.004760659663949997,-0.0013332796818000025,0.000472728561,False,
synthetic,small-short,S2,min,Azure Container Registry,8-core,False,100,0.022,0.087,0.1,3.9545454545454546,4.545454545454546,0.003144271155300008,0.004335211240949996,-0.0013332796818000025,4.7280138000000006e-05,False,
synthetic,small-short,S2,min,Azure Container Registry,8-core,False,1000,0.022,0.087,0.1,3.9545454545454546,4.545454545454546,0.003144271155300008,0.004292666398649996,-0.0013332796818000025,4.7352957e-06,False,
synthetic,small-short,S2,max,GitHub Container Registry,1-core,False,10,0.002,0.0,0.0,0.0,0.0,0.00028584283230000075,0.0004133162127833344,-0.00013186210106666654,0.0,False,
synthetic,small-short,S2,max,GitHub Container Registry,1-core,False,100,0.002,0.0,0.0,0.0,0.0,0.00028584283230000075,0.0004133162127833344,-0.00013186210106666654,0.0,False,
synthetic,small-short,S2,max,GitHub Container Registry,1-core,False,1000,0.002,0.0,0.0,0.0,0.0,0.00028584283230000075,0.0004133162127833344,-0.00013186210106666654,0.0,False,
synthetic,small-short,S2,max,GitHub Container Registry,2-core,False,10,0.006,0.0,0.0,0.0,0.0,0.0008575284969000022,0.0012399486383500033,-0.00039558630319999963,0.0,False,
synthetic,small-short,S2,max,GitHub Container Registry,2-core,False,100,0.006,0.0,0.0,0.0,0.0,0.0008575284969000022,0.0012399486383500033,-0.00039558630319999963,0.0,False,
synthetic,small-short,S2,max,GitHub Container Registry,2-core,False,1000,0.006,0.0,0.0,0.0,0.0,0.0008575284969000022,0.0012399486383500033,-0.00039558630319999963,0.0,False,
synthetic,small-short,S2,max,GitHub Container Registry,4-core,True,10,0.012,0.0,0.0,0.0,0.0,0.0017150569938000045,0.0024798972767000067,-0.0007911726063999993,0.0,False,
synthetic,small-short,S2,max,GitHub Container Registry,4-core,True,100,0.012,0.0,0.0,0.0,0.0,0.0017150569938000045,0.0024798972767000067,-0.0007911726063999993,0.0,False,
synthetic,small-short,S2,max,GitHub Container Registry,4-core,True,1000,0.012,0.0,0.0,0.0,0.0,0.0017150569938000045,0.0024798972767000067,-0.0007911726063999993,0.0,False,
synthetic,small-short,S2,max,GitHub Container Registry,8-core,False,10,0.022,0.0,0.0,0.0,0.0,0.003144271155300008,0.004546478340616679,-0.0014504831117333318,0.0,False,
synthetic,small-short,S2,max,GitHub Container Registry,8-core,False,100,0.022,0.0,0.0,0.0,0.0,0.003144271155300008,0.004546478340616679,-0.0014504831117333318,0.0,False,
synthetic,small-short,S2,max,GitHub Container Registry,8-core,False,1000,0.022,0.0,0.0,0.0,0.0,0.003144271155300008,0.004546478340616679,-0.0014504831117333318,0.0,False,
synthetic,small-short,S2,max,Amazon ECR,1-core,False,10,0.002,0.09,0.1,45.0,50.0,0.00028584283230000075,0.0010414709477833345,-0.00013186210106666654,0.0006281547350000001,False,
synthetic,small-short,S2,max,Amazon ECR,1-core,False,100,0.002,0.09,0.1,45.0,50.0,0.00028584283230000075,0.0005850234287833344,-0.00013186210106666654,0.000171707216,False,
synthetic,small-short,S2,max,Amazon ECR,1-core,False,1000,0.002,0.09,0.1,45.0,50.0,0.00028584283230000075,0.0005393786768833344,-0.00013186210106666654,0.0001260624641,False,
synthetic,small-short,S2,max,Amazon ECR,2-core,False,10,0.006,0.09,0.1,15.0,16.666666666666668,0.0008575284969000022,0.0018681033733500036,-0.00039558630319999963,0.0006281547350000001,False,
synthetic,small-short,S2,max,Amazon ECR,2-core,False,100,0.006,0.09,0.1,15.0,16.666666666666668,0.0008575284969000022,0.0014116558543500034,-0.00039558630319999963,0.000171707216,False,
synthetic,small-short,S2,max,Amazon ECR,2-core,False,1000,0.006,0.09,0.1,15.0,16.666666666666668,0.0008575284969000022,0.0013660111024500032,-0.00039558630319999963,0.0001260624641,False,
synthetic,small-short,S2,max,Amazon ECR,4-core,True,10,0.012,0.09,0.1,7.5,8.333333333333334,0.0017150569938000045,0.003108052011700007,-0.0007911726063999993,0.0006281547350000001,False,
synthetic,small-short,S2,max,Amazon ECR,4-core,True,100,0.012,0.09,0.1,7.5,8.333333333333334,0.0017150569938000045,0.0026516044927000068,-0.0007911726063999993,0.000171707216,False,
synthetic,small-short,S2,max,Amazon ECR,4-core,True,1000,0.012,0.09,0.1,7.5,8.333333333333334,0.0017150569938000045,0.0026059597408000065,-0.0007911726063999993,0.0001260624641,False,
synthetic,small-short,S2,max,Amazon ECR,8-core,False,10,0.022,0.09,0.1,4.090909090909091,4.545454545454546,0.003144271155300008,0.005174633075616678,-0.0014504831117333318,0.0006281547350000001,False,
synthetic,small-short,S2,max,Amazon ECR,8-core,False,100,0.022,0.09,0.1,4.090909090909091,4.545454545454546,0.003144271155300008,0.004718185556616679,-0.0014504831117333318,0.000171707216,False,
synthetic,small-short,S2,max,Amazon ECR,8-core,False,1000,0.022,0.09,0.1,4.090909090909091,4.545454545454546,0.003144271155300008,0.004672540804716679,-0.0014504831117333318,0.0001260624641,False,
synthetic,small-short,S2,max,Google Artifact Registry,1-core,False,10,0.002,0.11175870895385742,0.09313225746154785,55.87935447692871,46.566128730773926,0.00028584283230000075,0.0010358913933883884,-0.00013186210106666654,0.0006225751806050539,False,
synthetic,small-short,S2,max,Google Artifact Registry,1-core,False,100,0.002,0.11175870895385742,0.09313225746154785,55.87935447692871,46.566128730773926,0.00028584283230000075,0.0006107915148164608,-0.00013186210106666654,0.00019747530203312636,False,
synthetic,small-short,S2,max,Google Artifact Registry,1-core,False,1000,0.002,0.11175870895385742,0.09313225746154785,55.87935447692871,46.566128730773926,0.00028584283230000075,0.000568281526959268,-0.00013186210106666654,0.0001549653141759336,False,
synthetic,small-short,S2,max,Google Artifact Registry,2-core,False,10,0.006,0.11175870895385742,0.09313225746154785,18.62645149230957,15.522042910257975,0.0008575284969000022,0.0018625238189550572,-0.00039558630319999963,0.0006225751806050539,False,
synthetic,small-short,S2,max,Google Artifact Registry,2-core,False,100,0.006,0.11175870895385742,0.09313225746154785,18.62645149230957,15.522042910257975,0.0008575284969000022,0.0014374239403831296,-0.00039558630319999963,0.00019747530203312636,False,
synthetic,small-short,S2,max,Google Artifact Registry,2-core,False,1000,0.006,0.11175870895385742,0.09313225746154785,18.62645149230957,15.522042910257975,0.0008575284969000022,0.0013949139525259368,-0.00039558630319999963,0.0001549653141759336,False,
synthetic,small-short,S2,max,Google Artifact Registry,4-core,True,10,0.012,0.11175870895385742,0.09313225746154785,9.313225746154785,7.761021455128987,0.0017150569938000045,0.0031024724573050604,-0.0007911726063999993,0.0006225751806050539,False,
synthetic,small-short,S2,max,Google Artifact Registry,4-core,True,100,0.012,0.11175870895385742,0.09313225746154785,9.313225746154785,7.761021455128987,0.0017150569938000045,0.002677372578733133,-0.0007911726063999993,0.00019747530203312636,False,
synthetic,small-short,S2,max,Google Artifact Registry,4-core,True,1000,0.012,0.11175870895385742,0.09313225746154785,9.313225746154785,7.761021455128987,0.0017150569938000045,0.00263486259087594,-0.0007911726063999993,0.0001549653141759336,False,
synthetic,small-short,S2,max,Google Artifact Registry,8-core,False,10,0.022,0.11175870895385742,0.09313225746154785,5.079941316084429,4.233284430070357,0.003144271155300008,0.005169053521221732,-0.0014504831117333318,0.0006225751806050539,False,
synthetic,small-short,S2,max,Google Artifact Registry,8-core,False,100,0.022,0.11175870895385742,0.09313225746154785,5.079941316084429,4.233284430070357,0.003144271155300008,0.004743953642649805,-0.0014504831117333318,0.00019747530203312636,False,
synthetic,small-short,S2,max,Google Artifact Registry,8-core,False,1000,0.022,0.11175870895385742,0.09313225746154785,5.079941316084429,4.233284430070357,0.003144271155300008,0.004701443654792612,-0.0014504831117333318,0.0001549653141759336,False,
synthetic,small-short,S2,max,Azure Container Registry,1-core,False,10,0.002,0.087,0.1,43.49999999999999,50.0,0.00028584283230000075,0.0010374379202833343,-0.00013186210106666654,0.0006241217075,False,
synthetic,small-short,S2,max,Azure Container Registry,1-core,False,100,0.002,0.087,0.1,43.49999999999999,50.0,0.00028584283230000075,0.0005809904012833344,-0.00013186210106666654,0.00016767418849999999,False,
synthetic,small-short,S2,max,Azure Container Registry,1-core,False,1000,0.002,0.087,0.1,43.49999999999999,50.0,0.00028584283230000075,0.0005353456493833344,-0.00013186210106666654,0.0001220294366,False,
synthetic,small-short,S2,max,Azure Container Registry,2-core,False,10,0.006,0.087,0.1,14.499999999999998,16.666666666666668,0.0008575284969000022,0.0018640703458500034,-0.00039558630319999963,0.0006241217075,False,
synthetic,small-short,S2,max,Azure Container Registry,2-core,False,100,0.006,0.087,0.1,14.499999999999998,16.666666666666668,0.0008575284969000022,0.0014076228268500033,-0.00039558630319999963,0.00016767418849999999,False,
synthetic,small-short,S2,max,Azure Container Registry,2-core,False,1000,0.006,0.087,0.1,14.499999999999998,16.666666666666668,0.0008575284969000022,0.0013619780749500033,-0.00039558630319999963,0.0001220294366,False,
synthetic,small-short,S2,max,Azure Container Registry,4-core,True,10,0.012,0.087,0.1,7.249999999999999,8.333333333333334,0.0017150569938000045,0.0031040189842000067,-0.0007911726063999993,0.0006241217075,False,
synthetic,small-short,S2,max,Azure Container Registry,4-core,True,100,0.012,0.087,0.1,7.249999999999999,8.333333333333334,0.0017150569938000045,0.0026475714652000066,-0.0007911726063999993,0.00016767418849999999,False,
synthetic,small-short,S2,max,Azure Container Registry,4-core,True,1000,0.012,0.087,0.1,7.249999999999999,8.333333333333334,0.0017150569938000045,0.002601926713300007,-0.0007911726063999993,0.0001220294366,False,
synthetic,small-short,S2,max,Azure Container Registry,8-core,False,10,0.022,0.087,0.1,3.9545454545454546,4.545454545454546,0.003144271155300008,0.005170600048116678,-0.0014504831117333318,0.0006241217075,False,
synthetic,small-short,S2,max,Azure Container Registry,8-core,False,100,0.022,0.087,0.1,3.9545454545454546,4.545454545454546,0.003144271155300008,0.0047141525291166785,-0.0014504831117333318,0.00016767418849999999,False,
synthetic,small-short,S2,max,Azure Container Registry,8-core,False,1000,0.022,0.087,0.1,3.9545454545454546,4.545454545454546,0.003144271155300008,0.004668507777216679,-0.0014504831117333318,0.0001220294366,False,
synthetic,small-short,S3,min,GitHub Container Registry,1-core,False,10,0.002,0.0,0.0,0.0,0.0,0.00027352919576666704,0.0003165957966833342,-6.408147666666817e-05,0.0,False,
synthetic,small-short,S3,min,GitHub Container Registry,1-core,False,100,0.002,0.0,0.0,0.0,0.0,0.00027352919576666704,0.0003165957966833342,-6.408147666666817e-05,0.0,False,
synthetic,small-short,S3,min,GitHub Container Registry,1-core,False,1000,0.002,0.0,0.0,0.0,0.0,0.00027352919576666704,0.0003165957966833342,-6.408147666666817e-05,0.0,False,
synthetic,small-short,S3,min,GitHub Container Registry,2-core,False,10,0.006,0.0,0.0,0.0,0.0,0.0008205875873000011,0.0009497873900500025,-0.0001922444300000045,0.0,False,
synthetic,small-short,S3,min,GitHub Container Registry,2-core,False,100,0.006,0.0,0.0,0.0,0.0,0.0008205875873000011,0.0009497873900500025,-0.0001922444300000045,0.0,False,
synthetic,small-short,S3,min,GitHub Container Registry,2-core,False,1000,0.006,0.0,0.0,0.0,0.0,0.0008205875873000011,0.0009497873900500025,-0.0001922444300000045,0.0,False,
synthetic,small-short,S3,min,GitHub Container Registry,4-core,True,10,0.012,0.0,0.0,0.0,0.0,0.0016411751746000021,0.001899574780100005,-0.000384488860000009,0.0,False,
synthetic,small-short,S3,min,GitHub Container Registry,4-core,True,100,0.012,0.0,0.0,0.0,0.0,0.0016411751746000021,0.001899574780100005,-0.000384488860000009,0.0,False,
synthetic,small-short,S3,min,GitHub Container Registry,4-core,True,1000,0.012,0.0,0.0,0.0,0.0,0.0016411751746000021,0.001899574780100005,-0.000384488860000009,0.0,False,
synthetic,small-short,S3,min,GitHub Container Registry,8-core,False,10,0.022,0.0,0.0,0.0,0.0,0.003008821153433337,0.0034825537635166754,-0.0007048962433333498,0.0,False,
synthetic,small-short,S3,min,GitHub Container Registry,8-core,False,100,0.022,0.0,0.0,0.0,0.0,0.003008821153433337,0.0034825537635166754,-0.0007048962433333498,0.0,False,
synthetic,small-short,S3,min,GitHub Container Registry,8-core,False,1000,0.022,0.0,0.0,0.0,0.0,0.003008821153433337,0.0034825537635166754,-0.0007048962433333498,0.0,False,
synthetic,small-short,S3,min,Amazon ECR,1-core,False,10,0.002,0.09,0.1,45.0,50.0,0.00027352919576666704,0.0008837683266833343,-6.408147666666817e-05,0.0005671725300000001,False,
synthetic,small-short,S3,min,Amazon ECR,1-core,False,100,0.002,0.09,0.1,45.0,50.0,0.00027352919576666704,0.0004583082531833342,-6.408147666666817e-05,0.00014171245650000002,False,
synthetic,small-short,S3,min,Amazon ECR,1-core,False,1000,0.002,0.09,0.1,45.0,50.0,0.00027352919576666704,0.0004157622458333342,-6.408147666666817e-05,9.916644915e-05,False,
synthetic,small-short,S3,min,Amazon ECR,2-core,False,10,0.006,0.09,0.1,15.0,16.666666666666668,0.0008205875873000011,0.0015169599200500026,-0.0001922444300000045,0.0005671725300000001,False,
synthetic,small-short,S3,min,Amazon ECR,2-core,False,100,0.006,0.09,0.1,15.0,16.666666666666668,0.0008205875873000011,0.0010914998465500025,-0.0001922444300000045,0.00014171245650000002,False,
synthetic,small-short,S3,min,Amazon ECR,2-core,False,1000,0.006,0.09,0.1,15.0,16.666666666666668,0.0008205875873000011,0.0010489538392000025,-0.0001922444300000045,9.916644915e-05,False,
synthetic,small-short,S3,min,Amazon ECR,4-core,True,10,0.012,0.09,0.1,7.5,8.333333333333334,0.0016411751746000021,0.002466747310100005,-0.000384488860000009,0.0005671725300000001,False,
synthetic,small-short,S3,min,Amazon ECR,4-core,True,100,0.012,0.09,0.1,7.5,8.333333333333334,0.0016411751746000021,0.002041287236600005,-0.000384488860000009,0.00014171245650000002,False,
synthetic,small-short,S3,min,Amazon ECR,4-core,True,1000,0.012,0.09,0.1,7.5,8.333333333333334,0.0016411751746000021,0.001998741229250005,-0.000384488860000009,9.916644915e-05,False,
synthetic,small-short,S3,min,Amazon ECR,8-core,False,10,0.022,0.09,0.1,4.090909090909091,4.545454545454546,0.003008821153433337,0.004049726293516675,-0.0007048962433333498,0.0005671725300000001,False,
synthetic,small-short,S3,min,Amazon ECR,8-core,False,100,0.022,0.09,0.1,4.090909090909091,4.545454545454546,0.003008821153433337,0.0036242662200166756,-0.0007048962433333498,0.00014171245650000002,False,
synthetic,small-short,S3,min,Amazon ECR,8-core,False,1000,0.022,0.09,0.1,4.090909090909091,4.545454545454546,0.003008821153433337,0.0035817202126666755,-0.0007048962433333498,9.916644915e-05,False,
synthetic,small-short,S3,min,Google Artifact Registry,1-core,False,10,0.002,0.11175870895385742,0.09313225746154785,55.87935447692871,46.566128730773926,0.00027352919576666704,0.0008741341374828447,-6.408147666666817e-05,0.0005575383407995105,False,
synthetic,small-short,S3,min,Google Artifact Registry,1-core,False,100,0.002,0.11175870895385742,0.09313225746154785,55.87935447692871,46.566128730773926,0.00027352919576666704,0.00047789356643473393,-6.408147666666817e-05,0.00016129776975139974,False,
synthetic,small-short,S3,min,Google Artifact Registry,1-core,False,1000,0.002,0.11175870895385742,0.09313225746154785,55.87935447692871,46.566128730773926,0.00027352919576666704,0.0004382695093299229,-6.408147666666817e-05,0.00012167371264658867,False,
synthetic,small-short,S3,min,Google Artifact Registry,2-core,False,10,0.006,0.11175870895385742,0.09313225746154785,18.62645149230957,15.522042910257975,0.0008205875873000011,0.001507325730849513,-0.0001922444300000045,0.0005575383407995105,False,
synthetic,small-short,S3,min,Google Artifact Registry,2-core,False,100,0.006,0.11175870895385742,0.09313225746154785,18.62645149230957,15.522042910257975,0.0008205875873000011,0.0011110851598014023,-0.0001922444300000045,0.00016129776975139974,False,
synthetic,small-short,S3,min,Google Artifact Registry,2-core,False,1000,0.006,0.11175870895385742,0.09313225746154785,18.62645149230957,15.522042910257975,0.0008205875873000011,0.0010714611026965911,-0.0001922444300000045,0.00012167371264658867,False,
synthetic,small-short,S3,min,Google Artifact Registry,4-core,True,10,0.012,0.11175870895385742,0.09313225746154785,9.313225746154785,7.761021455128987,0.0016411751746000021,0.0024571131208995156,-0.000384488860000009,0.0005575383407995105,False,
synthetic,small-short,S3,min,Google Artifact Registry,4-core,True,100,0.012,0.11175870895385742,0.09313225746154785,9.313225746154785,7.761021455128987,0.0016411751746000021,0.002060872549851405,-0.000384488860000009,0.00016129776975139974,False,
synthetic,small-short,S3,min,Google Artifact Registry,4-core,True,1000,0.012,0.11175870895385742,0.09313225746154785,9.313225746154785,7.761021455128987,0.0016411751746000021,0.0020212484927465938,-0.000384488860000009,0.00012167371264658867,False,
synthetic,small-short,S3,min,Google Artifact Registry,8-core,False,10,0.022,0.11175870895385742,0.09313225746154785,5.079941316084429,4.233284430070357,0.003008821153433337,0.004040092104316186,-0.0007048962433333498,0.0005575383407995105,False,
synthetic,small-short,S3,min,Google Artifact Registry,8-core,False,100,0.022,0.11175870895385742,0.09313225746154785,5.079941316084429,4.233284430070357,0.003008821153433337,0.003643851533268075,-0.0007048962433333498,0.00016129776975139974,False,
synthetic,small-short,S3,min,Google Artifact Registry,8-core,False,1000,0.022,0.11175870895385742,0.09313225746154785,5.079941316084429,4.233284430070357,0.003008821153433337,0.003604227476163264,-0.0007048962433333498,0.00012167371264658867,False,
synthetic,small-short,S3,min,Azure Container Registry,1-core,False,10,0.002,0.087,0.1,43.49999999999999,50.0,0.00027352919576666704,0.0008806203561833343,-6.408147666666817e-05,0.0005640245595000001,False,
synthetic,small-short,S3,min,Azure Container Registry,1-core,False,100,0.002,0.087,0.1,43.49999999999999,50.0,0.00027352919576666704,0.0004551602826833342,-6.408147666666817e-05,0.000138564486,False,
synthetic,small-short,S3,min,Azure Container Registry,1-core,False,1000,0.002,0.087,0.1,43.49999999999999,50.0,0.00027352919576666704,0.0004126142753333342,-6.408147666666817e-05,9.601847865e-05,False,
synthetic,small-short,S3,min,Azure Container Registry,2-core,False,10,0.006,0.087,0.1,14.499999999999998,16.666666666666668,0.0008205875873000011,0.0015138119495500028,-0.0001922444300000045,0.0005640245595000001,False,
synthetic,small-short,S3,min,Azure Container Registry,2-core,False,100,0.006,0.087,0.1,14.499999999999998,16.666666666666668,0.0008205875873000011,0.0010883518760500025,-0.0001922444300000045,0.000138564486,False,
synthetic,small-short,S3,min,Azure Container Registry,2-core,False,1000,0.006,0.087,0.1,14.499999999999998,16.666666666666668,0.0008205875873000011,0.0010458058687000025,-0.0001922444300000045,9.601847865e-05,False,
synthetic,small-short,S3,min,Azure Container Registry,4-core,True,10,0.012,0.087,0.1,7.249999999999999,8.333333333333334,0.0016411751746000021,0.002463599339600005,-0.000384488860000009,0.0005640245595000001,False,
synthetic,small-short,S3,min,Azure Container Registry,4-core,True,100,0.012,0.087,0.1,7.249999999999999,8.333333333333334,0.0016411751746000021,0.002038139266100005,-0.000384488860000009,0.000138564486,False,
synthetic,small-short,S3,min,Azure Container Registry,4-core,True,1000,0.012,0.087,0.1,7.249999999999999,8.333333333333334,0.0016411751746000021,0.001995593258750005,-0.000384488860000009,9.601847865e-05,False,
synthetic,small-short,S3,min,Azure Container Registry,8-core,False,10,0.022,0.087,0.1,3.9545454545454546,4.545454545454546,0.003008821153433337,0.004046578323016675,-0.0007048962433333498,0.0005640245595000001,False,
synthetic,small-short,S3,min,Azure Container Registry,8-core,False,100,0.022,0.087,0.1,3.9545454545454546,4.545454545454546,0.003008821153433337,0.0036211182495166755,-0.0007048962433333498,0.000138564486,False,
synthetic,small-short,S3,min,Azure Container Registry,8-core,False,1000,0.022,0.087,0.1,3.9545454545454546,4.545454545454546,0.003008821153433337,0.0035785722421666755,-0.0007048962433333498,9.601847865e-05,False,
synthetic,small-short,S3,max,GitHub Container Registry,1-core,False,10,0.002,0.0,0.0,0.0,0.0,0.00027352919576666704,0.0004118961299166664,-0.00017237441200000113,0.0,False,
synthetic,small-short,S3,max,GitHub Container Registry,1-core,False,100,0.002,0.0,0.0,0.0,0.0,0.00027352919576666704,0.0004118961299166664,-0.00017237441200000113,0.0,False,
synthetic,small-short,S3,max,GitHub Container Registry,1-core,False,1000,0.002,0.0,0.0,0.0,0.0,0.00027352919576666704,0.0004118961299166664,-0.00017237441200000113,0.0,False,
synthetic,small-short,S3,max,GitHub Container Registry,2-core,False,10,0.006,0.0,0.0,0.0,0.0,0.0008205875873000011,0.0012356883897499992,-0.0005171232360000034,0.0,False,
synthetic,small-short,S3,max,GitHub Container Registry,2-core,False,100,0.006,0.0,0.0,0.0,0.0,0.0008205875873000011,0.0012356883897499992,-0.0005171232360000034,0.0,False,
synthetic,small-short,S3,max,GitHub Container Registry,2-core,False,1000,0.006,0.0,0.0,0.0,0.0,0.0008205875873000011,0.0012356883897499992,-0.0005171232360000034,0.0,False,
synthetic,small-short,S3,max,GitHub Container Registry,4-core,True,10,0.012,0.0,0.0,0.0,0.0,0.0016411751746000021,0.0024713767794999984,-0.0010342464720000067,0.0,False,
synthetic,small-short,S3,max,GitHub Container Registry,4-core,True,100,0.012,0.0,0.0,0.0,0.0,0.0016411751746000021,0.0024713767794999984,-0.0010342464720000067,0.0,False,
synthetic,small-short,S3,max,GitHub Container Registry,4-core,True,1000,0.012,0.0,0.0,0.0,0.0,0.0016411751746000021,0.0024713767794999984,-0.0010342464720000067,0.0,False,
synthetic,small-short,S3,max,GitHub Container Registry,8-core,False,10,0.022,0.0,0.0,0.0,0.0,0.003008821153433337,0.00453085742908333,-0.0018961185320000122,0.0,False,
synthetic,small-short,S3,max,GitHub Container Registry,8-core,False,100,0.022,0.0,0.0,0.0,0.0,0.003008821153433337,0.00453085742908333,-0.0018961185320000122,0.0,False,
synthetic,small-short,S3,max,GitHub Container Registry,8-core,False,1000,0.022,0.0,0.0,0.0,0.0,0.003008821153433337,0.00453085742908333,-0.0018961185320000122,0.0,False,
synthetic,small-short,S3,max,Amazon ECR,1-core,False,10,0.002,0.09,0.1,45.0,50.0,0.00027352919576666704,0.0010240040249166664,-0.00017237441200000113,0.0006121078950000001,False,
synthetic,small-short,S3,max,Amazon ECR,1-core,False,100,0.002,0.09,0.1,45.0,50.0,0.00027352919576666704,0.0005581021634166664,-0.00017237441200000113,0.0001462060335,False,
synthetic,small-short,S3,max,Amazon ECR,1-core,False,1000,0.002,0.09,0.1,45.0,50.0,0.00027352919576666704,0.0005115119772666663,-0.00017237441200000113,9.961584735e-05,False,
synthetic,small-short,S3,max,Amazon ECR,2-core,False,10,0.006,0.09,0.1,15.0,16.666666666666668,0.0008205875873000011,0.0018477962847499993,-0.0005171232360000034,0.0006121078950000001,False,
synthetic,small-short,S3,max,Amazon ECR,2-core,False,100,0.006,0.09,0.1,15.0,16.666666666666668,0.0008205875873000011,0.0013818944232499991,-0.0005171232360000034,0.0001462060335,False,
synthetic,small-short,S3,max,Amazon ECR,2-core,False,1000,0.006,0.09,0.1,15.0,16.666666666666668,0.0008205875873000011,0.0013353042370999992,-0.0005171232360000034,9.961584735e-05,False,
synthetic,small-short,S3,max,Amazon ECR,4-core,True,10,0.012,0.09,0.1,7.5,8.333333333333334,0.0016411751746000021,0.0030834846744999984,-0.0010342464720000067,0.0006121078950000001,False,
synthetic,small-short,S3,max,Amazon ECR,4-core,True,100,0.012,0.09,0.1,7.5,8.333333333333334,0.0016411751746000021,0.0026175828129999983,-0.0010342464720000067,0.0001462060335,False,
synthetic,small-short,S3,max,Amazon ECR,4-core,True,1000,0.012,0.09,0.1,7.5,8.333333333333334,0.0016411751746000021,0.0025709926268499984,-0.0010342464720000067,9.961584735e-05,False,
synthetic,small-short,S3,max,Amazon ECR,8-core,False,10,0.022,0.09,0.1,4.090909090909091,4.545454545454546,0.003008821153433337,0.00514296532408333,-0.0018961185320000122,0.0006121078950000001,False,
synthetic,small-short,S3,max,Amazon ECR,8-core,False,100,0.022,0.09,0.1,4.090909090909091,4.545454545454546,0.003008821153433337,0.00467706346258333,-0.0018961185320000122,0.0001462060335,False,
synthetic,small-short,S3,max,Amazon ECR,8-core,False,1000,0.022,0.09,0.1,4.090909090909091,4.545454545454546,0.003008821153433337,0.00463047327643333,-0.0018961185320000122,9.961584735e-05,False,
synthetic,small-short,S3,max,Google Artifact Registry,1-core,False,10,0.002,0.11175870895385742,0.09313225746154785,55.87935447692871,46.566128730773926,0.00027352919576666704,0.0010112838045091017,-0.00017237441200000113,0.0005993876745924354,False,
synthetic,small-short,S3,max,Google Artifact Registry,1-core,False,100,0.002,0.11175870895385742,0.09313225746154785,55.87935447692871,46.566128730773926,0.00027352919576666704,0.0005773788833387777,-0.00017237441200000113,0.00016548275342211127,False,
synthetic,small-short,S3,max,Google Artifact Registry,1-core,False,1000,0.002,0.11175870895385742,0.09313225746154785,55.87935447692871,46.566128730773926,0.00027352919576666704,0.0005339883912217452,-0.00017237441200000113,0.00012209226130507886,False,
synthetic,small-short,S3,max,Google Artifact Registry,2-core,False,10,0.006,0.11175870895385742,0.09313225746154785,18.62645149230957,15.522042910257975,0.0008205875873000011,0.0018350760643424345,-0.0005171232360000034,0.0005993876745924354,False,
synthetic,small-short,S3,max,Google Artifact Registry,2-core,False,100,0.006,0.11175870895385742,0.09313225746154785,18.62645149230957,15.522042910257975,0.0008205875873000011,0.0014011711431721106,-0.0005171232360000034,0.00016548275342211127,False,
synthetic,small-short,S3,max,Google Artifact Registry,2-core,False,1000,0.006,0.11175870895385742,0.09313225746154785,18.62645149230957,15.522042910257975,0.0008205875873000011,0.001357780651055078,-0.0005171232360000034,0.00012209226130507886,False,
synthetic,small-short,S3,max,Google Artifact Registry,4-core,True,10,0.012,0.11175870895385742,0.09313225746154785,9.313225746154785,7.761021455128987,0.0016411751746000021,0.003070764454092434,-0.0010342464720000067,0.0005993876745924354,False,
synthetic,small-short,S3,max,Google Artifact Registry,4-core,True,100,0.012,0.11175870895385742,0.09313225746154785,9.313225746154785,7.761021455128987,0.0016411751746000021,0.0026368595329221097,-0.0010342464720000067,0.00016548275342211127,False,
synthetic,small-short,S3,max,Google Artifact Registry,4-core,True,1000,0.012,0.11175870895385742,0.09313225746154785,9.313225746154785,7.761021455128987,0.0016411751746000021,0.0025934690408050774,-0.0010342464720000067,0.00012209226130507886,False,
synthetic,small-short,S3,max,Google Artifact Registry,8-core,False,10,0.022,0.11175870895385742,0.09313225746154785,5.079941316084429,4.233284430070357,0.003008821153433337,0.005130245103675765,-0.0018961185320000122,0.0005993876745924354,False,
synthetic,small-short,S3,max,Google Artifact Registry,8-core,False,100,0.022,0.11175870895385742,0.09313225746154785,5.079941316084429,4.233284430070357,0.003008821153433337,0.004696340182505441,-0.0018961185320000122,0.00016548275342211127,False,
synthetic,small-short,S3,max,Google Artifact Registry,8-core,False,1000,0.022,0.11175870895385742,0.09313225746154785,5.079941316084429,4.233284430070357,0.003008821153433337,0.004652949690388409,-0.0018961185320000122,0.00012209226130507886,False,
synthetic,small-short,S3,max,Azure Container Registry,1-core,False,10,0.002,0.087,0.1,43.49999999999999,50.0,0.00027352919576666704,0.0010208560529166664,-0.00017237441200000113,0.0006089599230000001,False,
synthetic,small-short,S3,max,Azure Container Registry,1-core,False,100,0.002,0.087,0.1,43.49999999999999,50.0,0.00027352919576666704,0.0005549541914166663,-0.00017237441200000113,0.0001430580615,False,
synthetic,small-short,S3,max,Azure Container Registry,1-core,False,1000,0.002,0.087,0.1,43.49999999999999,50.0,0.00027352919576666704,0.0005083640052666663,-0.00017237441200000113,9.646787534999999e-05,False,
synthetic,small-short,S3,max,Azure Container Registry,2-core,False,10,0.006,0.087,0.1,14.499999999999998,16.666666666666668,0.0008205875873000011,0.0018446483127499992,-0.0005171232360000034,0.0006089599230000001,False,
synthetic,small-short,S3,max,Azure Container Registry,2-core,False,100,0.006,0.087,0.1,14.499999999999998,16.666666666666668,0.0008205875873000011,0.001378746451249999,-0.0005171232360000034,0.0001430580615,False,
synthetic,small-short,S3,max,Azure Container Registry,2-core,False,1000,0.006,0.087,0.1,14.499999999999998,16.666666666666668,0.0008205875873000011,0.0013321562650999992,-0.0005171232360000034,9.646787534999999e-05,False,
synthetic,small-short,S3,max,Azure Container Registry,4-core,True,10,0.012,0.087,0.1,7.249999999999999,8.333333333333334,0.0016411751746000021,0.0030803367024999986,-0.0010342464720000067,0.0006089599230000001,False,
synthetic,small-short,S3,max,Azure Container Registry,4-core,True,100,0.012,0.087,0.1,7.249999999999999,8.333333333333334,0.0016411751746000021,0.0026144348409999985,-0.0010342464720000067,0.0001430580615,False,
synthetic,small-short,S3,max,Azure Container Registry,4-core,True,1000,0.012,0.087,0.1,7.249999999999999,8.333333333333334,0.0016411751746000021,0.0025678446548499986,-0.0010342464720000067,9.646787534999999e-05,False,
synthetic,small-short,S3,max,Azure Container Registry,8-core,False,10,0.022,0.087,0.1,3.9545454545454546,4.545454545454546,0.003008821153433337,0.00513981735208333,-0.0018961185320000122,0.0006089599230000001,False,
synthetic,small-short,S3,max,Azure Container Registry,8-core,False,100,0.022,0.087,0.1,3.9545454545454546,4.545454545454546,0.003008821153433337,0.00467391549058333,-0.0018961185320000122,0.0001430580615,False,
synthetic,small-short,S3,max,Azure Container Registry,8-core,False,1000,0.022,0.087,0.1,3.9545454545454546,4.545454545454546,0.003008821153433337,0.00462732530443333,-0.0018961185320000122,9.646787534999999e-05,False,
uptime-kuma,default,S0,min,GitHub Container Registry,1-core,False,10,0.002,0.0,0.0,0.0,0.0,0.004065003329083334,0.0003913208781166645,0.0036725918618833345,0.0,True,43.19443821840665
uptime-kuma,default,S0,min,GitHub Container Registry,1-core,False,100,0.002,0.0,0.0,0.0,0.0,0.004065003329083334,0.0003913208781166645,0.0036725918618833345,0.0,True,43.19443821840665
uptime-kuma,default,S0,min,GitHub Container Registry,1-core,False,1000,0.002,0.0,0.0,0.0,0.0,0.004065003329083334,0.0003913208781166645,0.0036725918618833345,0.0,True,43.19443821840665
uptime-kuma,default,S0,min,GitHub Container Registry,2-core,False,10,0.006,0.0,0.0,0.0,0.0,0.012195009987250002,0.0011739626343499935,0.011017775585650003,0.0,True,43.19443821840665
uptime-kuma,default,S0,min,GitHub Container Registry,2-core,False,100,0.006,0.0,0.0,0.0,0.0,0.012195009987250002,0.0011739626343499935,0.011017775585650003,0.0,True,43.19443821840665
uptime-kuma,default,S0,min,GitHub Container Registry,2-core,False,1000,0.006,0.0,0.0,0.0,0.0,0.012195009987250002,0.0011739626343499935,0.011017775585650003,0.0,True,43.19443821840665
uptime-kuma,default,S0,min,GitHub Container Registry,4-core,True,10,0.012,0.0,0.0,0.0,0.0,0.024390019974500004,0.002347925268699987,0.022035551171300006,0.0,True,43.19443821840665
uptime-kuma,default,S0,min,GitHub Container Registry,4-core,True,100,0.012,0.0,0.0,0.0,0.0,0.024390019974500004,0.002347925268699987,0.022035551171300006,0.0,True,43.19443821840665
uptime-kuma,default,S0,min,GitHub Container Registry,4-core,True,1000,0.012,0.0,0.0,0.0,0.0,0.024390019974500004,0.002347925268699987,0.022035551171300006,0.0,True,43.19443821840665
uptime-kuma,default,S0,min,GitHub Container Registry,8-core,False,10,0.022,0.0,0.0,0.0,0.0,0.044715036619916666,0.004304529659283309,0.04039851048071667,0.0,True,43.19443821840665
uptime-kuma,default,S0,min,GitHub Container Registry,8-core,False,100,0.022,0.0,0.0,0.0,0.0,0.044715036619916666,0.004304529659283309,0.04039851048071667,0.0,True,43.19443821840665
uptime-kuma,default,S0,min,GitHub Container Registry,8-core,False,1000,0.022,0.0,0.0,0.0,0.0,0.044715036619916666,0.004304529659283309,0.04039851048071667,0.0,True,43.19443821840665
uptime-kuma,default,S0,min,Amazon ECR,1-core,False,10,0.002,0.09,0.1,45.0,50.0,0.004065003329083334,0.005372256603116664,0.0036725918618833345,0.004980935725,False,29.612181181808783
uptime-kuma,default,S0,min,Amazon ECR,1-core,False,100,0.002,0.09,0.1,45.0,50.0,0.004065003329083334,0.004332912654116664,0.0036725918618833345,0.003941591776,False,41.83621251474686
uptime-kuma,default,S0,min,Amazon ECR,1-core,False,1000,0.002,0.09,0.1,45.0,50.0,0.004065003329083334,0.004228978259216664,0.0036725918618833345,0.0038376573810999996,False,43.05861564804067
uptime-kuma,default,S0,min,Amazon ECR,2-core,False,10,0.006,0.09,0.1,15.0,16.666666666666668,0.012195009987250002,0.006154898359349993,0.011017775585650003,0.004980935725,True,38.66701920620736
uptime-kuma,default,S0,min,Amazon ECR,2-core,False,100,0.006,0.09,0.1,15.0,16.666666666666668,0.012195009987250002,0.005115554410349993,0.011017775585650003,0.003941591776,True,42.74169631718672
uptime-kuma,default,S0,min,Amazon ECR,2-core,False,1000,0.006,0.09,0.1,15.0,16.666666666666668,0.012195009987250002,0.005011620015449993,0.011017775585650003,0.0038376573810999996,True,43.14916402828466
uptime-kuma,default,S0,min,Amazon ECR,4-core,True,10,0.012,0.09,0.1,7.5,8.333333333333334,0.024390019974500004,0.007328860993699986,0.022035551171300006,0.004980935725,True,40.93072871230701
uptime-kuma,default,S0,min,Amazon ECR,4-core,True,100,0.012,0.09,0.1,7.5,8.333333333333334,0.024390019974500004,0.0062895170446999864,0.022035551171300006,0.003941591776,True,42.96806726779669
uptime-kuma,default,S0,min,Amazon ECR,4-core,True,1000,0.012,0.09,0.1,7.5,8.333333333333334,0.024390019974500004,0.006185582649799987,0.022035551171300006,0.0038376573810999996,True,43.17180112334565
uptime-kuma,default,S0,min,Amazon ECR,8-core,False,10,0.022,0.09,0.1,4.090909090909091,4.545454545454546,0.044715036619916666,0.00928546538428331,0.04039851048071667,0.004980935725,True,41.959687578715936
uptime-kuma,default,S0,min,Amazon ECR,8-core,False,100,0.022,0.09,0.1,4.090909090909091,4.545454545454546,0.044715036619916666,0.008246121435283308,0.04039851048071667,0.003941591776,True,43.07096315443758
uptime-kuma,default,S0,min,Amazon ECR,8-core,False,1000,0.022,0.09,0.1,4.090909090909091,4.545454545454546,0.044715036619916666,0.008142187040383308,0.04039851048071667,0.0038376573810999996,True,43.182090712009746
uptime-kuma,default,S0,min,Google Artifact Registry,1-core,False,10,0.002,0.11175870895385742,0.09313225746154785,55.87935447692871,46.566128730773926,0.004065003329083334,0.006217959358765062,0.0036725918618833345,0.005826638480648398,False,30.54497562599312
uptime-kuma,default,S0,min,Google Artifact Registry,1-core,False,100,0.002,0.11175870895385742,0.09313225746154785,55.87935447692871,46.566128730773926,0.004065003329083334,0.005249994876271364,0.0036725918618833345,0.0048586739981546995,False,41.9294919591653
uptime-kuma,default,S0,min,Google Artifact Registry,1-core,False,1000,0.002,0.11175870895385742,0.09313225746154785,55.87935447692871,46.566128730773926,0.004065003329083334,0.005153198428021993,0.0036725918618833345,0.004761877549905329,False,43.067943592482514
uptime-kuma,default,S0,min,Google Artifact Registry,2-core,False,10,0.006,0.11175870895385742,0.09313225746154785,18.62645149230957,15.522042910257975,0.012195009987250002,0.007000601114998391,0.011017775585650003,0.005826638480648398,True,38.97795068760214
uptime-kuma,default,S0,min,Google Artifact Registry,2-core,False,100,0.006,0.11175870895385742,0.09313225746154785,18.62645149230957,15.522042910257975,0.012195009987250002,0.006032636632504693,0.011017775585650003,0.0048586739981546995,True,42.7727894653262
uptime-kuma,default,S0,min,Google Artifact Registry,2-core,False,1000,0.006,0.11175870895385742,0.09313225746154785,18.62645149230957,15.522042910257975,0.012195009987250002,0.005935840184255322,0.011017775585650003,0.004761877549905329,True,43.15227334309861
uptime-kuma,default,S0,min,Google Artifact Registry,4-core,True,10,0.012,0.11175870895385742,0.09313225746154785,9.313225746154785,7.761021455128987,0.024390019974500004,0.008174563749348385,0.022035551171300006,0.005826638480648398,True,41.086194453004396
uptime-kuma,default,S0,min,Google Artifact Registry,4-core,True,100,0.012,0.11175870895385742,0.09313225746154785,9.313225746154785,7.761021455128987,0.024390019974500004,0.007206599266854687,0.022035551171300006,0.0048586739981546995,True,42.98361384186643
uptime-kuma,default,S0,min,Google Artifact Registry,4-core,True,1000,0.012,0.11175870895385742,0.09313225746154785,9.313225746154785,7.761021455128987,0.024390019974500004,0.007109802818605316,0.022035551171300006,0.004761877549905329,True,43.17335578075263
uptime-kuma,default,S0,min,Google Artifact Registry,8-core,False,10,0.022,0.11175870895385742,0.09313225746154785,5.079941316084429,4.233284430070357,0.044715036619916666,0.010131168139931708,0.04039851048071667,0.005826638480648398,True,42.04448707364178
uptime-kuma,default,S0,min,Google Artifact Registry,8-core,False,100,0.022,0.11175870895385742,0.09313225746154785,5.079941316084429,4.233284430070357,0.044715036619916666,0.009163203657438009,0.04039851048071667,0.0048586739981546995,True,43.07944310393017
uptime-kuma,default,S0,min,Google Artifact Registry,8-core,False,1000,0.022,0.11175870895385742,0.09313225746154785,5.079941316084429,4.233284430070357,0.044715036619916666,0.009066407209188637,0.04039851048071667,0.004761877549905329,True,43.182938706959
uptime-kuma,default,S0,min,Azure Container Registry,1-core,False,10,0.002,0.087,0.1,43.49999999999999,50.0,0.004065003329083334,0.005244719632616663,0.0036725918618833345,0.004853398754499999,False,29.612181181808783
uptime-kuma,default,S0,min,Azure Container Registry,1-core,False,100,0.002,0.087,0.1,43.49999999999999,50.0,0.004065003329083334,0.004205375683616664,0.0036725918618833345,0.0038140548054999995,False,41.83621251474686
uptime-kuma,default,S0,min,Azure Container Registry,1-core,False,1000,0.002,0.087,0.1,43.49999999999999,50.0,0.004065003329083334,0.004101441288716663,0.0036725918618833345,0.0037101204105999992,False,43.05861564804067
uptime-kuma,default,S0,min,Azure Container Registry,2-core,False,10,0.006,0.087,0.1,14.499999999999998,16.666666666666668,0.012195009987250002,0.006027361388849992,0.011017775585650003,0.004853398754499999,True,38.66701920620736
uptime-kuma,default,S0,min,Azure Container Registry,2-core,False,100,0.006,0.087,0.1,14.499999999999998,16.666666666666668,0.012195009987250002,0.004988017439849993,0.011017775585650003,0.0038140548054999995,True,42.74169631718672
uptime-kuma,default,S0,min,Azure Container Registry,2-core,False,1000,0.006,0.087,0.1,14.499999999999998,16.666666666666668,0.012195009987250002,0.0048840830449499925,0.011017775585650003,0.0037101204105999992,True,43.14916402828466
uptime-kuma,default,S0,min,Azure Container Registry,4-core,True,10,0.012,0.087,0.1,7.249999999999999,8.333333333333334,0.024390019974500004,0.007201324023199986,0.022035551171300006,0.004853398754499999,True,40.93072871230701
uptime-kuma,default,S0,min,Azure Container Registry,4-core,True,100,0.012,0.087,0.1,7.249999999999999,8.333333333333334,0.024390019974500004,0.0061619800741999865,0.022035551171300006,0.0038140548054999995,True,42.96806726779669
uptime-kuma,default,S0,min,Azure Container Registry,4-core,True,1000,0.012,0.087,0.1,7.249999999999999,8.333333333333334,0.024390019974500004,0.006058045679299986,0.022035551171300006,0.0037101204105999992,True,43.17180112334565
uptime-kuma,default,S0,min,Azure Container Registry,8-core,False,10,0.022,0.087,0.1,3.9545454545454546,4.545454545454546,0.044715036619916666,0.009157928413783309,0.04039851048071667,0.004853398754499999,True,41.959687578715936
uptime-kuma,default,S0,min,Azure Container Registry,8-core,False,100,0.022,0.087,0.1,3.9545454545454546,4.545454545454546,0.044715036619916666,0.008118584464783309,0.04039851048071667,0.0038140548054999995,True,43.07096315443758
uptime-kuma,default,S0,min,Azure Container Registry,8-core,False,1000,0.022,0.087,0.1,3.9545454545454546,4.545454545454546,0.044715036619916666,0.008014650069883309,0.04039851048071667,0.0037101204105999992,True,43.182090712009746
uptime-kuma,default,S0,max,GitHub Container Registry,1-core,False,10,0.002,0.0,0.0,0.0,0.0,0.004065003329083334,0.000389156546099999,0.003675380560683334,0.0,True,43.22728777000522
uptime-kuma,default,S0,max,GitHub Container Registry,1-core,False,100,0.002,0.0,0.0,0.0,0.0,0.004065003329083334,0.000389156546099999,0.003675380560683334,0.0,True,43.22728777000522
uptime-kuma,default,S0,max,GitHub Container Registry,1-core,False,1000,0.002,0.0,0.0,0.0,0.0,0.004065003329083334,0.000389156546099999,0.003675380560683334,0.0,True,43.22728777000522
uptime-kuma,default,S0,max,GitHub Container Registry,2-core,False,10,0.006,0.0,0.0,0.0,0.0,0.012195009987250002,0.0011674696382999968,0.011026141682050003,0.0,True,43.22728777000522
uptime-kuma,default,S0,max,GitHub Container Registry,2-core,False,100,0.006,0.0,0.0,0.0,0.0,0.012195009987250002,0.0011674696382999968,0.011026141682050003,0.0,True,43.22728777000522
uptime-kuma,default,S0,max,GitHub Container Registry,2-core,False,1000,0.006,0.0,0.0,0.0,0.0,0.012195009987250002,0.0011674696382999968,0.011026141682050003,0.0,True,43.22728777000522
uptime-kuma,default,S0,max,GitHub Container Registry,4-core,True,10,0.012,0.0,0.0,0.0,0.0,0.024390019974500004,0.0023349392765999936,0.022052283364100006,0.0,True,43.22728777000522
uptime-kuma,default,S0,max,GitHub Container Registry,4-core,True,100,0.012,0.0,0.0,0.0,0.0,0.024390019974500004,0.0023349392765999936,0.022052283364100006,0.0,True,43.22728777000522
uptime-kuma,default,S0,max,GitHub Container Registry,4-core,True,1000,0.012,0.0,0.0,0.0,0.0,0.024390019974500004,0.0023349392765999936,0.022052283364100006,0.0,True,43.22728777000522
uptime-kuma,default,S0,max,GitHub Container Registry,8-core,False,10,0.022,0.0,0.0,0.0,0.0,0.044715036619916666,0.004280722007099988,0.04042918616751667,0.0,True,43.22728777000522
uptime-kuma,default,S0,max,GitHub Container Registry,8-core,False,100,0.022,0.0,0.0,0.0,0.0,0.044715036619916666,0.004280722007099988,0.04042918616751667,0.0,True,43.22728777000522
uptime-kuma,default,S0,max,GitHub Container Registry,8-core,False,1000,0.022,0.0,0.0,0.0,0.0,0.044715036619916666,0.004280722007099988,0.04042918616751667,0.0,True,43.22728777000522
uptime-kuma,default,S0,max,Amazon ECR,1-core,False,10,0.002,0.09,0.1,45.0,50.0,0.004065003329083334,0.0083253554761,0.003675380560683334,0.00793619893,False,-5.112802945209052
uptime-kuma,default,S0,max,Amazon ECR,1-core,False,100,0.002,0.09,0.1,45.0,50.0,0.004065003329083334,0.0046262705925999995,0.003675380560683334,0.0042371140465,False,38.39327869848379
uptime-kuma,default,S0,max,Amazon ECR,1-core,False,1000,0.002,0.09,0.1,45.0,50.0,0.004065003329083334,0.004256362104249999,0.003675380560683334,0.00386720555815,False,42.743886862853074
uptime-kuma,default,S0,max,Amazon ECR,2-core,False,10,0.006,0.09,0.1,15.0,16.666666666666668,0.012195009987250002,0.009103668568299998,0.011026141682050003,0.00793619893,True,27.11392419826712
uptime-kuma,default,S0,max,Amazon ECR,2-core,False,100,0.006,0.09,0.1,15.0,16.666666666666668,0.012195009987250002,0.005404583684799997,0.011026141682050003,0.0042371140465,True,41.61595141283141
uptime-kuma,default,S0,max,Amazon ECR,2-core,False,1000,0.006,0.09,0.1,15.0,16.666666666666668,0.012195009987250002,0.005034675196449997,0.011026141682050003,0.00386720555815,True,43.066154134287835
uptime-kuma,default,S0,max,Amazon ECR,4-core,True,10,0.012,0.09,0.1,7.5,8.333333333333334,0.024390019974500004,0.010271138206599995,0.022052283364100006,0.00793619893,True,35.170605984136174
uptime-kuma,default,S0,max,Amazon ECR,4-core,True,100,0.012,0.09,0.1,7.5,8.333333333333334,0.024390019974500004,0.006572053323099994,0.022052283364100006,0.0042371140465,True,42.42161959141831
uptime-kuma,default,S0,max,Amazon ECR,4-core,True,1000,0.012,0.09,0.1,7.5,8.333333333333334,0.024390019974500004,0.006202144834749994,0.022052283364100006,0.00386720555815,True,43.146720952146524
uptime-kuma,default,S0,max,Amazon ECR,8-core,False,10,0.022,0.09,0.1,4.090909090909091,4.545454545454546,0.044715036619916666,0.012216920937099989,0.04042918616751667,0.00793619893,True,38.8327340686221
uptime-kuma,default,S0,max,Amazon ECR,8-core,False,100,0.022,0.09,0.1,4.090909090909091,4.545454545454546,0.044715036619916666,0.008517836053599988,0.04042918616751667,0.0042371140465,True,42.78783239986691
uptime-kuma,default,S0,max,Amazon ECR,8-core,False,1000,0.022,0.09,0.1,4.090909090909091,4.545454545454546,0.044715036619916666,0.008147927565249988,0.04042918616751667,0.00386720555815,True,43.183342232991386
uptime-kuma,default,S0,max,Google Artifact Registry,1-core,False,10,0.002,0.11175870895385742,0.09313225746154785,55.87935447692871,46.566128730773926,0.004065003329083334,0.008968096966511525,0.003675380560683334,0.008578940420411527,False,-1.792929972033929
uptime-kuma,default,S0,max,Google Artifact Registry,1-core,False,100,0.002,0.11175870895385742,0.09313225746154785,55.87935447692871,46.566128730773926,0.004065003329083334,0.005523055709089109,0.003675380560683334,0.00513389916298911,False,38.7252659958013
uptime-kuma,default,S0,max,Google Artifact Registry,1-core,False,1000,0.002,0.11175870895385742,0.09313225746154785,55.87935447692871,46.566128730773926,0.004065003329083334,0.005178551583346867,0.003675380560683334,0.004789395037246868,False,42.777085592584825
uptime-kuma,default,S0,max,Google Artifact Registry,2-core,False,10,0.006,0.11175870895385742,0.09313225746154785,18.62645149230957,15.522042910257975,0.012195009987250002,0.009746410058711524,0.011026141682050003,0.008578940420411527,True,28.220548522658834
uptime-kuma,default,S0,max,Google Artifact Registry,2-core,False,100,0.006,0.11175870895385742,0.09313225746154785,18.62645149230957,15.522042910257975,0.012195009987250002,0.006301368801289107,0.011026141682050003,0.00513389916298911,True,41.72661384527058
uptime-kuma,default,S0,max,Google Artifact Registry,2-core,False,1000,0.006,0.11175870895385742,0.09313225746154785,18.62645149230957,15.522042910257975,0.012195009987250002,0.005956864675546865,0.011026141682050003,0.004789395037246868,True,43.07722037753175
uptime-kuma,default,S0,max,Google Artifact Registry,4-core,True,10,0.012,0.11175870895385742,0.09313225746154785,9.313225746154785,7.761021455128987,0.024390019974500004,0.010913879697011521,0.022052283364100006,0.008578940420411527,True,35.723918146332025
uptime-kuma,default,S0,max,Google Artifact Registry,4-core,True,100,0.012,0.11175870895385742,0.09313225746154785,9.313225746154785,7.761021455128987,0.024390019974500004,0.007468838439589103,0.022052283364100006,0.00513389916298911,True,42.4769508076379
uptime-kuma,default,S0,max,Google Artifact Registry,4-core,True,1000,0.012,0.11175870895385742,0.09313225746154785,9.313225746154785,7.761021455128987,0.024390019974500004,0.007124334313846861,0.022052283364100006,0.004789395037246868,True,43.15225407376849
uptime-kuma,default,S0,max,Google Artifact Registry,8-core,False,10,0.022,0.11175870895385742,0.09313225746154785,5.079941316084429,4.233284430070357,0.044715036619916666,0.012859662427511515,0.04042918616751667,0.008578940420411527,True,39.13454070254711
uptime-kuma,default,S0,max,Google Artifact Registry,8-core,False,100,0.022,0.11175870895385742,0.09313225746154785,5.079941316084429,4.233284430070357,0.044715036619916666,0.009414621170089097,0.04042918616751667,0.00513389916298911,True,42.81801306325941
uptime-kuma,default,S0,max,Google Artifact Registry,8-core,False,1000,0.022,0.11175870895385742,0.09313225746154785,5.079941316084429,4.233284430070357,0.044715036619916666,0.009070117044346855,0.04042918616751667,0.004789395037246868,True,43.18636029933064
uptime-kuma,default,S0,max,Azure Container Registry,1-core,False,10,0.002,0.087,0.1,43.49999999999999,50.0,0.004065003329083334,0.008197818655599999,0.003675380560683334,0.0078086621095,False,-5.112802945209052
uptime-kuma,default,S0,max,Azure Container Registry,1-core,False,100,0.002,0.087,0.1,43.49999999999999,50.0,0.004065003329083334,0.004498733772099999,0.003675380560683334,0.004109577226,False,38.39327869848379
uptime-kuma,default,S0,max,Azure Container Registry,1-core,False,1000,0.002,0.087,0.1,43.49999999999999,50.0,0.004065003329083334,0.004128825283749999,0.003675380560683334,0.00373966873765,False,42.743886862853074
uptime-kuma,default,S0,max,Azure Container Registry,2-core,False,10,0.006,0.087,0.1,14.499999999999998,16.666666666666668,0.012195009987250002,0.008976131747799997,0.011026141682050003,0.0078086621095,True,27.11392419826712
uptime-kuma,default,S0,max,Azure Container Registry,2-core,False,100,0.006,0.087,0.1,14.499999999999998,16.666666666666668,0.012195009987250002,0.005277046864299997,0.011026141682050003,0.004109577226,True,41.61595141283141
uptime-kuma,default,S0,max,Azure Container Registry,2-core,False,1000,0.006,0.087,0.1,14.499999999999998,16.666666666666668,0.012195009987250002,0.004907138375949997,0.011026141682050003,0.00373966873765,True,43.066154134287835
uptime-kuma,default,S0,max,Azure Container Registry,4-core,True,10,0.012,0.087,0.1,7.249999999999999,8.333333333333334,0.024390019974500004,0.010143601386099994,0.022052283364100006,0.0078086621095,True,35.170605984136174
uptime-kuma,default,S0,max,Azure Container Registry,4-core,True,100,0.012,0.087,0.1,7.249999999999999,8.333333333333334,0.024390019974500004,0.006444516502599994,0.022052283364100006,0.004109577226,True,42.42161959141831
uptime-kuma,default,S0,max,Azure Container Registry,4-core,True,1000,0.012,0.087,0.1,7.249999999999999,8.333333333333334,0.024390019974500004,0.006074608014249994,0.022052283364100006,0.00373966873765,True,43.146720952146524
uptime-kuma,default,S0,max,Azure Container Registry,8-core,False,10,0.022,0.087,0.1,3.9545454545454546,4.545454545454546,0.044715036619916666,0.012089384116599988,0.04042918616751667,0.0078086621095,True,38.8327340686221
uptime-kuma,default,S0,max,Azure Container Registry,8-core,False,100,0.022,0.087,0.1,3.9545454545454546,4.545454545454546,0.044715036619916666,0.008390299233099988,0.04042918616751667,0.004109577226,True,42.78783239986691
uptime-kuma,default,S0,max,Azure Container Registry,8-core,False,1000,0.022,0.087,0.1,3.9545454545454546,4.545454545454546,0.044715036619916666,0.008020390744749988,0.04042918616751667,0.00373966873765,True,43.183342232991386
uptime-kuma,default,S1,min,GitHub Container Registry,1-core,False,10,0.002,0.0,0.0,0.0,0.0,0.004904984419500002,0.0049939752009333345,-0.00015170322433333183,0.0,False,
uptime-kuma,default,S1,min,GitHub Container Registry,1-core,False,100,0.002,0.0,0.0,0.0,0.0,0.004904984419500002,0.0049939752009333345,-0.00015170322433333183,0.0,False,
uptime-kuma,default,S1,min,GitHub Container Registry,1-core,False,1000,0.002,0.0,0.0,0.0,0.0,0.004904984419500002,0.0049939752009333345,-0.00015170322433333183,0.0,False,
uptime-kuma,default,S1,min,GitHub Container Registry,2-core,False,10,0.006,0.0,0.0,0.0,0.0,0.014714953258500005,0.014981925602800004,-0.0004551096729999955,0.0,False,
uptime-kuma,default,S1,min,GitHub Container Registry,2-core,False,100,0.006,0.0,0.0,0.0,0.0,0.014714953258500005,0.014981925602800004,-0.0004551096729999955,0.0,False,
uptime-kuma,default,S1,min,GitHub Container Registry,2-core,False,1000,0.006,0.0,0.0,0.0,0.0,0.014714953258500005,0.014981925602800004,-0.0004551096729999955,0.0,False,
uptime-kuma,default,S1,min,GitHub Container Registry,4-core,True,10,0.012,0.0,0.0,0.0,0.0,0.02942990651700001,0.02996385120560001,-0.000910219345999991,0.0,False,
uptime-kuma,default,S1,min,GitHub Container Registry,4-core,True,100,0.012,0.0,0.0,0.0,0.0,0.02942990651700001,0.02996385120560001,-0.000910219345999991,0.0,False,
uptime-kuma,default,S1,min,GitHub Container Registry,4-core,True,1000,0.012,0.0,0.0,0.0,0.0,0.02942990651700001,0.02996385120560001,-0.000910219345999991,0.0,False,
uptime-kuma,default,S1,min,GitHub Container Registry,8-core,False,10,0.022,0.0,0.0,0.0,0.0,0.05395482861450002,0.05493372721026668,-0.00166873546766665,0.0,False,
uptime-kuma,default,S1,min,GitHub Container Registry,8-core,False,100,0.022,0.0,0.0,0.0,0.0,0.05395482861450002,0.05493372721026668,-0.00166873546766665,0.0,False,
uptime-kuma,default,S1,min,GitHub Container Registry,8-core,False,1000,0.022,0.0,0.0,0.0,0.0,0.05395482861450002,0.05493372721026668,-0.00166873546766665,0.0,False,
uptime-kuma,default,S1,min,Amazon ECR,1-core,False,10,0.002,0.09,0.1,45.0,50.0,0.004904984419500002,0.006148809345933335,-0.00015170322433333183,0.001154834145,False,
uptime-kuma,default,S1,min,Amazon ECR,1-core,False,100,0.002,0.09,0.1,45.0,50.0,0.004904984419500002,0.005109466148433334,-0.00015170322433333183,0.0001154909475,False,
uptime-kuma,default,S1,min,Amazon ECR,1-core,False,1000,0.002,0.09,0.1,45.0,50.0,0.004904984419500002,0.005005531828683334,-0.00015170322433333183,1.155662775e-05,False,
uptime-kuma,default,S1,min,Amazon ECR,2-core,False,10,0.006,0.09,0.1,15.0,16.666666666666668,0.014714953258500005,0.016136759747800003,-0.0004551096729999955,0.001154834145,False,
uptime-kuma,default,S1,min,Amazon ECR,2-core,False,100,0.006,0.09,0.1,15.0,16.666666666666668,0.014714953258500005,0.015097416550300004,-0.0004551096729999955,0.0001154909475,False,
uptime-kuma,default,S1,min,Amazon ECR,2-core,False,1000,0.006,0.09,0.1,15.0,16.666666666666668,0.014714953258500005,0.014993482230550005,-0.0004551096729999955,1.155662775e-05,False,
uptime-kuma,default,S1,min,Amazon ECR,4-core,True,10,0.012,0.09,0.1,7.5,8.333333333333334,0.02942990651700001,0.031118685350600007,-0.000910219345999991,0.001154834145,False,
uptime-kuma,default,S1,min,Amazon ECR,4-core,True,100,0.012,0.09,0.1,7.5,8.333333333333334,0.02942990651700001,0.03007934215310001,-0.000910219345999991,0.0001154909475,False,
uptime-kuma,default,S1,min,Amazon ECR,4-core,True,1000,0.012,0.09,0.1,7.5,8.333333333333334,0.02942990651700001,0.02997540783335001,-0.000910219345999991,1.155662775e-05,False,
uptime-kuma,default,S1,min,Amazon ECR,8-core,False,10,0.022,0.09,0.1,4.090909090909091,4.545454545454546,0.05395482861450002,0.05608856135526668,-0.00166873546766665,0.001154834145,False,
uptime-kuma,default,S1,min,Amazon ECR,8-core,False,100,0.022,0.09,0.1,4.090909090909091,4.545454545454546,0.05395482861450002,0.05504921815776668,-0.00166873546766665,0.0001154909475,False,
uptime-kuma,default,S1,min,Amazon ECR,8-core,False,1000,0.022,0.09,0.1,4.090909090909091,4.545454545454546,0.05395482861450002,0.05494528383801668,-0.00166873546766665,1.155662775e-05,False,
uptime-kuma,default,S1,min,Google Artifact Registry,1-core,False,10,0.002,0.11175870895385742,0.09313225746154785,55.87935447692871,46.566128730773926,0.004904984419500002,0.006069500908498582,-0.00015170322433333183,0.0010755257075652478,False,
uptime-kuma,default,S1,min,Google Artifact Registry,1-core,False,100,0.002,0.11175870895385742,0.09313225746154785,55.87935447692871,46.566128730773926,0.004904984419500002,0.005101537125893799,-0.00015170322433333183,0.00010756192496046424,False,
uptime-kuma,default,S1,min,Google Artifact Registry,1-core,False,1000,0.002,0.11175870895385742,0.09313225746154785,55.87935447692871,46.566128730773926,0.004904984419500002,0.00500474074763332,-0.00015170322433333183,1.0765546699985862e-05,False,
uptime-kuma,default,S1,min,Google Artifact Registry,2-core,False,10,0.006,0.11175870895385742,0.09313225746154785,18.62645149230957,15.522042910257975,0.014714953258500005,0.01605745131036525,-0.0004551096729999955,0.0010755257075652478,False,
uptime-kuma,default,S1,min,Google Artifact Registry,2-core,False,100,0.006,0.11175870895385742,0.09313225746154785,18.62645149230957,15.522042910257975,0.014714953258500005,0.01508948752776047,-0.0004551096729999955,0.00010756192496046424,False,
uptime-kuma,default,S1,min,Google Artifact Registry,2-core,False,1000,0.006,0.11175870895385742,0.09313225746154785,18.62645149230957,15.522042910257975,0.014714953258500005,0.01499269114949999,-0.0004551096729999955,1.0765546699985862e-05,False,
uptime-kuma,default,S1,min,Google Artifact Registry,4-core,True,10,0.012,0.11175870895385742,0.09313225746154785,9.313225746154785,7.761021455128987,0.02942990651700001,0.031039376913165256,-0.000910219345999991,0.0010755257075652478,False,
uptime-kuma,default,S1,min,Google Artifact Registry,4-core,True,100,0.012,0.11175870895385742,0.09313225746154785,9.313225746154785,7.761021455128987,0.02942990651700001,0.030071413130560474,-0.000910219345999991,0.00010756192496046424,False,
uptime-kuma,default,S1,min,Google Artifact Registry,4-core,True,1000,0.012,0.11175870895385742,0.09313225746154785,9.313225746154785,7.761021455128987,0.02942990651700001,0.029974616752299996,-0.000910219345999991,1.0765546699985862e-05,False,
uptime-kuma,default,S1,min,Google Artifact Registry,8-core,False,10,0.022,0.11175870895385742,0.09313225746154785,5.079941316084429,4.233284430070357,0.05395482861450002,0.05600925291783193,-0.00166873546766665,0.0010755257075652478,False,
uptime-kuma,default,S1,min,Google Artifact Registry,8-core,False,100,0.022,0.11175870895385742,0.09313225746154785,5.079941316084429,4.233284430070357,0.05395482861450002,0.05504128913522714,-0.00166873546766665,0.00010756192496046424,False,
uptime-kuma,default,S1,min,Google Artifact Registry,8-core,False,1000,0.022,0.11175870895385742,0.09313225746154785,5.079941316084429,4.233284430070357,0.05395482861450002,0.05494449275696667,-0.00166873546766665,1.0765546699985862e-05,False,
uptime-kuma,default,S1,min,Azure Container Registry,1-core,False,10,0.002,0.087,0.1,43.49999999999999,50.0,0.004904984419500002,0.006148809066933335,-0.00015170322433333183,0.001154833866,False,
uptime-kuma,default,S1,min,Azure Container Registry,1-core,False,100,0.002,0.087,0.1,43.49999999999999,50.0,0.004904984419500002,0.005109465869433335,-0.00015170322433333183,0.0001154906685,False,
uptime-kuma,default,S1,min,Azure Container Registry,1-core,False,1000,0.002,0.087,0.1,43.49999999999999,50.0,0.004904984419500002,0.005005531549683334,-0.00015170322433333183,1.155634875e-05,False,
uptime-kuma,default,S1,min,Azure Container Registry,2-core,False,10,0.006,0.087,0.1,14.499999999999998,16.666666666666668,0.014714953258500005,0.016136759468800006,-0.0004551096729999955,0.001154833866,False,
uptime-kuma,default,S1,min,Azure Container Registry,2-core,False,100,0.006,0.087,0.1,14.499999999999998,16.666666666666668,0.014714953258500005,0.015097416271300004,-0.0004551096729999955,0.0001154906685,False,
uptime-kuma,default,S1,min,Azure Container Registry,2-core,False,1000,0.006,0.087,0.1,14.499999999999998,16.666666666666668,0.014714953258500005,0.014993481951550005,-0.0004551096729999955,1.155634875e-05,False,
uptime-kuma,default,S1,min,Azure Container Registry,4-core,True,10,0.012,0.087,0.1,7.249999999999999,8.333333333333334,0.02942990651700001,0.03111868507160001,-0.000910219345999991,0.001154833866,False,
uptime-kuma,default,S1,min,Azure Container Registry,4-core,True,100,0.012,0.087,0.1,7.249999999999999,8.333333333333334,0.02942990651700001,0.03007934187410001,-0.000910219345999991,0.0001154906685,False,
uptime-kuma,default,S1,min,Azure Container Registry,4-core,True,1000,0.012,0.087,0.1,7.249999999999999,8.333333333333334,0.02942990651700001,0.02997540755435001,-0.000910219345999991,1.155634875e-05,False,
uptime-kuma,default,S1,min,Azure Container Registry,8-core,False,10,0.022,0.087,0.1,3.9545454545454546,4.545454545454546,0.05395482861450002,0.05608856107626668,-0.00166873546766665,0.001154833866,False,
uptime-kuma,default,S1,min,Azure Container Registry,8-core,False,100,0.022,0.087,0.1,3.9545454545454546,4.545454545454546,0.05395482861450002,0.05504921787876668,-0.00166873546766665,0.0001154906685,False,
uptime-kuma,default,S1,min,Azure Container Registry,8-core,False,1000,0.022,0.087,0.1,3.9545454545454546,4.545454545454546,0.05395482861450002,0.05494528355901668,-0.00166873546766665,1.155634875e-05,False,
uptime-kuma,default,S1,max,GitHub Container Registry,1-core,False,10,0.002,0.0,0.0,0.0,0.0,0.004904984419500002,0.004446069257849998,0.00042936789623333505,0.0,True,0.7486273873631294
uptime-kuma,default,S1,max,GitHub Container Registry,1-core,False,100,0.002,0.0,0.0,0.0,0.0,0.004904984419500002,0.004446069257849998,0.00042936789623333505,0.0,True,0.7486273873631294
uptime-kuma,default,S1,max,GitHub Container Registry,1-core,False,1000,0.002,0.0,0.0,0.0,0.0,0.004904984419500002,0.004446069257849998,0.00042936789623333505,0.0,True,0.7486273873631294
uptime-kuma,default,S1,max,GitHub Container Registry,2-core,False,10,0.006,0.0,0.0,0.0,0.0,0.014714953258500005,0.013338207773549994,0.001288103688700005,0.0,True,0.7486273873631294
uptime-kuma,default,S1,max,GitHub Container Registry,2-core,False,100,0.006,0.0,0.0,0.0,0.0,0.014714953258500005,0.013338207773549994,0.001288103688700005,0.0,True,0.7486273873631294
uptime-kuma,default,S1,max,GitHub Container Registry,2-core,False,1000,0.006,0.0,0.0,0.0,0.0,0.014714953258500005,0.013338207773549994,0.001288103688700005,0.0,True,0.7486273873631294
uptime-kuma,default,S1,max,GitHub Container Registry,4-core,True,10,0.012,0.0,0.0,0.0,0.0,0.02942990651700001,0.02667641554709999,0.00257620737740001,0.0,True,0.7486273873631294
uptime-kuma,default,S1,max,GitHub Container Registry,4-core,True,100,0.012,0.0,0.0,0.0,0.0,0.02942990651700001,0.02667641554709999,0.00257620737740001,0.0,True,0.7486273873631294
uptime-kuma,default,S1,max,GitHub Container Registry,4-core,True,1000,0.012,0.0,0.0,0.0,0.0,0.02942990651700001,0.02667641554709999,0.00257620737740001,0.0,True,0.7486273873631294
uptime-kuma,default,S1,max,GitHub Container Registry,8-core,False,10,0.022,0.0,0.0,0.0,0.0,0.05395482861450002,0.048906761836349975,0.0047230468585666855,0.0,True,0.7486273873631294
uptime-kuma,default,S1,max,GitHub Container Registry,8-core,False,100,0.022,0.0,0.0,0.0,0.0,0.05395482861450002,0.048906761836349975,0.0047230468585666855,0.0,True,0.7486273873631294
uptime-kuma,default,S1,max,GitHub Container Registry,8-core,False,1000,0.022,0.0,0.0,0.0,0.0,0.05395482861450002,0.048906761836349975,0.0047230468585666855,0.0,True,0.7486273873631294
uptime-kuma,default,S1,max,Amazon ECR,1-core,False,10,0.002,0.09,0.1,45.0,50.0,0.004904984419500002,0.03436740121285,0.00042936789623333505,0.029921331955,False,-6.4209194381023345
uptime-kuma,default,S1,max,Amazon ECR,1-core,False,100,0.002,0.09,0.1,45.0,50.0,0.004904984419500002,0.03066658026985,0.00042936789623333505,0.026220511012,False,0.03167270481658304
uptime-kuma,default,S1,max,Amazon ECR,1-core,False,1000,0.002,0.09,0.1,45.0,50.0,0.004904984419500002,0.03029649817555,0.00042936789623333505,0.0258504289177,False,0.6769319191084748
uptime-kuma,default,S1,max,Amazon ECR,2-core,False,10,0.006,0.09,0.1,15.0,16.666666666666668,0.014714953258500005,0.04325953972855,0.001288103688700005,0.029921331955,False,-1.6412215544586923
uptime-kuma,default,S1,max,Amazon ECR,2-core,False,100,0.006,0.09,0.1,15.0,16.666666666666668,0.014714953258500005,0.03955871878554999,0.001288103688700005,0.026220511012,False,0.5096424931809472
uptime-kuma,default,S1,max,Amazon ECR,2-core,False,1000,0.006,0.09,0.1,15.0,16.666666666666668,0.014714953258500005,0.039188636691249994,0.001288103688700005,0.0258504289177,False,0.7247288979449112
uptime-kuma,default,S1,max,Amazon ECR,4-core,True,10,0.012,0.09,0.1,7.5,8.333333333333334,0.02942990651700001,0.05659774750209999,0.00257620737740001,0.029921331955,False,-0.4462970835477814
uptime-kuma,default,S1,max,Amazon ECR,4-core,True,100,0.012,0.09,0.1,7.5,8.333333333333334,0.02942990651700001,0.052896926559099985,0.00257620737740001,0.026220511012,False,0.6291349402720383
uptime-kuma,default,S1,max,Amazon ECR,4-core,True,1000,0.012,0.09,0.1,7.5,8.333333333333334,0.02942990651700001,0.05252684446479999,0.00257620737740001,0.0258504289177,False,0.7366781426540203
uptime-kuma,default,S1,max,Amazon ECR,8-core,False,10,0.022,0.09,0.1,4.090909090909091,4.545454545454546,0.05395482861450002,0.07882809379134997,0.0047230468585666855,0.029921331955,False,0.09685040322990544
uptime-kuma,default,S1,max,Amazon ECR,8-core,False,100,0.022,0.09,0.1,4.090909090909091,4.545454545454546,0.05395482861450002,0.07512727284834997,0.0047230468585666855,0.026220511012,False,0.6834496889498071
uptime-kuma,default,S1,max,Amazon ECR,8-core,False,1000,0.022,0.09,0.1,4.090909090909091,4.545454545454546,0.05395482861450002,0.07475719075404998,0.0047230468585666855,0.0258504289177,False,0.7421096175217973
uptime-kuma,default,S1,max,Google Artifact Registry,1-core,False,10,0.002,0.11175870895385742,0.09313225746154785,55.87935447692871,46.566128730773926,0.004904984419500002,0.040324745107958256,0.00042936789623333505,0.03587867585010826,False,-5.928533420955597
uptime-kuma,default,S1,max,Google Artifact Registry,1-core,False,100,0.002,0.11175870895385742,0.09313225746154785,55.87935447692871,46.566128730773926,0.004904984419500002,0.036878087019132616,0.00042936789623333505,0.03243201776128262,False,0.08091130653125674
uptime-kuma,default,S1,max,Google Artifact Registry,1-core,False,1000,0.002,0.11175870895385742,0.09313225746154785,55.87935447692871,46.566128730773926,0.004904984419500002,0.03653342121025005,0.00042936789623333505,0.032087351952400055,False,0.6818557792799422
uptime-kuma,default,S1,max,Google Artifact Registry,2-core,False,10,0.006,0.11175870895385742,0.09313225746154785,18.62645149230957,15.522042910257975,0.014714953258500005,0.04921688362365825,0.001288103688700005,0.03587867585010826,False,-1.4770928820764462
uptime-kuma,default,S1,max,Google Artifact Registry,2-core,False,100,0.006,0.11175870895385742,0.09313225746154785,18.62645149230957,15.522042910257975,0.014714953258500005,0.04577022553483261,0.001288103688700005,0.03243201776128262,False,0.5260553604191719
uptime-kuma,default,S1,max,Google Artifact Registry,2-core,False,1000,0.006,0.11175870895385742,0.09313225746154785,18.62645149230957,15.522042910257975,0.014714953258500005,0.04542555972595005,0.001288103688700005,0.032087351952400055,False,0.7263701846687337
uptime-kuma,default,S1,max,Google Artifact Registry,4-core,True,10,0.012,0.11175870895385742,0.09313225746154785,9.313225746154785,7.761021455128987,0.02942990651700001,0.06255509139720825,0.00257620737740001,0.03587867585010826,False,-0.36423274735665834
uptime-kuma,default,S1,max,Google Artifact Registry,4-core,True,100,0.012,0.11175870895385742,0.09313225746154785,9.313225746154785,7.761021455128987,0.02942990651700001,0.05910843330838261,0.00257620737740001,0.03243201776128262,False,0.6373413738911508
uptime-kuma,default,S1,max,Google Artifact Registry,4-core,True,1000,0.012,0.11175870895385742,0.09313225746154785,9.313225746154785,7.761021455128987,0.02942990651700001,0.05876376749950005,0.00257620737740001,0.032087351952400055,False,0.7374987860159316
uptime-kuma,default,S1,max,Google Artifact Registry,8-core,False,10,0.022,0.11175870895385742,0.09313225746154785,5.079941316084429,4.233284430070357,0.05395482861450002,0.08478543768645824,0.0047230468585666855,0.03587867585010826,False,0.1416127684250633
uptime-kuma,default,S1,max,Google Artifact Registry,8-core,False,100,0.022,0.11175870895385742,0.09313225746154785,5.079941316084429,4.233284430070357,0.05395482861450002,0.0813387795976326,0.0047230468585666855,0.03243201776128262,False,0.6879259254693227
uptime-kuma,default,S1,max,Google Artifact Registry,8-core,False,1000,0.022,0.11175870895385742,0.09313225746154785,5.079941316084429,4.233284430070357,0.05395482861450002,0.08099411378875003,0.0047230468585666855,0.032087351952400055,False,0.7425572411737488
uptime-kuma,default,S1,max,Azure Container Registry,1-core,False,10,0.002,0.087,0.1,43.49999999999999,50.0,0.004904984419500002,0.03350709092335,0.00042936789623333505,0.0290610216655,False,-6.4209194381023345
uptime-kuma,default,S1,max,Azure Container Registry,1-core,False,100,0.002,0.087,0.1,43.49999999999999,50.0,0.004904984419500002,0.02980626998035,0.00042936789623333505,0.0253602007225,False,0.03167270481658304
uptime-kuma,default,S1,max,Azure Container Registry,1-core,False,1000,0.002,0.087,0.1,43.49999999999999,50.0,0.004904984419500002,0.02943618788605,0.00042936789623333505,0.0249901186282,False,0.6769319191084748
uptime-kuma,default,S1,max,Azure Container Registry,2-core,False,10,0.006,0.087,0.1,14.499999999999998,16.666666666666668,0.014714953258500005,0.042399229439049994,0.001288103688700005,0.0290610216655,False,-1.6412215544586923
uptime-kuma,default,S1,max,Azure Container Registry,2-core,False,100,0.006,0.087,0.1,14.499999999999998,16.666666666666668,0.014714953258500005,0.038698408496049996,0.001288103688700005,0.0253602007225,False,0.5096424931809472
uptime-kuma,default,S1,max,Azure Container Registry,2-core,False,1000,0.006,0.087,0.1,14.499999999999998,16.666666666666668,0.014714953258500005,0.03832832640175,0.001288103688700005,0.0249901186282,False,0.7247288979449112
uptime-kuma,default,S1,max,Azure Container Registry,4-core,True,10,0.012,0.087,0.1,7.249999999999999,8.333333333333334,0.02942990651700001,0.055737437212599994,0.00257620737740001,0.0290610216655,False,-0.4462970835477814
uptime-kuma,default,S1,max,Azure Container Registry,4-core,True,100,0.012,0.087,0.1,7.249999999999999,8.333333333333334,0.02942990651700001,0.05203661626959999,0.00257620737740001,0.0253602007225,False,0.6291349402720383
uptime-kuma,default,S1,max,Azure Container Registry,4-core,True,1000,0.012,0.087,0.1,7.249999999999999,8.333333333333334,0.02942990651700001,0.05166653417529999,0.00257620737740001,0.0249901186282,False,0.7366781426540203
uptime-kuma,default,S1,max,Azure Container Registry,8-core,False,10,0.022,0.087,0.1,3.9545454545454546,4.545454545454546,0.05395482861450002,0.07796778350184998,0.0047230468585666855,0.0290610216655,False,0.09685040322990544
uptime-kuma,default,S1,max,Azure Container Registry,8-core,False,100,0.022,0.087,0.1,3.9545454545454546,4.545454545454546,0.05395482861450002,0.07426696255884997,0.0047230468585666855,0.0253602007225,False,0.6834496889498071
uptime-kuma,default,S1,max,Azure Container Registry,8-core,False,1000,0.022,0.087,0.1,3.9545454545454546,4.545454545454546,0.05395482861450002,0.07389688046454998,0.0047230468585666855,0.0249901186282,False,0.7421096175217973
uptime-kuma,default,S2,min,GitHub Container Registry,1-core,False,10,0.002,0.0,0.0,0.0,0.0,0.004855240761400001,0.004994529692499998,-0.00011522922823333298,0.0,False,
uptime-kuma,default,S2,min,GitHub Container Registry,1-core,False,100,0.002,0.0,0.0,0.0,0.0,0.004855240761400001,0.004994529692499998,-0.00011522922823333298,0.0,False,
uptime-kuma,default,S2,min,GitHub Container Registry,1-core,False,1000,0.002,0.0,0.0,0.0,0.0,0.004855240761400001,0.004994529692499998,-0.00011522922823333298,0.0,False,
uptime-kuma,default,S2,min,GitHub Container Registry,2-core,False,10,0.006,0.0,0.0,0.0,0.0,0.0145657222842,0.014983589077499993,-0.00034568768469999897,0.0,False,
uptime-kuma,default,S2,min,GitHub Container Registry,2-core,False,100,0.006,0.0,0.0,0.0,0.0,0.0145657222842,0.014983589077499993,-0.00034568768469999897,0.0,False,
uptime-kuma,default,S2,min,GitHub Container Registry,2-core,False,1000,0.006,0.0,0.0,0.0,0.0,0.0145657222842,0.014983589077499993,-0.00034568768469999897,0.0,False,
uptime-kuma,default,S2,min,GitHub Container Registry,4-core,True,10,0.012,0.0,0.0,0.0,0.0,0.0291314445684,0.029967178154999986,-0.0006913753693999979,0.0,False,
uptime-kuma,default,S2,min,GitHub Container Registry,4-core,True,100,0.012,0.0,0.0,0.0,0.0,0.0291314445684,0.029967178154999986,-0.0006913753693999979,0.0,False,
uptime-kuma,default,S2,min,GitHub Container Registry,4-core,True,1000,0.012,0.0,0.0,0.0,0.0,0.0291314445684,0.029967178154999986,-0.0006913753693999979,0.0,False,
uptime-kuma,default,S2,min,GitHub Container Registry,8-core,False,10,0.022,0.0,0.0,0.0,0.0,0.0534076483754,0.05493982661749997,-0.0012675215105666627,0.0,False,
uptime-kuma,default,S2,min,GitHub Container Registry,8-core,False,100,0.022,0.0,0.0,0.0,0.0,0.0534076483754,0.05493982661749997,-0.0012675215105666627,0.0,False,
uptime-kuma,default,S2,min,GitHub Container Registry,8-core,False,1000,0.022,0.0,0.0,0.0,0.0,0.0534076483754,0.05493982661749997,-0.0012675215105666627,0.0,False,
uptime-kuma,default,S2,min,Amazon ECR,1-core,False,10,0.002,0.09,0.1,45.0,50.0,0.004855240761400001,0.006149370472499998,-0.00011522922823333298,0.00115484078,False,
uptime-kuma,default,S2,min,Amazon ECR,1-core,False,100,0.002,0.09,0.1,45.0,50.0,0.004855240761400001,0.005110021303499998,-0.00011522922823333298,0.00011549161100000001,False,
uptime-kuma,default,S2,min,Amazon ECR,1-core,False,1000,0.002,0.09,0.1,45.0,50.0,0.004855240761400001,0.0050060863865999975,-0.00011522922823333298,1.15566941e-05,False,
uptime-kuma,default,S2,min,Amazon ECR,2-core,False,10,0.006,0.09,0.1,15.0,16.666666666666668,0.0145657222842,0.016138429857499994,-0.00034568768469999897,0.00115484078,False,
uptime-kuma,default,S2,min,Amazon ECR,2-core,False,100,0.006,0.09,0.1,15.0,16.666666666666668,0.0145657222842,0.015099080688499992,-0.00034568768469999897,0.00011549161100000001,False,
uptime-kuma,default,S2,min,Amazon ECR,2-core,False,1000,0.006,0.09,0.1,15.0,16.666666666666668,0.0145657222842,0.014995145771599994,-0.00034568768469999897,1.15566941e-05,False,
uptime-kuma,default,S2,min,Amazon ECR,4-core,True,10,0.012,0.09,0.1,7.5,8.333333333333334,0.0291314445684,0.031122018934999985,-0.0006913753693999979,0.00115484078,False,
uptime-kuma,default,S2,min,Amazon ECR,4-core,True,100,0.012,0.09,0.1,7.5,8.333333333333334,0.0291314445684,0.030082669765999985,-0.0006913753693999979,0.00011549161100000001,False,
uptime-kuma,default,S2,min,Amazon ECR,4-core,True,1000,0.012,0.09,0.1,7.5,8.333333333333334,0.0291314445684,0.029978734849099985,-0.0006913753693999979,1.15566941e-05,False,
uptime-kuma,default,S2,min,Amazon ECR,8-core,False,10,0.022,0.09,0.1,4.090909090909091,4.545454545454546,0.0534076483754,0.05609466739749997,-0.0012675215105666627,0.00115484078,False,
uptime-kuma,default,S2,min,Amazon ECR,8-core,False,100,0.022,0.09,0.1,4.090909090909091,4.545454545454546,0.0534076483754,0.055055318228499975,-0.0012675215105666627,0.00011549161100000001,False,
uptime-kuma,default,S2,min,Amazon ECR,8-core,False,1000,0.022,0.09,0.1,4.090909090909091,4.545454545454546,0.0534076483754,0.054951383311599974,-0.0012675215105666627,1.15566941e-05,False,
uptime-kuma,default,S2,min,Google Artifact Registry,1-core,False,10,0.002,0.11175870895385742,0.09313225746154785,55.87935447692871,46.566128730773926,0.004855240761400001,0.0060700615793905285,-0.00011522922823333298,0.0010755318868905304,False,
uptime-kuma,default,S2,min,Google Artifact Registry,1-core,False,100,0.002,0.11175870895385742,0.09313225746154785,55.87935447692871,46.566128730773926,0.004855240761400001,0.00510209223539299,-0.00011522922823333298,0.0001075625428929925,False,
uptime-kuma,default,S2,min,Google Artifact Registry,1-core,False,1000,0.002,0.11175870895385742,0.09313225746154785,55.87935447692871,46.566128730773926,0.004855240761400001,0.005005295300993236,-0.00011522922823333298,1.0765608493238687e-05,False,
uptime-kuma,default,S2,min,Google Artifact Registry,2-core,False,10,0.006,0.11175870895385742,0.09313225746154785,18.62645149230957,15.522042910257975,0.0145657222842,0.016059120964390522,-0.00034568768469999897,0.0010755318868905304,False,
uptime-kuma,default,S2,min,Google Artifact Registry,2-core,False,100,0.006,0.11175870895385742,0.09313225746154785,18.62645149230957,15.522042910257975,0.0145657222842,0.015091151620392986,-0.00034568768469999897,0.0001075625428929925,False,
uptime-kuma,default,S2,min,Google Artifact Registry,2-core,False,1000,0.006,0.11175870895385742,0.09313225746154785,18.62645149230957,15.522042910257975,0.0145657222842,0.01499435468599323,-0.00034568768469999897,1.0765608493238687e-05,False,
uptime-kuma,default,S2,min,Google Artifact Registry,4-core,True,10,0.012,0.11175870895385742,0.09313225746154785,9.313225746154785,7.761021455128987,0.0291314445684,0.031042710041890516,-0.0006913753693999979,0.0010755318868905304,False,
uptime-kuma,default,S2,min,Google Artifact Registry,4-core,True,100,0.012,0.11175870895385742,0.09313225746154785,9.313225746154785,7.761021455128987,0.0291314445684,0.03007474069789298,-0.0006913753693999979,0.0001075625428929925,False,
uptime-kuma,default,S2,min,Google Artifact Registry,4-core,True,1000,0.012,0.11175870895385742,0.09313225746154785,9.313225746154785,7.761021455128987,0.0291314445684,0.029977943763493223,-0.0006913753693999979,1.0765608493238687e-05,False,
uptime-kuma,default,S2,min,Google Artifact Registry,8-core,False,10,0.022,0.11175870895385742,0.09313225746154785,5.079941316084429,4.233284430070357,0.0534076483754,0.0560153585043905,-0.0012675215105666627,0.0010755318868905304,False,
uptime-kuma,default,S2,min,Google Artifact Registry,8-core,False,100,0.022,0.11175870895385742,0.09313225746154785,5.079941316084429,4.233284430070357,0.0534076483754,0.055047389160392965,-0.0012675215105666627,0.0001075625428929925,False,
uptime-kuma,default,S2,min,Google Artifact Registry,8-core,False,1000,0.022,0.11175870895385742,0.09313225746154785,5.079941316084429,4.233284430070357,0.0534076483754,0.05495059222599321,-0.0012675215105666627,1.0765608493238687e-05,False,
uptime-kuma,default,S2,min,Azure Container Registry,1-core,False,10,0.002,0.087,0.1,43.49999999999999,50.0,0.004855240761400001,0.006149370193499998,-0.00011522922823333298,0.001154840501,False,
uptime-kuma,default,S2,min,Azure Container Registry,1-core,False,100,0.002,0.087,0.1,43.49999999999999,50.0,0.004855240761400001,0.005110021024499998,-0.00011522922823333298,0.00011549133200000001,False,
uptime-kuma,default,S2,min,Azure Container Registry,1-core,False,1000,0.002,0.087,0.1,43.49999999999999,50.0,0.004855240761400001,0.005006086107599997,-0.00011522922823333298,1.15564151e-05,False,
uptime-kuma,default,S2,min,Azure Container Registry,2-core,False,10,0.006,0.087,0.1,14.499999999999998,16.666666666666668,0.0145657222842,0.016138429578499994,-0.00034568768469999897,0.001154840501,False,
uptime-kuma,default,S2,min,Azure Container Registry,2-core,False,100,0.006,0.087,0.1,14.499999999999998,16.666666666666668,0.0145657222842,0.015099080409499992,-0.00034568768469999897,0.00011549133200000001,False,
uptime-kuma,default,S2,min,Azure Container Registry,2-core,False,1000,0.006,0.087,0.1,14.499999999999998,16.666666666666668,0.0145657222842,0.014995145492599993,-0.00034568768469999897,1.15564151e-05,False,
uptime-kuma,default,S2,min,Azure Container Registry,4-core,True,10,0.012,0.087,0.1,7.249999999999999,8.333333333333334,0.0291314445684,0.031122018655999985,-0.0006913753693999979,0.001154840501,False,
uptime-kuma,default,S2,min,Azure Container Registry,4-core,True,100,0.012,0.087,0.1,7.249999999999999,8.333333333333334,0.0291314445684,0.030082669486999985,-0.0006913753693999979,0.00011549133200000001,False,
uptime-kuma,default,S2,min,Azure Container Registry,4-core,True,1000,0.012,0.087,0.1,7.249999999999999,8.333333333333334,0.0291314445684,0.029978734570099985,-0.0006913753693999979,1.15564151e-05,False,
uptime-kuma,default,S2,min,Azure Container Registry,8-core,False,10,0.022,0.087,0.1,3.9545454545454546,4.545454545454546,0.0534076483754,0.056094667118499975,-0.0012675215105666627,0.001154840501,False,
uptime-kuma,default,S2,min,Azure Container Registry,8-core,False,100,0.022,0.087,0.1,3.9545454545454546,4.545454545454546,0.0534076483754,0.05505531794949997,-0.0012675215105666627,0.00011549133200000001,False,
uptime-kuma,default,S2,min,Azure Container Registry,8-core,False,1000,0.022,0.087,0.1,3.9545454545454546,4.545454545454546,0.0534076483754,0.05495138303259997,-0.0012675215105666627,1.15564151e-05,False,
uptime-kuma,default,S2,max,GitHub Container Registry,1-core,False,10,0.002,0.0,0.0,0.0,0.0,0.004855240761400001,0.0052945537891666665,-0.00041455426253333673,0.0,False,
uptime-kuma,default,S2,max,GitHub Container Registry,1-core,False,100,0.002,0.0,0.0,0.0,0.0,0.004855240761400001,0.0052945537891666665,-0.00041455426253333673,0.0,False,
uptime-kuma,default,S2,max,GitHub Container Registry,1-core,False,1000,0.002,0.0,0.0,0.0,0.0,0.004855240761400001,0.0052945537891666665,-0.00041455426253333673,0.0,False,
uptime-kuma,default,S2,max,GitHub Container Registry,2-core,False,10,0.006,0.0,0.0,0.0,0.0,0.0145657222842,0.0158836613675,-0.0012436627876000101,0.0,False,
uptime-kuma,default,S2,max,GitHub Container Registry,2-core,False,100,0.006,0.0,0.0,0.0,0.0,0.0145657222842,0.0158836613675,-0.0012436627876000101,0.0,False,
uptime-kuma,default,S2,max,GitHub Container Registry,2-core,False,1000,0.006,0.0,0.0,0.0,0.0,0.0145657222842,0.0158836613675,-0.0012436627876000101,0.0,False,
uptime-kuma,default,S2,max,GitHub Container Registry,4-core,True,10,0.012,0.0,0.0,0.0,0.0,0.0291314445684,0.031767322735,-0.0024873255752000203,0.0,False,
uptime-kuma,default,S2,max,GitHub Container Registry,4-core,True,100,0.012,0.0,0.0,0.0,0.0,0.0291314445684,0.031767322735,-0.0024873255752000203,0.0,False,
uptime-kuma,default,S2,max,GitHub Container Registry,4-core,True,1000,0.012,0.0,0.0,0.0,0.0,0.0291314445684,0.031767322735,-0.0024873255752000203,0.0,False,
uptime-kuma,default,S2,max,GitHub Container Registry,8-core,False,10,0.022,0.0,0.0,0.0,0.0,0.0534076483754,0.05824009168083333,-0.004560096887866703,0.0,False,
uptime-kuma,default,S2,max,GitHub Container Registry,8-core,False,100,0.022,0.0,0.0,0.0,0.0,0.0534076483754,0.05824009168083333,-0.004560096887866703,0.0,False,
uptime-kuma,default,S2,max,GitHub Container Registry,8-core,False,1000,0.022,0.0,0.0,0.0,0.0,0.0534076483754,0.05824009168083333,-0.004560096887866703,0.0,False,
uptime-kuma,default,S2,max,Amazon ECR,1-core,False,10,0.002,0.09,0.1,45.0,50.0,0.004855240761400001,0.019804842694166665,-0.00041455426253333673,0.014510288904999998,False,
uptime-kuma,default,S2,max,Amazon ECR,1-core,False,100,0.002,0.09,0.1,45.0,50.0,0.004855240761400001,0.016105690769666663,-0.00041455426253333673,0.010811136980499998,False,
uptime-kuma,default,S2,max,Amazon ECR,1-core,False,1000,0.002,0.09,0.1,45.0,50.0,0.004855240761400001,0.015735775577216664,-0.00041455426253333673,0.010441221788049999,False,
uptime-kuma,default,S2,max,Amazon ECR,2-core,False,10,0.006,0.09,0.1,15.0,16.666666666666668,0.0145657222842,0.030393950272499998,-0.0012436627876000101,0.014510288904999998,False,
uptime-kuma,default,S2,max,Amazon ECR,2-core,False,100,0.006,0.09,0.1,15.0,16.666666666666668,0.0145657222842,0.026694798347999996,-0.0012436627876000101,0.010811136980499998,False,
uptime-kuma,default,S2,max,Amazon ECR,2-core,False,1000,0.006,0.09,0.1,15.0,16.666666666666668,0.0145657222842,0.026324883155549997,-0.0012436627876000101,0.010441221788049999,False,
uptime-kuma,default,S2,max,Amazon ECR,4-core,True,10,0.012,0.09,0.1,7.5,8.333333333333334,0.0291314445684,0.046277611639999994,-0.0024873255752000203,0.014510288904999998,False,
uptime-kuma,default,S2,max,Amazon ECR,4-core,True,100,0.012,0.09,0.1,7.5,8.333333333333334,0.0291314445684,0.0425784597155,-0.0024873255752000203,0.010811136980499998,False,
uptime-kuma,default,S2,max,Amazon ECR,4-core,True,1000,0.012,0.09,0.1,7.5,8.333333333333334,0.0291314445684,0.04220854452305,-0.0024873255752000203,0.010441221788049999,False,
uptime-kuma,default,S2,max,Amazon ECR,8-core,False,10,0.022,0.09,0.1,4.090909090909091,4.545454545454546,0.0534076483754,0.07275038058583333,-0.004560096887866703,0.014510288904999998,False,
uptime-kuma,default,S2,max,Amazon ECR,8-core,False,100,0.022,0.09,0.1,4.090909090909091,4.545454545454546,0.0534076483754,0.06905122866133333,-0.004560096887866703,0.010811136980499998,False,
uptime-kuma,default,S2,max,Amazon ECR,8-core,False,1000,0.022,0.09,0.1,4.090909090909091,4.545454545454546,0.0534076483754,0.06868131346888333,-0.004560096887866703,0.010441221788049999,False,
uptime-kuma,default,S2,max,Google Artifact Registry,1-core,False,10,0.002,0.11175870895385742,0.09313225746154785,55.87935447692871,46.566128730773926,0.004855240761400001,0.02203693561986641,-0.00041455426253333673,0.016742381830699742,False,
uptime-kuma,default,S2,max,Google Artifact Registry,1-core,False,100,0.002,0.11175870895385742,0.09313225746154785,55.87935447692871,46.566128730773926,0.004855240761400001,0.018591831925647263,-0.00041455426253333673,0.013297278136480599,False,
uptime-kuma,default,S2,max,Google Artifact Registry,1-core,False,1000,0.002,0.11175870895385742,0.09313225746154785,55.87935447692871,46.566128730773926,0.004855240761400001,0.01824732155622535,-0.00041455426253333673,0.012952767767058684,False,
uptime-kuma,default,S2,max,Google Artifact Registry,2-core,False,10,0.006,0.11175870895385742,0.09313225746154785,18.62645149230957,15.522042910257975,0.0145657222842,0.03262604319819974,-0.0012436627876000101,0.016742381830699742,False,
uptime-kuma,default,S2,max,Google Artifact Registry,2-core,False,100,0.006,0.11175870895385742,0.09313225746154785,18.62645149230957,15.522042910257975,0.0145657222842,0.029180939503980596,-0.0012436627876000101,0.013297278136480599,False,
uptime-kuma,default,S2,max,Google Artifact Registry,2-core,False,1000,0.006,0.11175870895385742,0.09313225746154785,18.62645149230957,15.522042910257975,0.0145657222842,0.028836429134558684,-0.0012436627876000101,0.012952767767058684,False,
uptime-kuma,default,S2,max,Google Artifact Registry,4-core,True,10,0.012,0.11175870895385742,0.09313225746154785,9.313225746154785,7.761021455128987,0.0291314445684,0.04850970456569974,-0.0024873255752000203,0.016742381830699742,False,
uptime-kuma,default,S2,max,Google Artifact Registry,4-core,True,100,0.012,0.11175870895385742,0.09313225746154785,9.313225746154785,7.761021455128987,0.0291314445684,0.0450646008714806,-0.0024873255752000203,0.013297278136480599,False,
uptime-kuma,default,S2,max,Google Artifact Registry,4-core,True,1000,0.012,0.11175870895385742,0.09313225746154785,9.313225746154785,7.761021455128987,0.0291314445684,0.04472009050205868,-0.0024873255752000203,0.012952767767058684,False,
uptime-kuma,default,S2,max,Google Artifact Registry,8-core,False,10,0.022,0.11175870895385742,0.09313225746154785,5.079941316084429,4.233284430070357,0.0534076483754,0.07498247351153307,-0.004560096887866703,0.016742381830699742,False,
uptime-kuma,default,S2,max,Google Artifact Registry,8-core,False,100,0.022,0.11175870895385742,0.09313225746154785,5.079941316084429,4.233284430070357,0.0534076483754,0.07153736981731393,-0.004560096887866703,0.013297278136480599,False,
uptime-kuma,default,S2,max,Google Artifact Registry,8-core,False,1000,0.022,0.11175870895385742,0.09313225746154785,5.079941316084429,4.233284430070357,0.0534076483754,0.07119285944789201,-0.004560096887866703,0.012952767767058684,False,
uptime-kuma,default,S2,max,Azure Container Registry,1-core,False,10,0.002,0.087,0.1,43.49999999999999,50.0,0.004855240761400001,0.019458172024166664,-0.00041455426253333673,0.014163618234999998,False,
uptime-kuma,default,S2,max,Azure Container Registry,1-core,False,100,0.002,0.087,0.1,43.49999999999999,50.0,0.004855240761400001,0.015759020099666662,-0.00041455426253333673,0.010464466310499998,False,
uptime-kuma,default,S2,max,Azure Container Registry,1-core,False,1000,0.002,0.087,0.1,43.49999999999999,50.0,0.004855240761400001,0.015389104907216665,-0.00041455426253333673,0.010094551118049999,False,
uptime-kuma,default,S2,max,Azure Container Registry,2-core,False,10,0.006,0.087,0.1,14.499999999999998,16.666666666666668,0.0145657222842,0.030047279602499997,-0.0012436627876000101,0.014163618234999998,False,
uptime-kuma,default,S2,max,Azure Container Registry,2-core,False,100,0.006,0.087,0.1,14.499999999999998,16.666666666666668,0.0145657222842,0.026348127677999995,-0.0012436627876000101,0.010464466310499998,False,
uptime-kuma,default,S2,max,Azure Container Registry,2-core,False,1000,0.006,0.087,0.1,14.499999999999998,16.666666666666668,0.0145657222842,0.025978212485549997,-0.0012436627876000101,0.010094551118049999,False,
uptime-kuma,default,S2,max,Azure Container Registry,4-core,True,10,0.012,0.087,0.1,7.249999999999999,8.333333333333334,0.0291314445684,0.04593094097,-0.0024873255752000203,0.014163618234999998,False,
uptime-kuma,default,S2,max,Azure Container Registry,4-core,True,100,0.012,0.087,0.1,7.249999999999999,8.333333333333334,0.0291314445684,0.0422317890455,-0.0024873255752000203,0.010464466310499998,False,
uptime-kuma,default,S2,max,Azure Container Registry,4-core,True,1000,0.012,0.087,0.1,7.249999999999999,8.333333333333334,0.0291314445684,0.04186187385305,-0.0024873255752000203,0.010094551118049999,False,
uptime-kuma,default,S2,max,Azure Container Registry,8-core,False,10,0.022,0.087,0.1,3.9545454545454546,4.545454545454546,0.0534076483754,0.07240370991583332,-0.004560096887866703,0.014163618234999998,False,
uptime-kuma,default,S2,max,Azure Container Registry,8-core,False,100,0.022,0.087,0.1,3.9545454545454546,4.545454545454546,0.0534076483754,0.06870455799133332,-0.004560096887866703,0.010464466310499998,False,
uptime-kuma,default,S2,max,Azure Container Registry,8-core,False,1000,0.022,0.087,0.1,3.9545454545454546,4.545454545454546,0.0534076483754,0.06833464279888332,-0.004560096887866703,0.010094551118049999,False,
uptime-kuma,default,S3,min,GitHub Container Registry,1-core,False,10,0.002,0.0,0.0,0.0,0.0,0.004931703643699999,0.005164780076749999,-0.0001927788023333335,0.0,False,
uptime-kuma,default,S3,min,GitHub Container Registry,1-core,False,100,0.002,0.0,0.0,0.0,0.0,0.004931703643699999,0.005164780076749999,-0.0001927788023333335,0.0,False,
uptime-kuma,default,S3,min,GitHub Container Registry,1-core,False,1000,0.002,0.0,0.0,0.0,0.0,0.004931703643699999,0.005164780076749999,-0.0001927788023333335,0.0,False,
uptime-kuma,default,S3,min,GitHub Container Registry,2-core,False,10,0.006,0.0,0.0,0.0,0.0,0.014795110931099996,0.015494340230249997,-0.0005783364070000005,0.0,False,
uptime-kuma,default,S3,min,GitHub Container Registry,2-core,False,100,0.006,0.0,0.0,0.0,0.0,0.014795110931099996,0.015494340230249997,-0.0005783364070000005,0.0,False,
uptime-kuma,default,S3,min,GitHub Container Registry,2-core,False,1000,0.006,0.0,0.0,0.0,0.0,0.014795110931099996,0.015494340230249997,-0.0005783364070000005,0.0,False,
uptime-kuma,default,S3,min,GitHub Container Registry,4-core,True,10,0.012,0.0,0.0,0.0,0.0,0.029590221862199992,0.030988680460499993,-0.001156672814000001,0.0,False,
uptime-kuma,default,S3,min,GitHub Container Registry,4-core,True,100,0.012,0.0,0.0,0.0,0.0,0.029590221862199992,0.030988680460499993,-0.001156672814000001,0.0,False,
uptime-kuma,default,S3,min,GitHub Container Registry,4-core,True,1000,0.012,0.0,0.0,0.0,0.0,0.029590221862199992,0.030988680460499993,-0.001156672814000001,0.0,False,
uptime-kuma,default,S3,min,GitHub Container Registry,8-core,False,10,0.022,0.0,0.0,0.0,0.0,0.054248740080699985,0.056812580844249984,-0.0021205668256666682,0.0,False,
uptime-kuma,default,S3,min,GitHub Container Registry,8-core,False,100,0.022,0.0,0.0,0.0,0.0,0.054248740080699985,0.056812580844249984,-0.0021205668256666682,0.0,False,
uptime-kuma,default,S3,min,GitHub Container Registry,8-core,False,1000,0.022,0.0,0.0,0.0,0.0,0.054248740080699985,0.056812580844249984,-0.0021205668256666682,0.0,False,
uptime-kuma,default,S3,min,Amazon ECR,1-core,False,10,0.002,0.09,0.1,45.0,50.0,0.004931703643699999,0.006319623691749998,-0.0001927788023333335,0.001154843615,False,
uptime-kuma,default,S3,min,Amazon ECR,1-core,False,100,0.002,0.09,0.1,45.0,50.0,0.004931703643699999,0.005280271971249998,-0.0001927788023333335,0.00011549189450000001,False,
uptime-kuma,default,S3,min,Amazon ECR,1-core,False,1000,0.002,0.09,0.1,45.0,50.0,0.004931703643699999,0.005176336799199999,-0.0001927788023333335,1.155672245e-05,False,
uptime-kuma,default,S3,min,Amazon ECR,2-core,False,10,0.006,0.09,0.1,15.0,16.666666666666668,0.014795110931099996,0.016649183845249996,-0.0005783364070000005,0.001154843615,False,
uptime-kuma,default,S3,min,Amazon ECR,2-core,False,100,0.006,0.09,0.1,15.0,16.666666666666668,0.014795110931099996,0.015609832124749997,-0.0005783364070000005,0.00011549189450000001,False,
uptime-kuma,default,S3,min,Amazon ECR,2-core,False,1000,0.006,0.09,0.1,15.0,16.666666666666668,0.014795110931099996,0.015505896952699997,-0.0005783364070000005,1.155672245e-05,False,
uptime-kuma,default,S3,min,Amazon ECR,4-core,True,10,0.012,0.09,0.1,7.5,8.333333333333334,0.029590221862199992,0.032143524075499995,-0.001156672814000001,0.001154843615,False,
uptime-kuma,default,S3,min,Amazon ECR,4-core,True,100,0.012,0.09,0.1,7.5,8.333333333333334,0.029590221862199992,0.031104172354999994,-0.001156672814000001,0.00011549189450000001,False,
uptime-kuma,default,S3,min,Amazon ECR,4-core,True,1000,0.012,0.09,0.1,7.5,8.333333333333334,0.029590221862199992,0.031000237182949992,-0.001156672814000001,1.155672245e-05,False,
uptime-kuma,default,S3,min,Amazon ECR,8-core,False,10,0.022,0.09,0.1,4.090909090909091,4.545454545454546,0.054248740080699985,0.05796742445924998,-0.0021205668256666682,0.001154843615,False,
uptime-kuma,default,S3,min,Amazon ECR,8-core,False,100,0.022,0.09,0.1,4.090909090909091,4.545454545454546,0.054248740080699985,0.05692807273874998,-0.0021205668256666682,0.00011549189450000001,False,
uptime-kuma,default,S3,min,Amazon ECR,8-core,False,1000,0.022,0.09,0.1,4.090909090909091,4.545454545454546,0.054248740080699985,0.05682413756669998,-0.0021205668256666682,1.155672245e-05,False,
uptime-kuma,default,S3,min,Google Artifact Registry,1-core,False,10,0.002,0.11175870895385742,0.09313225746154785,55.87935447692871,46.566128730773926,0.004931703643699999,0.0062403146039400285,-0.0001927788023333335,0.0010755345271900296,False,
uptime-kuma,default,S3,min,Google Artifact Registry,1-core,False,100,0.002,0.11175870895385742,0.09313225746154785,55.87935447692871,46.566128730773926,0.004931703643699999,0.005272342883672941,-0.0001927788023333335,0.00010756280692294242,False,
uptime-kuma,default,S3,min,Google Artifact Registry,1-core,False,1000,0.002,0.11175870895385742,0.09313225746154785,55.87935447692871,46.566128730773926,0.004931703643699999,0.0051755457116462325,-0.0001927788023333335,1.0765634896233678e-05,False,
uptime-kuma,default,S3,min,Google Artifact Registry,2-core,False,10,0.006,0.11175870895385742,0.09313225746154785,18.62645149230957,15.522042910257975,0.014795110931099996,0.016569874757440026,-0.0005783364070000005,0.0010755345271900296,False,
uptime-kuma,default,S3,min,Google Artifact Registry,2-core,False,100,0.006,0.11175870895385742,0.09313225746154785,18.62645149230957,15.522042910257975,0.014795110931099996,0.015601903037172939,-0.0005783364070000005,0.00010756280692294242,False,
uptime-kuma,default,S3,min,Google Artifact Registry,2-core,False,1000,0.006,0.11175870895385742,0.09313225746154785,18.62645149230957,15.522042910257975,0.014795110931099996,0.01550510586514623,-0.0005783364070000005,1.0765634896233678e-05,False,
uptime-kuma,default,S3,min,Google Artifact Registry,4-core,True,10,0.012,0.11175870895385742,0.09313225746154785,9.313225746154785,7.761021455128987,0.029590221862199992,0.03206421498769002,-0.001156672814000001,0.0010755345271900296,False,
uptime-kuma,default,S3,min,Google Artifact Registry,4-core,True,100,0.012,0.11175870895385742,0.09313225746154785,9.313225746154785,7.761021455128987,0.029590221862199992,0.031096243267422937,-0.001156672814000001,0.00010756280692294242,False,
uptime-kuma,default,S3,min,Google Artifact Registry,4-core,True,1000,0.012,0.11175870895385742,0.09313225746154785,9.313225746154785,7.761021455128987,0.029590221862199992,0.030999446095396226,-0.001156672814000001,1.0765634896233678e-05,False,
uptime-kuma,default,S3,min,Google Artifact Registry,8-core,False,10,0.022,0.11175870895385742,0.09313225746154785,5.079941316084429,4.233284430070357,0.054248740080699985,0.057888115371440015,-0.0021205668256666682,0.0010755345271900296,False,
uptime-kuma,default,S3,min,Google Artifact Registry,8-core,False,100,0.022,0.11175870895385742,0.09313225746154785,5.079941316084429,4.233284430070357,0.054248740080699985,0.05692014365117293,-0.0021205668256666682,0.00010756280692294242,False,
uptime-kuma,default,S3,min,Google Artifact Registry,8-core,False,1000,0.022,0.11175870895385742,0.09313225746154785,5.079941316084429,4.233284430070357,0.054248740080699985,0.05682334647914622,-0.0021205668256666682,1.0765634896233678e-05,False,
uptime-kuma,default,S3,min,Azure Container Registry,1-core,False,10,0.002,0.087,0.1,43.49999999999999,50.0,0.004931703643699999,0.006319623412749999,-0.0001927788023333335,0.001154843336,False,
uptime-kuma,default,S3,min,Azure Container Registry,1-core,False,100,0.002,0.087,0.1,43.49999999999999,50.0,0.004931703643699999,0.005280271692249998,-0.0001927788023333335,0.00011549161550000002,False,
uptime-kuma,default,S3,min,Azure Container Registry,1-core,False,1000,0.002,0.087,0.1,43.49999999999999,50.0,0.004931703643699999,0.005176336520199999,-0.0001927788023333335,1.155644345e-05,False,
uptime-kuma,default,S3,min,Azure Container Registry,2-core,False,10,0.006,0.087,0.1,14.499999999999998,16.666666666666668,0.014795110931099996,0.016649183566249996,-0.0005783364070000005,0.001154843336,False,
uptime-kuma,default,S3,min,Azure Container Registry,2-core,False,100,0.006,0.087,0.1,14.499999999999998,16.666666666666668,0.014795110931099996,0.015609831845749997,-0.0005783364070000005,0.00011549161550000002,False,
uptime-kuma,default,S3,min,Azure Container Registry,2-core,False,1000,0.006,0.087,0.1,14.499999999999998,16.666666666666668,0.014795110931099996,0.015505896673699997,-0.0005783364070000005,1.155644345e-05,False,
uptime-kuma,default,S3,min,Azure Container Registry,4-core,True,10,0.012,0.087,0.1,7.249999999999999,8.333333333333334,0.029590221862199992,0.03214352379649999,-0.001156672814000001,0.001154843336,False,
uptime-kuma,default,S3,min,Azure Container Registry,4-core,True,100,0.012,0.087,0.1,7.249999999999999,8.333333333333334,0.029590221862199992,0.031104172075999994,-0.001156672814000001,0.00011549161550000002,False,
uptime-kuma,default,S3,min,Azure Container Registry,4-core,True,1000,0.012,0.087,0.1,7.249999999999999,8.333333333333334,0.029590221862199992,0.03100023690394999,-0.001156672814000001,1.155644345e-05,False,
uptime-kuma,default,S3,min,Azure Container Registry,8-core,False,10,0.022,0.087,0.1,3.9545454545454546,4.545454545454546,0.054248740080699985,0.057967424180249985,-0.0021205668256666682,0.001154843336,False,
uptime-kuma,default,S3,min,Azure Container Registry,8-core,False,100,0.022,0.087,0.1,3.9545454545454546,4.545454545454546,0.054248740080699985,0.056928072459749984,-0.0021205668256666682,0.00011549161550000002,False,
uptime-kuma,default,S3,min,Azure Container Registry,8-core,False,1000,0.022,0.087,0.1,3.9545454545454546,4.545454545454546,0.054248740080699985,0.056824137287699986,-0.0021205668256666682,1.155644345e-05,False,
uptime-kuma,default,S3,max,GitHub Container Registry,1-core,False,10,0.002,0.0,0.0,0.0,0.0,0.004931703643699999,0.005750204000633333,-0.000817739090983332,0.0,False,
uptime-kuma,default,S3,max,GitHub Container Registry,1-core,False,100,0.002,0.0,0.0,0.0,0.0,0.004931703643699999,0.005750204000633333,-0.000817739090983332,0.0,False,
uptime-kuma,default,S3,max,GitHub Container Registry,1-core,False,1000,0.002,0.0,0.0,0.0,0.0,0.004931703643699999,0.005750204000633333,-0.000817739090983332,0.0,False,
uptime-kuma,default,S3,max,GitHub Container Registry,2-core,False,10,0.006,0.0,0.0,0.0,0.0,0.014795110931099996,0.0172506120019,-0.002453217272949996,0.0,False,
uptime-kuma,default,S3,max,GitHub Container Registry,2-core,False,100,0.006,0.0,0.0,0.0,0.0,0.014795110931099996,0.0172506120019,-0.002453217272949996,0.0,False,
uptime-kuma,default,S3,max,GitHub Container Registry,2-core,False,1000,0.006,0.0,0.0,0.0,0.0,0.014795110931099996,0.0172506120019,-0.002453217272949996,0.0,False,
uptime-kuma,default,S3,max,GitHub Container Registry,4-core,True,10,0.012,0.0,0.0,0.0,0.0,0.029590221862199992,0.0345012240038,-0.004906434545899992,0.0,False,
uptime-kuma,default,S3,max,GitHub Container Registry,4-core,True,100,0.012,0.0,0.0,0.0,0.0,0.029590221862199992,0.0345012240038,-0.004906434545899992,0.0,False,
uptime-kuma,default,S3,max,GitHub Container Registry,4-core,True,1000,0.012,0.0,0.0,0.0,0.0,0.029590221862199992,0.0345012240038,-0.004906434545899992,0.0,False,
uptime-kuma,default,S3,max,GitHub Container Registry,8-core,False,10,0.022,0.0,0.0,0.0,0.0,0.054248740080699985,0.06325224400696665,-0.008995130000816651,0.0,False,
uptime-kuma,default,S3,max,GitHub Container Registry,8-core,False,100,0.022,0.0,0.0,0.0,0.0,0.054248740080699985,0.06325224400696665,-0.008995130000816651,0.0,False,
uptime-kuma,default,S3,max,GitHub Container Registry,8-core,False,1000,0.022,0.0,0.0,0.0,0.0,0.054248740080699985,0.06325224400696665,-0.008995130000816651,0.0,False,
uptime-kuma,default,S3,max,Amazon ECR,1-core,False,10,0.002,0.09,0.1,45.0,50.0,0.004931703643699999,0.009860422925633335,-0.000817739090983332,0.004110218925000001,False,
uptime-kuma,default,S3,max,Amazon ECR,1-core,False,100,0.002,0.09,0.1,45.0,50.0,0.004931703643699999,0.006161233426133333,-0.000817739090983332,0.0004110294255,False,
uptime-kuma,default,S3,max,Amazon ECR,1-core,False,1000,0.002,0.09,0.1,45.0,50.0,0.004931703643699999,0.005791314476183333,-0.000817739090983332,4.1110475550000004e-05,False,
uptime-kuma,default,S3,max,Amazon ECR,2-core,False,10,0.006,0.09,0.1,15.0,16.666666666666668,0.014795110931099996,0.0213608309269,-0.002453217272949996,0.004110218925000001,False,
uptime-kuma,default,S3,max,Amazon ECR,2-core,False,100,0.006,0.09,0.1,15.0,16.666666666666668,0.014795110931099996,0.0176616414274,-0.002453217272949996,0.0004110294255,False,
uptime-kuma,default,S3,max,Amazon ECR,2-core,False,1000,0.006,0.09,0.1,15.0,16.666666666666668,0.014795110931099996,0.01729172247745,-0.002453217272949996,4.1110475550000004e-05,False,
uptime-kuma,default,S3,max,Amazon ECR,4-core,True,10,0.012,0.09,0.1,7.5,8.333333333333334,0.029590221862199992,0.0386114429288,-0.004906434545899992,0.004110218925000001,False,
uptime-kuma,default,S3,max,Amazon ECR,4-core,True,100,0.012,0.09,0.1,7.5,8.333333333333334,0.029590221862199992,0.034912253429299996,-0.004906434545899992,0.0004110294255,False,
uptime-kuma,default,S3,max,Amazon ECR,4-core,True,1000,0.012,0.09,0.1,7.5,8.333333333333334,0.029590221862199992,0.03454233447935,-0.004906434545899992,4.1110475550000004e-05,False,
uptime-kuma,default,S3,max,Amazon ECR,8-core,False,10,0.022,0.09,0.1,4.090909090909091,4.545454545454546,0.054248740080699985,0.06736246293196665,-0.008995130000816651,0.004110218925000001,False,
uptime-kuma,default,S3,max,Amazon ECR,8-core,False,100,0.022,0.09,0.1,4.090909090909091,4.545454545454546,0.054248740080699985,0.06366327343246665,-0.008995130000816651,0.0004110294255,False,
uptime-kuma,default,S3,max,Amazon ECR,8-core,False,1000,0.022,0.09,0.1,4.090909090909091,4.545454545454546,0.054248740080699985,0.06329335448251665,-0.008995130000816651,4.1110475550000004e-05,False,
uptime-kuma,default,S3,max,Google Artifact Registry,1-core,False,10,0.002,0.11175870895385742,0.09313225746154785,55.87935447692871,46.566128730773926,0.004931703643699999,0.009578146270487581,-0.000817739090983332,0.0038279422698542483,False,
uptime-kuma,default,S3,max,Google Artifact Registry,1-core,False,100,0.002,0.11175870895385742,0.09313225746154785,55.87935447692871,46.566128730773926,0.004931703643699999,0.006133007581822697,-0.000817739090983332,0.0003828035811893642,False,
uptime-kuma,default,S3,max,Google Artifact Registry,1-core,False,1000,0.002,0.11175870895385742,0.09313225746154785,55.87935447692871,46.566128730773926,0.004931703643699999,0.005788493712956208,-0.000817739090983332,3.828971232287587e-05,False,
uptime-kuma,default,S3,max,Google Artifact Registry,2-core,False,10,0.006,0.11175870895385742,0.09313225746154785,18.62645149230957,15.522042910257975,0.014795110931099996,0.021078554271754247,-0.002453217272949996,0.0038279422698542483,False,
uptime-kuma,default,S3,max,Google Artifact Registry,2-core,False,100,0.006,0.11175870895385742,0.09313225746154785,18.62645149230957,15.522042910257975,0.014795110931099996,0.017633415583089364,-0.002453217272949996,0.0003828035811893642,False,
uptime-kuma,default,S3,max,Google Artifact Registry,2-core,False,1000,0.006,0.11175870895385742,0.09313225746154785,18.62645149230957,15.522042910257975,0.014795110931099996,0.017288901714222874,-0.002453217272949996,3.828971232287587e-05,False,
uptime-kuma,default,S3,max,Google Artifact Registry,4-core,True,10,0.012,0.11175870895385742,0.09313225746154785,9.313225746154785,7.761021455128987,0.029590221862199992,0.03832916627365425,-0.004906434545899992,0.0038279422698542483,False,
uptime-kuma,default,S3,max,Google Artifact Registry,4-core,True,100,0.012,0.11175870895385742,0.09313225746154785,9.313225746154785,7.761021455128987,0.029590221862199992,0.03488402758498936,-0.004906434545899992,0.0003828035811893642,False,
uptime-kuma,default,S3,max,Google Artifact Registry,4-core,True,1000,0.012,0.11175870895385742,0.09313225746154785,9.313225746154785,7.761021455128987,0.029590221862199992,0.03453951371612288,-0.004906434545899992,3.828971232287587e-05,False,
uptime-kuma,default,S3,max,Google Artifact Registry,8-core,False,10,0.022,0.11175870895385742,0.09313225746154785,5.079941316084429,4.233284430070357,0.054248740080699985,0.0670801862768209,-0.008995130000816651,0.0038279422698542483,False,
uptime-kuma,default,S3,max,Google Artifact Registry,8-core,False,100,0.022,0.11175870895385742,0.09313225746154785,5.079941316084429,4.233284430070357,0.054248740080699985,0.06363504758815601,-0.008995130000816651,0.0003828035811893642,False,
uptime-kuma,default,S3,max,Google Artifact Registry,8-core,False,1000,0.022,0.11175870895385742,0.09313225746154785,5.079941316084429,4.233284430070357,0.054248740080699985,0.06329053371928953,-0.008995130000816651,3.828971232287587e-05,False,
uptime-kuma,default,S3,max,Azure Container Registry,1-core,False,10,0.002,0.087,0.1,43.49999999999999,50.0,0.004931703643699999,0.009860422646633334,-0.000817739090983332,0.004110218646000001,False,
uptime-kuma,default,S3,max,Azure Container Registry,1-core,False,100,0.002,0.087,0.1,43.49999999999999,50.0,0.004931703643699999,0.006161233147133333,-0.000817739090983332,0.0004110291465,False,
uptime-kuma,default,S3,max,Azure Container Registry,1-core,False,1000,0.002,0.087,0.1,43.49999999999999,50.0,0.004931703643699999,0.005791314197183333,-0.000817739090983332,4.111019655e-05,False,
uptime-kuma,default,S3,max,Azure Container Registry,2-core,False,10,0.006,0.087,0.1,14.499999999999998,16.666666666666668,0.014795110931099996,0.021360830647900002,-0.002453217272949996,0.004110218646000001,False,
uptime-kuma,default,S3,max,Azure Container Registry,2-core,False,100,0.006,0.087,0.1,14.499999999999998,16.666666666666668,0.014795110931099996,0.0176616411484,-0.002453217272949996,0.0004110291465,False,
uptime-kuma,default,S3,max,Azure Container Registry,2-core,False,1000,0.006,0.087,0.1,14.499999999999998,16.666666666666668,0.014795110931099996,0.01729172219845,-0.002453217272949996,4.111019655e-05,False,
uptime-kuma,default,S3,max,Azure Container Registry,4-core,True,10,0.012,0.087,0.1,7.249999999999999,8.333333333333334,0.029590221862199992,0.0386114426498,-0.004906434545899992,0.004110218646000001,False,
uptime-kuma,default,S3,max,Azure Container Registry,4-core,True,100,0.012,0.087,0.1,7.249999999999999,8.333333333333334,0.029590221862199992,0.0349122531503,-0.004906434545899992,0.0004110291465,False,
uptime-kuma,default,S3,max,Azure Container Registry,4-core,True,1000,0.012,0.087,0.1,7.249999999999999,8.333333333333334,0.029590221862199992,0.03454233420035,-0.004906434545899992,4.111019655e-05,False,
uptime-kuma,default,S3,max,Azure Container Registry,8-core,False,10,0.022,0.087,0.1,3.9545454545454546,4.545454545454546,0.054248740080699985,0.06736246265296665,-0.008995130000816651,0.004110218646000001,False,
uptime-kuma,default,S3,max,Azure Container Registry,8-core,False,100,0.022,0.087,0.1,3.9545454545454546,4.545454545454546,0.054248740080699985,0.06366327315346665,-0.008995130000816651,0.0004110291465,False,
uptime-kuma,default,S3,max,Azure Container Registry,8-core,False,1000,0.022,0.087,0.1,3.9545454545454546,4.545454545454546,0.054248740080699985,0.06329335420351664,-0.008995130000816651,4.111019655e-05,False,
