run_id,run_attempt,project,variant,scenario,shard,trial,wall_s_none,n_cached_none,cache_hit_ratio_none,net_rx_bytes_none,net_tx_bytes_none,pull_base_bytes_none,pull_cache_bytes_none,cache_bytes_none,cache_bytes_excl_base_none,import_s_none,export_cache_s_none,order_pos_none,utc_start_none,wall_s_min,n_cached_min,cache_hit_ratio_min,net_rx_bytes_min,net_tx_bytes_min,pull_base_bytes_min,pull_cache_bytes_min,cache_bytes_min,cache_bytes_excl_base_min,import_s_min,export_cache_s_min,order_pos_min,utc_start_min,wall_s_max,n_cached_max,cache_hit_ratio_max,net_rx_bytes_max,net_tx_bytes_max,pull_base_bytes_max,pull_cache_bytes_max,cache_bytes_max,cache_bytes_excl_base_max,import_s_max,export_cache_s_max,order_pos_max,utc_start_max
37123731010,1,caddy,default,S0,1,1,80.05639007799999,0.0,0.0,568937133.0,2065110.0,342305681.0,0.0,,,,,1.0,2026-10-03T14:37:55.708Z,6.401229700000044,8.0,1.0,66680961.0,194810.0,29830418.0,36440009.0,66272644.0,36442226.0,0.673608,0.757615,3.0,2026-10-03T14:39:35.841Z,7.106291344999988,8.0,1.0,66709557.0,247795.0,29830418.0,36439988.0,931561808.0,589256127.0,0.672063,1.024227,2.0,2026-10-03T14:39:26.430Z
37123731010,1,caddy,default,S0,1,2,81.71805270799996,0.0,0.0,569186032.0,2302180.0,342305681.0,0.0,,,,,3.0,2026-10-03T14:40:01.010Z,5.833084921000022,8.0,1.0,66609979.0,146882.0,29830418.0,36440009.0,66272644.0,36442226.0,0.634772,0.866129,2.0,2026-10-03T14:39:53.051Z,6.381571718999965,8.0,1.0,66699912.0,220496.0,29830418.0,36439988.0,931561808.0,589256127.0,0.658865,1.123884,1.0,2026-10-03T14:39:44.572Z
37123731010,1,caddy,default,S0,1,3,79.862823542,0.0,0.0,569087007.0,2058933.0,342305681.0,0.0,,,,,1.0,2026-10-03T14:41:34.426Z,6.1657512790000055,8.0,1.0,66715345.0,204597.0,29830418.0,36440009.0,66272644.0,36442226.0,0.6556,0.865751,3.0,2026-10-03T14:43:13.474Z,6.367727425999988,8.0,1.0,66677241.0,207308.0,29830418.0,36439988.0,931561808.0,589256127.0,0.662978,1.127987,2.0,2026-10-03T14:43:04.900Z
37123731010,1,caddy,default,S0,1,4,81.23240767200002,0.0,0.0,568564513.0,1847421.0,342305681.0,0.0,,,,,1.0,2026-10-03T14:43:22.088Z,6.348804589999986,8.0,1.0,66683949.0,188530.0,29830418.0,36440009.0,66272644.0,36442226.0,0.70543,0.807756,3.0,2026-10-03T14:45:02.590Z,6.319821690999902,8.0,1.0,66649179.0,177338.0,29830418.0,36439988.0,931561808.0,589256127.0,0.625829,0.998879,2.0,2026-10-03T14:44:53.989Z
37123731010,1,caddy,default,S0,1,5,82.22866305599996,0.0,0.0,569123586.0,2078353.0,342305681.0,0.0,,,,,3.0,2026-10-03T14:45:29.545Z,6.098960542999976,8.0,1.0,66651307.0,170562.0,29830418.0,36440009.0,66272644.0,36442226.0,0.61008,0.83543,1.0,2026-10-03T14:45:11.073Z,7.363601162000009,8.0,1.0,66698140.0,223881.0,29830418.0,36439988.0,931561808.0,589256127.0,0.646342,1.442317,2.0,2026-10-03T14:45:19.395Z
37123731010,1,caddy,default,S0,2,1,95.16783540300003,0.0,0.0,568859659.0,2009263.0,342305681.0,0.0,,,,,3.0,2026-10-03T14:37:05.450Z,5.076011427000026,8.0,1.0,66666174.0,167581.0,29830418.0,36439857.0,66272481.0,36442063.0,0.429729,0.636615,1.0,2026-10-03T14:36:51.121Z,5.650799631000041,8.0,1.0,66662955.0,202269.0,29830418.0,36439964.0,931556650.0,589250969.0,0.502906,0.94914,2.0,2026-10-03T14:36:57.968Z
37123731010,1,caddy,default,S0,2,2,97.675997086,0.0,0.0,568398526.0,1689275.0,342305681.0,0.0,,,,,2.0,2026-10-03T14:38:54.880Z,5.208487546000015,8.0,1.0,66642682.0,183011.0,29830418.0,36439857.0,66272481.0,36442063.0,0.455669,0.594448,3.0,2026-10-03T14:40:39.744Z,5.162110089999999,8.0,1.0,66638726.0,183244.0,29830418.0,36439964.0,931556650.0,589250969.0,0.388323,0.806007,1.0,2026-10-03T14:38:47.913Z
37123731010,1,caddy,default,S0,2,3,95.12656178299994,0.0,0.0,568488277.0,1708607.0,342305681.0,0.0,,,,,3.0,2026-10-03T14:41:00.988Z,5.102396649999946,8.0,1.0,66625382.0,158659.0,29830418.0,36439857.0,66272481.0,36442063.0,0.45242,0.68248,2.0,2026-10-03T14:40:54.094Z,5.403377099999943,8.0,1.0,66668183.0,192677.0,29830418.0,36439964.0,931556650.0,589250969.0,0.508152,0.825349,1.0,2026-10-03T14:40:46.745Z
37123731010,1,caddy,default,S0,2,4,96.57150052700001,0.0,0.0,568495880.0,1764769.0,342305681.0,0.0,,,,,3.0,2026-10-03T14:42:57.247Z,4.899885649999987,8.0,1.0,66617879.0,147449.0,29830418.0,36439857.0,66272481.0,36442063.0,0.393255,0.637821,1.0,2026-10-03T14:42:43.263Z,5.384413681000069,8.0,1.0,66653475.0,199630.0,29830418.0,36439964.0,931556650.0,589250969.0,0.518874,0.842024,2.0,2026-10-03T14:42:50.016Z
37123731010,1,caddy,default,S0,2,5,96.1408233630001,0.0,0.0,568447611.0,1732322.0,342305681.0,0.0,,,,,3.0,2026-10-03T14:44:55.216Z,5.0236256829999775,8.0,1.0,66597676.0,151887.0,29830418.0,36439857.0,66272481.0,36442063.0,0.402228,0.678189,1.0,2026-10-03T14:44:41.227Z,5.245857892000004,8.0,1.0,66646455.0,182789.0,29830418.0,36439964.0,931556650.0,589250969.0,0.414399,0.879723,2.0,2026-10-03T14:44:48.154Z
37123731010,1,caddy,default,S0,3,1,89.25464789599994,0.0,0.0,570643447.0,2496310.0,342305681.0,0.0,,,,,3.0,2026-10-03T14:03:23.457Z,6.701302105999957,8.0,1.0,66809479.0,276455.0,29830418.0,36439989.0,66272613.0,36442195.0,0.693878,0.856522,2.0,2026-10-03T14:03:14.263Z,6.902605299000015,8.0,1.0,66856598.0,297874.0,29830418.0,36440004.0,931554884.0,589249203.0,0.705671,1.066162,1.0,2026-10-03T14:03:04.802Z
37123731010,1,caddy,default,S0,3,2,86.87604338899996,0.0,0.0,571603096.0,3232062.0,342305681.0,0.0,,,,,3.0,2026-10-03T14:05:24.584Z,6.5826993579999,8.0,1.0,66905733.0,253327.0,29830418.0,36439989.0,66272613.0,36442195.0,0.719752,0.917074,1.0,2026-10-03T14:05:06.294Z,6.644691394000006,8.0,1.0,66847671.0,269240.0,29830418.0,36440004.0,931554884.0,589249203.0,0.74413,1.053307,2.0,2026-10-03T14:05:15.435Z
37123731010,1,caddy,default,S0,3,3,86.22736626099993,0.0,0.0,569483698.0,2166451.0,342305681.0,0.0,,,,,1.0,2026-10-03T14:07:05.049Z,6.254313336999985,8.0,1.0,66784458.0,245505.0,29830418.0,36439989.0,66272613.0,36442195.0,0.650647,0.84834,2.0,2026-10-03T14:08:46.412Z,6.543788111999902,8.0,1.0,66831150.0,269483.0,29830418.0,36440004.0,931554884.0,589249203.0,0.682034,1.091239,3.0,2026-10-03T14:08:55.092Z
37123731010,1,caddy,default,S0,3,4,87.27420785300001,0.0,0.0,569179352.0,1969746.0,342305681.0,0.0,,,,,3.0,2026-10-03T14:09:21.648Z,6.062381585999901,8.0,1.0,66702790.0,183849.0,29830418.0,36439989.0,66272613.0,36442195.0,0.69685,0.732198,1.0,2026-10-03T14:09:04.093Z,6.613368861000026,8.0,1.0,66752682.0,222290.0,29830418.0,36440004.0,931554884.0,589249203.0,0.661201,1.113884,2.0,2026-10-03T14:09:12.627Z
37123731010,1,caddy,default,S0,3,5,86.45114729900001,0.0,0.0,570873436.0,2656872.0,342305681.0,0.0,,,,,2.0,2026-10-03T14:11:11.688Z,6.530237314000033,8.0,1.0,66856047.0,287190.0,29830418.0,36439989.0,66272613.0,36442195.0,0.733828,0.869205,1.0,2026-10-03T14:11:02.794Z,6.723258679999844,8.0,1.0,66846163.0,310431.0,29830418.0,36440004.0,931554884.0,589249203.0,0.701161,1.100265,3.0,2026-10-03T14:12:50.985Z
37123731010,1,caddy,default,S0,4,1,89.12476530700002,0.0,0.0,570262520.0,2478493.0,342305681.0,0.0,,,,,2.0,2026-10-03T13:23:00.761Z,5.435092478999991,8.0,1.0,66931216.0,359447.0,29830418.0,36440120.0,66272744.0,36442326.0,0.498624,0.635539,3.0,2026-10-03T13:24:40.187Z,5.491193832000022,8.0,1.0,66902274.0,313393.0,29830418.0,36440012.0,931559061.0,589253380.0,0.415269,0.788525,1.0,2026-10-03T13:22:53.346Z
37123731010,1,caddy,default,S0,4,2,87.390160278,0.0,0.0,569969484.0,2183989.0,342305681.0,0.0,,,,,1.0,2026-10-03T13:24:47.547Z,5.871190619999993,8.0,1.0,66858576.0,276615.0,29830418.0,36440120.0,66272744.0,36442326.0,0.490739,0.748955,2.0,2026-10-03T13:26:25.117Z,5.911835133000011,8.0,1.0,66973733.0,316701.0,29830418.0,36440012.0,931559061.0,589253380.0,0.46239,0.886205,3.0,2026-10-03T13:26:32.893Z
37123731010,1,caddy,default,S0,4,3,88.989235173,0.0,0.0,571466057.0,3155945.0,342305681.0,0.0,,,,,3.0,2026-10-03T13:26:55.769Z,5.597228625999946,8.0,1.0,66870515.0,267668.0,29830418.0,36440120.0,66272744.0,36442326.0,0.492062,0.776252,2.0,2026-10-03T13:26:48.244Z,5.6092825309999625,8.0,1.0,66825955.0,265401.0,29830418.0,36440012.0,931559061.0,589253380.0,0.440521,0.794525,1.0,2026-10-03T13:26:40.720Z
37123731010,1,caddy,default,S0,4,4,86.26170781799999,0.0,0.0,570874520.0,2550093.0,342305681.0,0.0,,,,,2.0,2026-10-03T13:28:42.546Z,5.609722565999959,8.0,1.0,66827900.0,246641.0,29830418.0,36440120.0,66272744.0,36442326.0,0.477036,0.655562,3.0,2026-10-03T13:30:18.946Z,5.58416449799995,8.0,1.0,66821084.0,278033.0,29830418.0,36440012.0,931559061.0,589253380.0,0.450804,0.828333,1.0,2026-10-03T13:28:34.958Z
37123731010,1,caddy,default,S0,4,5,89.27657543299995,0.0,0.0,571418596.0,3027216.0,342305681.0,0.0,,,,,3.0,2026-10-03T13:30:41.827Z,5.558213230999968,8.0,1.0,66847153.0,269704.0,29830418.0,36440120.0,66272744.0,36442326.0,0.455641,0.661293,1.0,2026-10-03T13:30:26.555Z,5.738071412999943,8.0,1.0,66969301.0,326821.0,29830418.0,36440012.0,931559061.0,589253380.0,0.512833,0.801513,2.0,2026-10-03T13:30:34.159Z
37123731010,1,caddy,default,S1,1,1,92.34542318700005,0.0,0.0,568416578.0,1525288.0,342305681.0,0.0,,,,,3.0,2026-10-03T15:21:52.516Z,96.88133095199998,1.0,0.125,562505912.0,22661271.0,342305681.0,16264561.0,66272603.0,36442185.0,0.271298,2.82855,2.0,2026-10-03T15:20:08.249Z,115.50322475000002,5.0,0.625,719273256.0,225839737.0,342305681.0,373844923.0,931587884.0,589282203.0,0.234523,24.09885,1.0,2026-10-03T15:18:05.253Z
37123731010,1,caddy,default,S1,1,2,92.07329586900005,0.0,0.0,568546786.0,1541395.0,342305681.0,0.0,,,,,3.0,2026-10-03T15:27:19.489Z,97.85428590700008,1.0,0.125,562257456.0,22369807.0,342305681.0,16264561.0,66272611.0,36442193.0,0.238846,3.041725,1.0,2026-10-03T15:23:31.987Z,114.89553316299998,5.0,0.625,719539235.0,225808737.0,342305681.0,373844923.0,931583365.0,589277684.0,0.261515,24.132589,2.0,2026-10-03T15:25:17.137Z
37123731010,1,caddy,default,S1,1,3,92.06256862199984,0.0,0.0,568298047.0,1472670.0,342305681.0,0.0,,,,,1.0,2026-10-03T15:28:58.651Z,98.266177277,1.0,0.125,562231952.0,22562445.0,342305681.0,16264561.0,66272613.0,36442195.0,0.255642,2.687025,2.0,2026-10-03T15:30:37.887Z,116.19802059499989,5.0,0.625,719527456.0,225916436.0,342305681.0,373844923.0,931580626.0,589274945.0,0.286677,24.247393,3.0,2026-10-03T15:32:23.762Z
37123731010,1,caddy,default,S1,1,4,92.03984325500005,0.0,0.0,568453082.0,1452463.0,342305681.0,0.0,,,,,2.0,2026-10-03T15:36:13.376Z,98.58428906300014,1.0,0.125,562391605.0,22654895.0,342305681.0,16264561.0,66272613.0,36442195.0,0.246941,2.649516,1.0,2026-10-03T15:34:27.532Z,115.43242139199992,5.0,0.625,719492934.0,225689106.0,342305681.0,373844923.0,931583343.0,589277662.0,0.241187,24.333241,3.0,2026-10-03T15:37:52.434Z
37123731010,1,caddy,default,S1,1,5,91.89123148099998,0.0,0.0,568526553.0,1552349.0,342305681.0,0.0,,,,,2.0,2026-10-03T15:41:58.680Z,95.80882445899988,1.0,0.125,562389858.0,22553218.0,342305681.0,16264561.0,66272602.0,36442184.0,0.243928,2.577584,3.0,2026-10-03T15:43:37.648Z,115.97325205600009,5.0,0.625,718944650.0,225692842.0,342305681.0,373844923.0,931578609.0,589272928.0,0.260873,23.975819,1.0,2026-10-03T15:39:55.273Z
37123731010,1,caddy,default,S1,2,1,87.33504673300001,0.0,0.0,568241936.0,1562112.0,342305681.0,0.0,,,,,2.0,2026-10-03T13:07:13.853Z,93.31203679999993,1.0,0.125,562210585.0,22256712.0,342305681.0,16264600.0,66272646.0,36442228.0,0.347365,2.843014,3.0,2026-10-03T13:08:47.652Z,123.65010076300001,5.0,0.625,720274123.0,218416120.0,342305681.0,373846596.0,931592092.0,589286411.0,0.340937,36.624267,1.0,2026-10-03T13:05:03.386Z
37123731010,1,caddy,default,S1,2,2,89.24605656200004,0.0,0.0,568392208.0,1637902.0,342305681.0,0.0,,,,,2.0,2026-10-03T13:12:07.780Z,93.23498536699992,1.0,0.125,562577945.0,22341581.0,342305681.0,16264600.0,66272645.0,36442227.0,0.351873,2.655538,1.0,2026-10-03T13:10:27.687Z,113.82317311400004,5.0,0.625,719501090.0,225138024.0,342305681.0,373846596.0,931592164.0,589286483.0,0.329365,26.646263,3.0,2026-10-03T13:13:43.696Z
37123731010,1,caddy,default,S1,2,3,89.22644092299993,0.0,0.0,568511091.0,1684578.0,342305681.0,0.0,,,,,1.0,2026-10-03T13:15:44.354Z,93.21064636999995,1.0,0.125,562171962.0,22181574.0,342305681.0,16264600.0,66272639.0,36442221.0,0.330474,2.826674,3.0,2026-10-03T13:19:20.643Z,113.97743234600011,5.0,0.625,719297278.0,223981124.0,342305681.0,373846596.0,931591366.0,589285685.0,0.346507,26.533718,2.0,2026-10-03T13:17:19.919Z
37123731010,1,caddy,default,S1,2,4,87.93187422200003,0.0,0.0,568194991.0,1588525.0,342305681.0,0.0,,,,,1.0,2026-10-03T13:21:00.649Z,93.06815297499998,1.0,0.125,562181862.0,22472196.0,342305681.0,16264600.0,66272664.0,36442246.0,0.350824,2.67894,2.0,2026-10-03T13:22:34.995Z,113.90784437600018,5.0,0.625,719549357.0,219946331.0,342305681.0,373846596.0,931591470.0,589285789.0,0.329357,26.620796,3.0,2026-10-03T13:24:14.888Z
37123731010,1,caddy,default,S1,2,5,87.7110348719998,0.0,0.0,568302940.0,1567687.0,342305681.0,0.0,,,,,2.0,2026-10-03T13:27:56.336Z,94.2140254200001,1.0,0.125,562317349.0,22305443.0,342305681.0,16264600.0,66272643.0,36442225.0,0.391253,2.977189,1.0,2026-10-03T13:26:15.553Z,114.52632539699994,5.0,0.625,719492816.0,222656256.0,342305681.0,373846596.0,931592453.0,589286772.0,0.354672,26.438327,3.0,2026-10-03T13:29:30.602Z
37123731010,1,caddy,default,S1,3,1,92.163452887,0.0,0.0,568933327.0,1581673.0,342305681.0,0.0,,,,,2.0,2026-10-03T14:09:29.482Z,97.63566034799999,1.0,0.125,562528473.0,22593126.0,342305681.0,16264724.0,66272764.0,36442346.0,0.336544,2.772307,3.0,2026-10-03T14:11:09.139Z,113.97891563600001,5.0,0.625,719358297.0,221059939.0,342305681.0,373846070.0,,,0.376639,24.154433,1.0,2026-10-03T14:07:27.760Z
37123731010,1,caddy,default,S1,3,2,92.20462657999997,0.0,0.0,568805012.0,1618698.0,342305681.0,0.0,,,,,1.0,2026-10-03T14:12:54.881Z,98.00679297600004,1.0,0.125,562217055.0,22144458.0,342305681.0,16264724.0,66272774.0,36442356.0,0.343549,2.903963,2.0,2026-10-03T14:14:34.741Z,117.09404512099991,5.0,0.625,719767633.0,222353660.0,342305681.0,373846070.0,931590903.0,589285222.0,0.406475,24.116025,3.0,2026-10-03T14:16:20.709Z
37123731010,1,caddy,default,S1,3,3,92.88910566799996,0.0,0.0,568318553.0,1583304.0,342305681.0,0.0,,,,,3.0,2026-10-03T14:22:15.712Z,98.38988918700011,1.0,0.125,563372287.0,22462227.0,342305681.0,16264724.0,66272775.0,36442357.0,0.393795,2.958441,2.0,2026-10-03T14:20:29.209Z,115.72244350800008,5.0,0.625,718718096.0,223466256.0,342305681.0,373846070.0,931590948.0,589285267.0,0.350031,23.903012,1.0,2026-10-03T14:18:25.535Z
37123731010,1,caddy,default,S1,3,4,94.38622095799997,0.0,0.0,569243684.0,1585804.0,342305681.0,0.0,,,,,1.0,2026-10-03T14:23:56.071Z,98.69471530200008,1.0,0.125,562505873.0,22255334.0,342305681.0,16264724.0,66272774.0,36442356.0,0.351334,2.632054,2.0,2026-10-03T14:25:37.995Z,117.21041096499994,5.0,0.625,719326679.0,224278344.0,342305681.0,373846070.0,931590006.0,589284325.0,0.343452,24.1297,3.0,2026-10-03T14:27:24.617Z
37123731010,1,caddy,default,S1,3,5,95.04350146699994,0.0,0.0,568851224.0,1663777.0,342305681.0,0.0,,,,,3.0,2026-10-03T14:33:22.016Z,98.86933608900017,1.0,0.125,562127176.0,22212912.0,342305681.0,16264724.0,66272774.0,36442356.0,0.345364,2.971035,1.0,2026-10-03T14:29:29.710Z,117.34771470300007,5.0,0.625,719598973.0,224005043.0,342305681.0,373846070.0,931589103.0,589283422.0,0.399455,24.291804,2.0,2026-10-03T14:31:16.698Z
37123731010,1,caddy,default,S1,4,1,93.15321191999999,0.0,0.0,568348657.0,1608225.0,342305681.0,0.0,,,,,2.0,2026-10-03T14:33:23.995Z,101.14587200599999,1.0,0.125,562691898.0,23071282.0,342305681.0,16264656.0,66272700.0,36442282.0,0.706376,3.899133,1.0,2026-10-03T14:31:34.799Z,122.84738071399994,5.0,0.625,720930243.0,227061743.0,342305681.0,373846289.0,931590064.0,589284383.0,0.689804,27.049462,3.0,2026-10-03T14:35:04.753Z
37123731010,1,caddy,default,S1,4,2,93.82646267500002,0.0,0.0,569228776.0,2216182.0,342305681.0,0.0,,,,,3.0,2026-10-03T14:41:14.115Z,100.40876709300005,1.0,0.125,562151904.0,22694633.0,342305681.0,16264656.0,66272696.0,36442278.0,0.716865,4.09389,2.0,2026-10-03T14:39:25.643Z,121.25893256400002,5.0,0.625,718617733.0,225659087.0,342305681.0,373846289.0,931587561.0,589281880.0,0.694095,27.93119,1.0,2026-10-03T14:37:15.775Z
37123731010,1,caddy,default,S1,4,3,93.192955891,0.0,0.0,568225618.0,1531594.0,342305681.0,0.0,,,,,1.0,2026-10-03T14:42:55.503Z,100.52846485699979,1.0,0.125,562261187.0,22720015.0,342305681.0,16264656.0,66272697.0,36442279.0,0.684612,3.819132,2.0,2026-10-03T14:44:36.085Z,122.94287592899991,5.0,0.625,721052459.0,226754818.0,342305681.0,373846289.0,931591773.0,589286092.0,0.658638,26.401464,3.0,2026-10-03T14:46:24.865Z
37123731010,1,caddy,default,S1,4,4,93.73729003299991,0.0,0.0,568348335.0,1577417.0,342305681.0,0.0,,,,,3.0,2026-10-03T14:52:32.308Z,100.40675112100007,1.0,0.125,562684647.0,23021892.0,342305681.0,16264656.0,66272697.0,36442279.0,0.691088,3.469694,2.0,2026-10-03T14:50:43.698Z,119.41427918299996,5.0,0.625,718998107.0,225569632.0,342305681.0,373846289.0,931581254.0,589275573.0,0.580686,26.355391,1.0,2026-10-03T14:48:36.024Z
37123731010,1,caddy,default,S1,4,5,95.37106832300015,0.0,0.0,568378022.0,1631485.0,342305681.0,0.0,,,,,1.0,2026-10-03T14:54:13.863Z,103.71392149500002,1.0,0.125,563305985.0,23327441.0,342305681.0,16264656.0,66272710.0,36442292.0,0.757773,3.496894,2.0,2026-10-03T14:55:56.826Z,124.33995773800007,5.0,0.625,719932459.0,226365414.0,342305681.0,373846289.0,931591761.0,589286080.0,0.722204,28.289082,3.0,2026-10-03T14:57:49.098Z
37123731010,1,caddy,default,S2,1,1,80.76313471399999,0.0,0.0,568717804.0,1734348.0,342305681.0,0.0,,,,,2.0,2026-10-03T14:40:53.032Z,79.48695902400004,2.0,0.25,582699049.0,1753831.0,342305681.0,36440016.0,66273556.0,36443138.0,0.213171,1.473032,3.0,2026-10-03T14:42:25.976Z,102.93843232400002,4.0,0.5,572974503.0,578583272.0,342305681.0,36440002.0,931559428.0,589253747.0,0.253175,23.405906,1.0,2026-10-03T14:38:58.515Z
37123731010,1,caddy,default,S2,1,2,79.79406568999991,0.0,0.0,568469142.0,1567946.0,342305681.0,0.0,,,,,3.0,2026-10-03T14:47:18.627Z,80.383977018,2.0,0.25,582444114.0,1745930.0,342305681.0,36440016.0,66273556.0,36443138.0,0.193674,0.484532,2.0,2026-10-03T14:45:47.753Z,100.47349460200007,4.0,0.5,572731768.0,578942407.0,342305681.0,36440002.0,931560592.0,589254911.0,0.255546,22.333528,1.0,2026-10-03T14:43:56.787Z
37123731010,1,caddy,default,S2,1,3,79.33019256300008,0.0,0.0,568539948.0,1604879.0,342305681.0,0.0,,,,,3.0,2026-10-03T14:52:16.107Z,84.53452696699992,2.0,0.25,582726889.0,1746050.0,342305681.0,36440016.0,66273556.0,36443138.0,0.205038,1.460182,1.0,2026-10-03T14:48:50.508Z,99.90728448300001,4.0,0.5,573052111.0,578704711.0,342305681.0,36440002.0,931560149.0,589254468.0,0.249143,23.166724,2.0,2026-10-03T14:50:25.476Z
37123731010,1,caddy,default,S2,1,4,77.74648490699997,0.0,0.0,568864088.0,1872681.0,342305681.0,0.0,,,,,2.0,2026-10-03T14:55:16.117Z,78.43506650799986,2.0,0.25,582685041.0,1868733.0,342305681.0,36440016.0,66273556.0,36443138.0,0.249539,0.566355,1.0,2026-10-03T14:53:46.725Z,101.52592935500002,4.0,0.5,572846886.0,577607507.0,342305681.0,36440002.0,931560864.0,589255183.0,0.251735,23.654754,3.0,2026-10-03T14:56:44.750Z
37123731010,1,caddy,default,S2,1,5,77.68879048999997,0.0,0.0,568847155.0,1785567.0,342305681.0,0.0,,,,,2.0,2026-10-03T15:00:28.004Z,80.40256905199999,2.0,0.25,582716151.0,1748819.0,342305681.0,36440016.0,66273556.0,36443138.0,0.212695,0.446755,3.0,2026-10-03T15:01:56.870Z,99.76124081600005,4.0,0.5,572863523.0,578091794.0,342305681.0,36440002.0,931557941.0,589252260.0,0.239379,23.592224,1.0,2026-10-03T14:58:37.043Z
37123731010,1,caddy,default,S2,2,1,89.51928730700001,0.0,0.0,568288712.0,1589623.0,342305681.0,0.0,,,,,2.0,2026-10-03T15:13:32.141Z,92.36690690200004,2.0,0.25,583226493.0,2293318.0,342305681.0,36440013.0,66273542.0,36443124.0,0.692489,2.04329,1.0,2026-10-03T15:11:52.099Z,118.77776333300005,4.0,0.5,574222308.0,575227568.0,342305681.0,36440123.0,931556047.0,589250366.0,0.794612,28.953514,3.0,2026-10-03T15:15:09.290Z
37123731010,1,caddy,default,S2,2,2,90.05083392799997,0.0,0.0,568217521.0,1560131.0,342305681.0,0.0,,,,,2.0,2026-10-03T15:18:56.156Z,93.04519937999999,2.0,0.25,582839214.0,1862496.0,342305681.0,36440013.0,66273542.0,36443124.0,0.690784,2.113155,1.0,2026-10-03T15:17:15.614Z,117.11367833899999,4.0,0.5,573746370.0,575200433.0,342305681.0,36440123.0,931557598.0,589251917.0,0.693097,29.172054,3.0,2026-10-03T15:20:33.757Z
37123731010,1,caddy,default,S2,2,3,90.36959220699987,0.0,0.0,568182004.0,1491804.0,342305681.0,0.0,,,,,2.0,2026-10-03T15:24:17.893Z,91.99907281800006,2.0,0.25,582648864.0,1723398.0,342305681.0,36440013.0,66273542.0,36443124.0,0.685168,0.906395,1.0,2026-10-03T15:22:38.413Z,117.93279988800009,4.0,0.5,574164718.0,576430731.0,342305681.0,36440123.0,931555577.0,589249896.0,0.673524,28.275674,3.0,2026-10-03T15:25:55.891Z
37123731010,1,caddy,default,S2,2,4,91.001106532,0.0,0.0,568983144.0,1997786.0,342305681.0,0.0,,,,,1.0,2026-10-03T15:28:01.947Z,92.50412962600012,2.0,0.25,583381670.0,2363355.0,342305681.0,36440013.0,66273542.0,36443124.0,0.695037,0.934942,3.0,2026-10-03T15:31:45.670Z,117.58646406000003,4.0,0.5,573241663.0,577063265.0,342305681.0,36440123.0,931557340.0,589251659.0,0.694501,28.19703,2.0,2026-10-03T15:29:40.303Z
37123731010,1,caddy,default,S2,2,5,90.1508411320001,0.0,0.0,569401807.0,1958877.0,342305681.0,0.0,,,,,1.0,2026-10-03T15:33:25.741Z,92.32992786999989,2.0,0.25,582512734.0,1709131.0,342305681.0,36440013.0,66273542.0,36443124.0,0.711694,0.968802,3.0,2026-10-03T15:37:11.133Z,120.17025994200003,4.0,0.5,573772658.0,576574666.0,342305681.0,36440123.0,931556661.0,589250980.0,0.706833,28.38033,2.0,2026-10-03T15:35:03.216Z
37123731010,1,caddy,default,S2,3,1,89.08091449199992,0.0,0.0,568552251.0,1648554.0,342305681.0,0.0,,,,,1.0,2026-10-03T12:57:37.935Z,91.52227481699992,2.0,0.25,582595434.0,1657444.0,342305681.0,36440007.0,66273536.0,36443118.0,0.835723,2.175288,2.0,2026-10-03T12:59:13.264Z,119.04544328100019,4.0,0.5,572981994.0,578941093.0,342305681.0,36440071.0,931559275.0,589253594.0,0.843148,31.627587,3.0,2026-10-03T13:00:51.391Z
37123731010,1,caddy,default,S2,3,2,89.96555169899989,0.0,0.0,568450791.0,1667229.0,342305681.0,0.0,,,,,2.0,2026-10-03T13:04:36.350Z,92.52823287000001,2.0,0.25,582557676.0,1609900.0,342305681.0,36440007.0,66273536.0,36443118.0,0.858784,2.333064,1.0,2026-10-03T13:02:57.222Z,119.50885849299993,4.0,0.5,573209943.0,579374193.0,342305681.0,36440071.0,931554700.0,589249019.0,0.890969,32.7007,3.0,2026-10-03T13:06:12.650Z
37123731010,1,caddy,default,S2,3,3,90.06011619900005,0.0,0.0,568551809.0,1615300.0,342305681.0,0.0,,,,,1.0,2026-10-03T13:08:18.653Z,90.79869451500008,2.0,0.25,583147245.0,1920747.0,342305681.0,36440007.0,66273536.0,36443118.0,0.820871,1.006584,3.0,2026-10-03T13:12:02.360Z,120.54995717399993,4.0,0.5,572545778.0,579201367.0,342305681.0,36440071.0,931558431.0,589252750.0,0.883418,33.287153,2.0,2026-10-03T13:09:55.007Z
37123731010,1,caddy,default,S2,3,4,89.65282600299997,0.0,0.0,568887082.0,1840217.0,342305681.0,0.0,,,,,2.0,2026-10-03T13:15:45.599Z,91.88874320600007,2.0,0.25,582677069.0,1877910.0,342305681.0,36440007.0,66273536.0,36443118.0,0.911119,1.091285,3.0,2026-10-03T13:17:21.656Z,119.05819703599991,4.0,0.5,572971431.0,576839555.0,342305681.0,36440071.0,931558883.0,589253202.0,0.831597,32.021995,1.0,2026-10-03T13:13:39.866Z
37123731010,1,caddy,default,S2,3,5,90.23154260399997,0.0,0.0,568459417.0,1631747.0,342305681.0,0.0,,,,,3.0,2026-10-03T13:22:44.482Z,91.27939106699978,2.0,0.25,582530032.0,1717492.0,342305681.0,36440007.0,66273536.0,36443118.0,0.80806,1.02812,1.0,2026-10-03T13:19:00.102Z,119.79483178700002,4.0,0.5,572953482.0,574646850.0,342305681.0,36440071.0,931558352.0,589252671.0,0.81683,31.988405,2.0,2026-10-03T13:20:37.949Z
37123731010,1,caddy,default,S2,4,1,91.20137837199997,0.0,0.0,568268768.0,1664803.0,342305681.0,0.0,,,,,1.0,2026-10-03T13:22:30.284Z,92.44154950300003,2.0,0.25,582958762.0,1957110.0,342305681.0,36440038.0,66273567.0,36443149.0,0.743831,2.034591,2.0,2026-10-03T13:24:08.723Z,119.69737309199996,4.0,0.5,573653894.0,576659232.0,342305681.0,36440080.0,931556482.0,589250801.0,0.711729,29.022327,3.0,2026-10-03T13:25:48.711Z
37123731010,1,caddy,default,S2,4,2,91.71476669599997,0.0,0.0,569011499.0,2018923.0,342305681.0,0.0,,,,,3.0,2026-10-03T13:31:39.922Z,92.001981505,2.0,0.25,582900306.0,1948072.0,342305681.0,36440038.0,66273567.0,36443149.0,0.713871,0.919161,1.0,2026-10-03T13:27:56.066Z,116.50726384899997,4.0,0.5,573073231.0,576916515.0,342305681.0,36440080.0,931559436.0,589253755.0,0.693278,28.056783,2.0,2026-10-03T13:29:35.744Z
37123731010,1,caddy,default,S2,4,3,92.15170379799997,0.0,0.0,568264900.0,1537677.0,342305681.0,0.0,,,,,2.0,2026-10-03T13:34:58.392Z,92.198429906,2.0,0.25,582965540.0,1956525.0,342305681.0,36440038.0,66273567.0,36443149.0,0.681383,2.023032,1.0,2026-10-03T13:33:18.806Z,118.12933234299999,4.0,0.5,573666577.0,577296875.0,342305681.0,36440080.0,931557824.0,589252143.0,0.677707,27.781625,3.0,2026-10-03T13:36:37.801Z
37123731010,1,caddy,default,S2,4,4,91.02334975500003,0.0,0.0,568363369.0,1647221.0,342305681.0,0.0,,,,,1.0,2026-10-03T13:38:43.313Z,92.32529036300002,2.0,0.25,582826231.0,1938434.0,342305681.0,36440038.0,66273567.0,36443149.0,0.711277,1.028892,3.0,2026-10-03T13:42:27.458Z,118.39302168599988,4.0,0.5,574127109.0,576364266.0,342305681.0,36440080.0,931556780.0,589251099.0,0.702406,28.101094,2.0,2026-10-03T13:40:21.599Z
37123731010,1,caddy,default,S2,4,5,91.50432329599994,0.0,0.0,569181289.0,2268106.0,342305681.0,0.0,,,,,2.0,2026-10-03T13:45:47.052Z,92.06253449100018,2.0,0.25,582531224.0,1651334.0,342305681.0,36440038.0,66273567.0,36443149.0,0.618107,0.937399,1.0,2026-10-03T13:44:07.513Z,119.04254275599988,4.0,0.5,573109647.0,575850401.0,342305681.0,36440080.0,931559468.0,589253787.0,0.699398,28.16341,3.0,2026-10-03T13:47:25.819Z
37123731010,1,caddy,default,S3,1,1,92.20220779700003,0.0,0.0,568079460.0,1511308.0,342305681.0,0.0,,,,,1.0,2026-10-03T13:13:19.978Z,92.57556582100005,2.0,0.25,582406712.0,1581141.0,342305681.0,36439983.0,66273645.0,36443227.0,0.211426,1.504881,3.0,2026-10-03T13:17:08.562Z,121.74831827799994,2.0,0.25,583217947.0,578019928.0,342305681.0,36439956.0,931553364.0,589247683.0,0.200362,24.882072,2.0,2026-10-03T13:14:59.567Z
37123731010,1,caddy,default,S3,1,2,90.77841049000006,0.0,0.0,568197621.0,1542118.0,342305681.0,0.0,,,,,3.0,2026-10-03T13:22:29.551Z,91.60029689199996,2.0,0.25,582388855.0,1675428.0,342305681.0,36439983.0,66273645.0,36443227.0,0.208065,1.418082,1.0,2026-10-03T13:18:48.303Z,115.18127604799997,2.0,0.25,582902113.0,578426193.0,342305681.0,36439956.0,931554196.0,589248515.0,0.218105,25.185554,2.0,2026-10-03T13:20:26.936Z
37123731010,1,caddy,default,S3,1,3,92.17178690200012,0.0,0.0,568421886.0,1564698.0,342305681.0,0.0,,,,,3.0,2026-10-03T13:27:49.962Z,91.93948294500001,2.0,0.25,582323935.0,1619233.0,342305681.0,36439983.0,66273645.0,36443227.0,0.250808,1.520886,1.0,2026-10-03T13:24:07.817Z,115.47183236000001,2.0,0.25,583158582.0,577441925.0,342305681.0,36439956.0,931549776.0,589244095.0,0.250888,26.703619,2.0,2026-10-03T13:25:46.917Z
37123731010,1,caddy,default,S3,1,4,94.88344163900001,0.0,0.0,568338227.0,1637653.0,342305681.0,0.0,,,,,1.0,2026-10-03T13:29:29.350Z,94.22016356199993,2.0,0.25,582527899.0,1589329.0,342305681.0,36439983.0,66273645.0,36443227.0,0.190869,1.509054,2.0,2026-10-03T13:31:11.677Z,116.65993887200011,2.0,0.25,582763065.0,577931734.0,342305681.0,36439956.0,931554099.0,589248418.0,0.221988,25.716616,3.0,2026-10-03T13:32:53.194Z
37123731010,1,caddy,default,S3,1,5,92.86747159400011,0.0,0.0,568257919.0,1473109.0,342305681.0,0.0,,,,,3.0,2026-10-03T13:38:38.315Z,91.14668465099999,2.0,0.25,582211087.0,1583942.0,342305681.0,36439983.0,66273645.0,36443227.0,0.216572,0.420211,1.0,2026-10-03T13:34:56.966Z,115.82728821899991,2.0,0.25,582631799.0,577642870.0,342305681.0,36439956.0,931555502.0,589249821.0,0.284392,25.311662,2.0,2026-10-03T13:36:35.272Z
37123731010,1,caddy,default,S3,2,1,93.223318946,0.0,0.0,568189757.0,1567297.0,342305681.0,0.0,,,,,2.0,2026-10-03T13:26:24.122Z,93.09064649400005,2.0,0.25,582426172.0,1751025.0,342305681.0,36439996.0,66273669.0,36443251.0,0.346599,1.633401,1.0,2026-10-03T13:24:43.721Z,118.95346802900002,2.0,0.25,583043350.0,570264199.0,342305681.0,36439932.0,931558696.0,589253015.0,0.37752,25.785534,3.0,2026-10-03T13:28:04.814Z
37123731010,1,caddy,default,S3,2,2,91.26863622799999,0.0,0.0,568357963.0,1591243.0,342305681.0,0.0,,,,,3.0,2026-10-03T13:33:58.022Z,95.39414561400008,2.0,0.25,583102428.0,1974008.0,342305681.0,36439996.0,66273669.0,36443251.0,0.338559,1.665265,1.0,2026-10-03T13:30:11.309Z,115.93758493399991,2.0,0.25,583068405.0,567931805.0,342305681.0,36439932.0,931558432.0,589252751.0,0.356842,25.569868,2.0,2026-10-03T13:31:54.427Z
37123731010,1,caddy,default,S3,2,3,92.64180198499992,0.0,0.0,568799971.0,1783411.0,342305681.0,0.0,,,,,1.0,2026-10-03T13:35:37.047Z,92.77915192400019,2.0,0.25,582367728.0,1643180.0,342305681.0,36439996.0,66273669.0,36443251.0,0.369917,1.546529,3.0,2026-10-03T13:39:20.610Z,116.05091736299994,2.0,0.25,583662328.0,564059759.0,342305681.0,36439932.0,931559490.0,589253809.0,0.334183,25.314757,2.0,2026-10-03T13:37:17.311Z
37123731010,1,caddy,default,S3,2,4,91.23001721100013,0.0,0.0,568240596.0,1533733.0,342305681.0,0.0,,,,,2.0,2026-10-03T13:42:39.458Z,91.96687789299995,2.0,0.25,582866235.0,1742363.0,342305681.0,36439996.0,66273669.0,36443251.0,0.357585,1.511032,1.0,2026-10-03T13:41:00.396Z,115.84671207600013,2.0,0.25,582937759.0,573094605.0,342305681.0,36439932.0,931559797.0,589254116.0,0.338908,26.417878,3.0,2026-10-03T13:44:17.966Z
37123731010,1,caddy,default,S3,2,5,92.13151097200011,0.0,0.0,568368476.0,1624378.0,342305681.0,0.0,,,,,1.0,2026-10-03T13:46:21.267Z,93.07128220100003,2.0,0.25,582522929.0,1676563.0,342305681.0,36439996.0,66273669.0,36443251.0,0.345435,1.628525,2.0,2026-10-03T13:48:00.808Z,116.8179628800001,2.0,0.25,582882510.0,573832795.0,342305681.0,36439932.0,931558318.0,589252637.0,0.343844,25.148081,3.0,2026-10-03T13:49:41.137Z
37123731010,1,caddy,default,S3,3,1,93.04234889499998,0.0,0.0,569211450.0,2173841.0,342305681.0,0.0,,,,,3.0,2026-10-03T14:00:33.123Z,92.78479049200001,2.0,0.25,583177754.0,2203132.0,342305681.0,36440121.0,66273783.0,36443365.0,0.665606,2.069004,1.0,2026-10-03T13:56:45.790Z,119.05774164899998,2.0,0.25,583337034.0,576219663.0,342305681.0,36439998.0,931561256.0,589255575.0,0.693701,28.788395,2.0,2026-10-03T13:58:26.200Z
37123731010,1,caddy,default,S3,3,2,92.78199578600004,0.0,0.0,568656062.0,1816745.0,342305681.0,0.0,,,,,1.0,2026-10-03T14:02:13.786Z,92.21892615600007,2.0,0.25,583065187.0,2082283.0,342305681.0,36440121.0,66273783.0,36443365.0,0.708602,1.991377,3.0,2026-10-03T14:06:01.092Z,119.22080170799995,2.0,0.25,583411498.0,576695266.0,342305681.0,36439998.0,931559416.0,589253735.0,0.763623,27.787361,2.0,2026-10-03T14:03:54.094Z
37123731010,1,caddy,default,S3,3,3,90.066264391,0.0,0.0,569491251.0,1884956.0,342305681.0,0.0,,,,,1.0,2026-10-03T14:07:40.895Z,92.41666516100008,2.0,0.25,582522332.0,1601210.0,342305681.0,36440121.0,66273783.0,36443365.0,0.631082,2.149595,2.0,2026-10-03T14:09:18.357Z,118.56435231499995,2.0,0.25,583958695.0,577756375.0,342305681.0,36439998.0,931560306.0,589254625.0,0.701152,28.401896,3.0,2026-10-03T14:10:58.305Z
37123731010,1,caddy,default,S3,3,4,90.15815615299994,0.0,0.0,568235540.0,1485340.0,342305681.0,0.0,,,,,2.0,2026-10-03T14:14:45.263Z,93.19708528699994,2.0,0.25,582502099.0,1619008.0,342305681.0,36440121.0,66273783.0,36443365.0,0.675446,2.03828,1.0,2026-10-03T14:13:04.512Z,119.72245216700003,2.0,0.25,584003196.0,573283715.0,342305681.0,36439998.0,931561275.0,589255594.0,0.683774,30.218946,3.0,2026-10-03T14:16:22.713Z
37123731010,1,caddy,default,S3,3,5,92.07991027600019,0.0,0.0,568810258.0,1906858.0,342305681.0,0.0,,,,,2.0,2026-10-03T14:20:10.159Z,92.16346234299999,2.0,0.25,583064736.0,2075902.0,342305681.0,36440121.0,66273783.0,36443365.0,0.698865,2.172519,1.0,2026-10-03T14:18:30.234Z,118.61685909500011,2.0,0.25,583337872.0,576779998.0,342305681.0,36439998.0,931561935.0,589256254.0,0.69113,27.783526,3.0,2026-10-03T14:21:49.803Z
37123731010,1,caddy,default,S3,4,1,94.27390766100007,0.0,0.0,568113626.0,1403893.0,342305681.0,0.0,,,,,3.0,2026-10-03T13:37:34.506Z,94.726858526,2.0,0.25,582472534.0,1646246.0,342305681.0,36439954.0,66273616.0,36443198.0,0.254581,1.475385,2.0,2026-10-03T13:35:52.199Z,117.449170923,2.0,0.25,582832718.0,578836314.0,342305681.0,36440090.0,931559944.0,589254263.0,0.271425,25.485952,1.0,2026-10-03T13:33:47.071Z
37123731010,1,caddy,default,S3,4,2,92.65064024899993,0.0,0.0,568518378.0,1413281.0,342305681.0,0.0,,,,,2.0,2026-10-03T13:40:58.074Z,93.871007222,2.0,0.25,582275034.0,1493939.0,342305681.0,36439954.0,66273616.0,36443198.0,0.259181,1.574956,1.0,2026-10-03T13:39:16.334Z,116.02731149099986,2.0,0.25,582810953.0,578557007.0,342305681.0,36440090.0,931556563.0,589250882.0,0.239601,25.098136,3.0,2026-10-03T13:42:38.341Z
37123731010,1,caddy,default,S3,4,3,93.22819116300002,0.0,0.0,568403434.0,1467406.0,342305681.0,0.0,,,,,2.0,2026-10-03T13:46:46.799Z,92.62975012100014,2.0,0.25,582397321.0,1486864.0,342305681.0,36439954.0,66273616.0,36443198.0,0.25532,1.407103,3.0,2026-10-03T13:48:27.505Z,117.39436617499996,2.0,0.25,582836925.0,579510356.0,342305681.0,36440090.0,931562253.0,589256572.0,0.235242,25.439808,1.0,2026-10-03T13:44:41.730Z
37123731010,1,caddy,default,S3,4,4,92.78403219699999,0.0,0.0,568673253.0,1543009.0,342305681.0,0.0,,,,,1.0,2026-10-03T13:50:07.650Z,93.1419659180001,2.0,0.25,582338720.0,1536329.0,342305681.0,36439954.0,66273616.0,36443198.0,0.284954,0.435945,3.0,2026-10-03T13:53:53.937Z,118.3781228360001,2.0,0.25,583086996.0,578844612.0,342305681.0,36440090.0,931559365.0,589253684.0,0.26234,25.661786,2.0,2026-10-03T13:51:48.029Z
37123731010,1,caddy,default,S3,4,5,93.53016655600004,0.0,0.0,568154426.0,1433922.0,342305681.0,0.0,,,,,2.0,2026-10-03T13:57:40.598Z,95.85950911900022,2.0,0.25,582444524.0,1552339.0,342305681.0,36439954.0,66273616.0,36443198.0,0.248582,1.575087,3.0,2026-10-03T13:59:21.793Z,118.45035268600009,2.0,0.25,583119186.0,579491549.0,342305681.0,36440090.0,931560864.0,589255183.0,0.261202,24.322699,1.0,2026-10-03T13:55:34.804Z
37123731010,1,netbox,default,S0,1,1,122.77049771700001,0.0,0.0,240425930.0,797087.0,46220071.0,0.0,,,,,1.0,2026-10-03T14:12:41.439Z,23.71308910999994,10.0,1.0,190468957.0,1049617.0,46220071.0,142275480.0,188498703.0,142278632.0,0.666119,0.85733,2.0,2026-10-03T14:15:07.510Z,23.293282553999916,10.0,1.0,190034152.0,710231.0,46220071.0,142276300.0,444760097.0,398540026.0,0.743556,0.984236,3.0,2026-10-03T14:15:40.824Z
37123731010,1,netbox,default,S0,1,2,122.47713254899986,0.0,0.0,240359378.0,890712.0,46220071.0,0.0,,,,,3.0,2026-10-03T14:17:16.252Z,22.854369112999848,10.0,1.0,190011317.0,715904.0,46220071.0,142275480.0,188498703.0,142278632.0,0.660959,0.912161,2.0,2026-10-03T14:16:44.262Z,21.63888609999981,10.0,1.0,189810592.0,512773.0,46220071.0,142276300.0,444760097.0,398540026.0,0.675627,1.006705,1.0,2026-10-03T14:16:13.429Z
37123731010,1,netbox,default,S0,1,3,120.77692956199985,0.0,0.0,240670740.0,858151.0,46220071.0,0.0,,,,,1.0,2026-10-03T14:19:42.613Z,23.36506028100007,10.0,1.0,190231025.0,930748.0,46220071.0,142275480.0,188498703.0,142278632.0,0.676497,0.911971,3.0,2026-10-03T14:22:39.520Z,23.457365399000082,10.0,1.0,190361487.0,975427.0,46220071.0,142276300.0,444760097.0,398540026.0,0.679575,1.041518,2.0,2026-10-03T14:22:06.911Z
37123731010,1,netbox,default,S0,1,4,116.62345803400012,0.0,0.0,240590800.0,856310.0,46220071.0,0.0,,,,,2.0,2026-10-03T14:23:41.741Z,20.956149181,10.0,1.0,189355604.0,252051.0,46220071.0,142275480.0,188498703.0,142278632.0,0.593256,0.844033,1.0,2026-10-03T14:23:11.742Z,23.81748609100009,10.0,1.0,190247452.0,922054.0,46220071.0,142276300.0,444760097.0,398540026.0,0.697783,1.031088,3.0,2026-10-03T14:26:03.711Z
37123731010,1,netbox,default,S0,1,5,119.98876391199997,0.0,0.0,240487896.0,918365.0,46220071.0,0.0,,,,,2.0,2026-10-03T14:27:09.709Z,22.921398442000054,10.0,1.0,190001115.0,750244.0,46220071.0,142275480.0,188498703.0,142278632.0,0.713958,0.916399,3.0,2026-10-03T14:29:35.056Z,22.264896189999945,10.0,1.0,190254733.0,785649.0,46220071.0,142276300.0,444760097.0,398540026.0,0.644483,1.091768,1.0,2026-10-03T14:26:37.957Z
37123731010,1,netbox,default,S0,2,1,131.758102834,0.0,0.0,241248485.0,818293.0,46220071.0,0.0,,,,,2.0,2026-10-03T13:46:58.111Z,22.536483950000047,10.0,1.0,189327146.0,292399.0,46220071.0,142275540.0,188498751.0,142278680.0,0.233343,0.54528,3.0,2026-10-03T13:49:25.680Z,22.85143616900001,10.0,1.0,189339665.0,315565.0,46220071.0,142276056.0,444760259.0,398540188.0,0.241838,0.595837,1.0,2026-10-03T13:46:29.073Z
37123731010,1,netbox,default,S0,2,2,130.671437329,0.0,0.0,240169349.0,846980.0,46220071.0,0.0,,,,,2.0,2026-10-03T13:50:21.757Z,21.551099594999982,10.0,1.0,189246332.0,244360.0,46220071.0,142275540.0,188498751.0,142278680.0,0.212867,0.546529,1.0,2026-10-03T13:49:54.374Z,22.65552187100002,10.0,1.0,189370187.0,338052.0,46220071.0,142276056.0,444760259.0,398540188.0,0.18784,0.575868,3.0,2026-10-03T13:52:47.839Z
37123731010,1,netbox,default,S0,2,3,129.908176303,0.0,0.0,240815265.0,874621.0,46220071.0,0.0,,,,,2.0,2026-10-03T13:53:44.772Z,22.232563562999985,10.0,1.0,189412714.0,371324.0,46220071.0,142275540.0,188498751.0,142278680.0,0.237905,0.414348,1.0,2026-10-03T13:53:16.547Z,22.44242035100001,10.0,1.0,189324107.0,305534.0,46220071.0,142276056.0,444760259.0,398540188.0,0.231795,0.571498,3.0,2026-10-03T13:56:10.395Z
37123731010,1,netbox,default,S0,2,4,130.80449420499986,0.0,0.0,240543355.0,847379.0,46220071.0,0.0,,,,,1.0,2026-10-03T13:56:38.675Z,22.629590060000055,10.0,1.0,189361283.0,311485.0,46220071.0,142275540.0,188498751.0,142278680.0,0.242699,0.46414,3.0,2026-10-03T13:59:32.803Z,21.77989387699995,10.0,1.0,189255212.0,281828.0,46220071.0,142276056.0,444760259.0,398540188.0,0.269252,0.627934,2.0,2026-10-03T13:59:04.779Z
37123731010,1,netbox,default,S0,2,5,130.22620323699994,0.0,0.0,240256234.0,847338.0,46220071.0,0.0,,,,,2.0,2026-10-03T14:00:30.899Z,22.668689531000155,10.0,1.0,189435475.0,352657.0,46220071.0,142275540.0,188498751.0,142278680.0,0.207874,0.564858,3.0,2026-10-03T14:02:56.575Z,23.500423627999908,10.0,1.0,189496213.0,371954.0,46220071.0,142276056.0,444760259.0,398540188.0,0.277655,0.574984,1.0,2026-10-03T14:00:01.395Z
37123731010,1,netbox,default,S0,3,1,132.33950957700006,0.0,0.0,240206699.0,874280.0,46220071.0,0.0,,,,,2.0,2026-10-03T12:49:49.928Z,22.385189991999994,10.0,1.0,189433930.0,348661.0,46220071.0,142276782.0,188500002.0,142279931.0,0.269309,0.572152,1.0,2026-10-03T12:49:21.391Z,22.486439770999937,10.0,1.0,189469722.0,378744.0,46220071.0,142276828.0,444761242.0,398541171.0,0.259151,0.673812,3.0,2026-10-03T12:52:17.895Z
37123731010,1,netbox,default,S0,3,2,131.7366224089999,0.0,0.0,240157630.0,846461.0,46220071.0,0.0,,,,,3.0,2026-10-03T12:53:42.629Z,22.608339127000022,10.0,1.0,189443192.0,345382.0,46220071.0,142276782.0,188500002.0,142279931.0,0.311753,0.601129,1.0,2026-10-03T12:52:46.396Z,21.69811328800006,10.0,1.0,189261909.0,275908.0,46220071.0,142276828.0,444761242.0,398541171.0,0.256203,0.64571,2.0,2026-10-03T12:53:14.908Z
37123731010,1,netbox,default,S0,3,3,132.30197556200005,0.0,0.0,240144370.0,849102.0,46220071.0,0.0,,,,,2.0,2026-10-03T12:56:38.019Z,22.427901411999983,10.0,1.0,189508295.0,394782.0,46220071.0,142276782.0,188500002.0,142279931.0,0.30537,0.577195,3.0,2026-10-03T12:59:05.813Z,22.348489692000044,10.0,1.0,189472687.0,377786.0,46220071.0,142276828.0,444761242.0,398541171.0,0.286686,0.574835,1.0,2026-10-03T12:56:09.688Z
37123731010,1,netbox,default,S0,3,4,132.89714282699993,0.0,0.0,240194338.0,883172.0,46220071.0,0.0,,,,,2.0,2026-10-03T13:00:01.971Z,21.622294020000027,10.0,1.0,189305276.0,308256.0,46220071.0,142276782.0,188500002.0,142279931.0,0.237525,0.586905,1.0,2026-10-03T12:59:34.282Z,23.034229641000138,10.0,1.0,189385500.0,344709.0,46220071.0,142276828.0,444761242.0,398541171.0,0.282231,1.146665,3.0,2026-10-03T13:02:30.073Z
37123731010,1,netbox,default,S0,3,5,131.83719694299998,0.0,0.0,240144077.0,835081.0,46220071.0,0.0,,,,,1.0,2026-10-03T13:02:59.232Z,22.292700042999968,10.0,1.0,189426452.0,370942.0,46220071.0,142276782.0,188500002.0,142279931.0,0.2216,0.511086,3.0,2026-10-03T13:05:55.033Z,22.380398667999998,10.0,1.0,189455063.0,394856.0,46220071.0,142276828.0,444761242.0,398541171.0,0.326138,0.615655,2.0,2026-10-03T13:05:26.704Z
37123731010,1,netbox,default,S0,4,1,94.394626029,0.0,0.0,240397674.0,875504.0,46220071.0,0.0,,,,,3.0,2026-10-03T14:18:44.823Z,21.20035937900002,10.0,1.0,189918489.0,593498.0,46220071.0,142276040.0,188499251.0,142279180.0,0.475293,0.634543,2.0,2026-10-03T14:18:14.806Z,20.18716105599998,10.0,1.0,190087773.0,823844.0,46220071.0,142275404.0,444759590.0,398539519.0,0.517006,0.84701,1.0,2026-10-03T14:17:44.922Z
37123731010,1,netbox,default,S0,4,2,96.224652343,0.0,0.0,240388258.0,883392.0,46220071.0,0.0,,,,,2.0,2026-10-03T14:21:11.661Z,19.431037422999964,10.0,1.0,189986921.0,817709.0,46220071.0,142276040.0,188499251.0,142279180.0,0.504436,0.684094,1.0,2026-10-03T14:20:43.076Z,19.894974065999918,10.0,1.0,190486026.0,1161993.0,46220071.0,142275404.0,444759590.0,398539519.0,0.494929,0.824767,3.0,2026-10-03T14:23:12.466Z
37123731010,1,netbox,default,S0,4,3,96.10028633599995,0.0,0.0,240349543.0,875110.0,46220071.0,0.0,,,,,2.0,2026-10-03T14:24:09.203Z,18.57162313499998,10.0,1.0,190145803.0,712897.0,46220071.0,142276040.0,188499251.0,142279180.0,0.551587,0.64023,1.0,2026-10-03T14:23:41.579Z,19.79318677699996,10.0,1.0,190236110.0,936845.0,46220071.0,142275404.0,444759590.0,398539519.0,0.529464,1.139089,3.0,2026-10-03T14:26:10.589Z
37123731010,1,netbox,default,S0,4,4,96.12445443899992,0.0,0.0,240208120.0,812147.0,46220071.0,0.0,,,,,1.0,2026-10-03T14:26:39.590Z,19.652282554999942,10.0,1.0,190111677.0,829557.0,46220071.0,142276040.0,188499251.0,142279180.0,0.477679,0.751531,2.0,2026-10-03T14:28:40.409Z,18.477631926999948,10.0,1.0,189833166.0,594071.0,46220071.0,142275404.0,444759590.0,398539519.0,0.493241,0.769556,3.0,2026-10-03T14:29:09.082Z
37123731010,1,netbox,default,S0,4,5,93.48757813499992,0.0,0.0,240490561.0,872010.0,46220071.0,0.0,,,,,1.0,2026-10-03T14:29:36.928Z,18.915946315999918,10.0,1.0,190107857.0,877843.0,46220071.0,142276040.0,188499251.0,142279180.0,0.483553,0.755614,3.0,2026-10-03T14:32:04.049Z,19.09409146200005,10.0,1.0,190567096.0,1010076.0,46220071.0,142275404.0,444759590.0,398539519.0,0.525432,0.787297,2.0,2026-10-03T14:31:36.031Z
37123731010,1,netbox,default,S1,1,1,135.16454422599998,0.0,0.0,240929917.0,869809.0,46220071.0,0.0,,,,,3.0,2026-10-03T14:59:34.727Z,138.512875006,2.0,0.2,230922569.0,148109735.0,46220071.0,1271378.0,188499468.0,142279397.0,0.290059,3.062604,1.0,2026-10-03T14:55:21.250Z,82.12868336300005,7.0,0.7,335723839.0,116084087.0,46220071.0,287732430.0,444761303.0,398541232.0,0.300356,6.130158,2.0,2026-10-03T14:57:56.347Z
37123731010,1,netbox,default,S1,1,2,131.614670057,0.0,0.0,241168107.0,867198.0,46220071.0,0.0,,,,,1.0,2026-10-03T15:02:05.327Z,136.26180113200007,2.0,0.2,230663969.0,148009724.0,46220071.0,1271378.0,188499552.0,142279481.0,0.276056,3.454347,3.0,2026-10-03T15:06:08.489Z,79.42115360100001,7.0,0.7,335886981.0,116367846.0,46220071.0,287732430.0,444761536.0,398541465.0,0.264044,6.248518,2.0,2026-10-03T15:04:32.671Z
37123731010,1,netbox,default,S1,1,3,131.85005561100002,0.0,0.0,240350698.0,877131.0,46220071.0,0.0,,,,,1.0,2026-10-03T15:08:41.056Z,135.67997456399985,2.0,0.2,230516074.0,148078873.0,46220071.0,1271378.0,188499382.0,142279311.0,0.256626,3.306109,2.0,2026-10-03T15:11:08.729Z,79.16162927100004,7.0,0.7,335790615.0,116244981.0,46220071.0,287732430.0,444761789.0,398541718.0,0.246982,6.041557,3.0,2026-10-03T15:13:40.221Z
37123731010,1,netbox,default,S1,1,4,131.4435273690001,0.0,0.0,241177321.0,858918.0,46220071.0,0.0,,,,,1.0,2026-10-03T15:15:14.982Z,136.82158613899992,2.0,0.2,230580321.0,148187474.0,46220071.0,1271378.0,188499894.0,142279823.0,0.283675,3.3309,2.0,2026-10-03T15:17:42.664Z,78.448816567,7.0,0.7,335547527.0,116138080.0,46220071.0,287732430.0,444761470.0,398541399.0,0.286255,6.064617,3.0,2026-10-03T15:20:15.010Z
37123731010,1,netbox,default,S1,1,5,132.05153690199973,0.0,0.0,240368924.0,856908.0,46220071.0,0.0,,,,,1.0,2026-10-03T15:21:49.143Z,140.73273769600019,2.0,0.2,230412615.0,147919294.0,46220071.0,1271378.0,188499844.0,142279773.0,0.314871,3.208841,3.0,2026-10-03T15:25:57.017Z,79.93950225499975,7.0,0.7,335517707.0,116213713.0,46220071.0,287732430.0,444761715.0,398541644.0,0.297666,5.851878,2.0,2026-10-03T15:24:17.753Z
37123731010,1,netbox,default,S1,2,1,120.52383766600008,0.0,0.0,240221864.0,837255.0,46220071.0,0.0,,,,,2.0,2026-10-03T12:50:45.503Z,123.49353749399995,2.0,0.2,230319465.0,146950399.0,46220071.0,1271332.0,188499354.0,142279283.0,0.794039,4.485053,1.0,2026-10-03T12:48:16.453Z,80.38278064700012,7.0,0.7,336216342.0,116202997.0,46220071.0,287732940.0,444762141.0,398542070.0,0.708997,7.039205,3.0,2026-10-03T12:53:09.766Z
37123731010,1,netbox,default,S1,2,2,116.80690063399993,0.0,0.0,240061160.0,770118.0,46220071.0,0.0,,,,,1.0,2026-10-03T12:54:55.068Z,120.85678556199991,2.0,0.2,230672039.0,147371360.0,46220071.0,1271332.0,188500149.0,142280078.0,0.689909,4.578224,2.0,2026-10-03T12:57:16.052Z,77.82736677599996,7.0,0.7,336349128.0,116403411.0,46220071.0,287732940.0,444761538.0,398541467.0,0.688264,6.955901,3.0,2026-10-03T12:59:40.888Z
37123731010,1,netbox,default,S1,2,3,113.50259943200012,0.0,0.0,240192894.0,819171.0,46220071.0,0.0,,,,,1.0,2026-10-03T13:01:23.436Z,120.5518579479999,2.0,0.2,230319327.0,147219532.0,46220071.0,1271332.0,188499833.0,142279762.0,0.660906,4.824154,3.0,2026-10-03T13:05:21.828Z,75.91816438600017,7.0,0.7,336010033.0,115932619.0,46220071.0,287732940.0,444762270.0,398542199.0,0.657535,7.153696,2.0,2026-10-03T13:03:41.719Z
37123731010,1,netbox,default,S1,2,4,114.81984564799995,0.0,0.0,240243085.0,806449.0,46220071.0,0.0,,,,,1.0,2026-10-03T13:07:46.540Z,120.81044642100005,2.0,0.2,230598444.0,147439027.0,46220071.0,1271332.0,188498790.0,142278719.0,0.704125,4.656912,3.0,2026-10-03T13:11:49.571Z,79.5276628040001,7.0,0.7,336710445.0,116813207.0,46220071.0,287732940.0,444762195.0,398542124.0,0.681997,7.067261,2.0,2026-10-03T13:10:05.661Z
37123731010,1,netbox,default,S1,2,5,111.95556930500015,0.0,0.0,240250376.0,781758.0,46220071.0,0.0,,,,,3.0,2026-10-03T13:18:19.130Z,120.05539465799984,2.0,0.2,230310191.0,147364313.0,46220071.0,1271332.0,188497809.0,142277738.0,0.746831,4.647555,2.0,2026-10-03T13:15:54.359Z,74.61333860600007,7.0,0.7,335862015.0,114993019.0,46220071.0,287732940.0,444762417.0,398542346.0,0.690391,7.048319,1.0,2026-10-03T13:14:14.933Z
37123731010,1,netbox,default,S1,3,1,132.87174827599995,0.0,0.0,242450764.0,825627.0,46220071.0,0.0,,,,,1.0,2026-10-03T15:18:07.695Z,139.69157960200005,2.0,0.2,232063325.0,147940298.0,46220071.0,1271384.0,188499676.0,142279605.0,0.698266,4.605844,2.0,2026-10-03T15:20:38.281Z,85.03216091999991,7.0,0.7,336180504.0,116447211.0,46220071.0,287732496.0,444759770.0,398539699.0,0.722565,7.160344,3.0,2026-10-03T15:23:15.757Z
37123731010,1,netbox,default,S1,3,2,131.70175388999996,0.0,0.0,240144455.0,804694.0,46220071.0,0.0,,,,,2.0,2026-10-03T15:26:44.034Z,140.65519584599997,2.0,0.2,230495646.0,147516803.0,46220071.0,1271384.0,188499972.0,142279901.0,0.737995,4.397257,3.0,2026-10-03T15:29:12.627Z,86.68458335699995,7.0,0.7,336444342.0,116046780.0,46220071.0,287732496.0,444761255.0,398541184.0,0.698378,7.008131,1.0,2026-10-03T15:24:59.793Z
37123731010,1,netbox,default,S1,3,3,136.54847755699984,0.0,0.0,241055152.0,829531.0,46220071.0,0.0,,,,,2.0,2026-10-03T15:33:36.941Z,139.40473110400012,2.0,0.2,230526410.0,147843340.0,46220071.0,1271384.0,188499429.0,142279358.0,0.68839,4.698537,3.0,2026-10-03T15:36:11.178Z,87.79747721499984,7.0,0.7,336337314.0,116343829.0,46220071.0,287732496.0,444761706.0,398541635.0,0.678358,7.448923,1.0,2026-10-03T15:31:51.684Z
37123731010,1,netbox,default,S1,3,4,132.2090699759999,0.0,0.0,241263710.0,812800.0,46220071.0,0.0,,,,,3.0,2026-10-03T15:43:10.282Z,138.42346812000005,2.0,0.2,230492501.0,147285453.0,46220071.0,1271384.0,188499895.0,142279824.0,0.604939,4.324569,1.0,2026-10-03T15:38:48.246Z,88.76267016500015,7.0,0.7,336203799.0,116216566.0,46220071.0,287732496.0,444761549.0,398541478.0,0.686624,7.752589,2.0,2026-10-03T15:41:24.118Z
37123731010,1,netbox,default,S1,3,5,132.9077239100002,0.0,0.0,241105629.0,834987.0,46220071.0,0.0,,,,,1.0,2026-10-03T15:45:39.191Z,138.0514552779996,2.0,0.2,230741690.0,147194187.0,46220071.0,1271384.0,188498140.0,142278069.0,0.726427,4.651878,3.0,2026-10-03T15:49:52.341Z,85.50849573599999,7.0,0.7,336281966.0,116581415.0,46220071.0,287732496.0,444761454.0,398541383.0,0.836713,7.087458,2.0,2026-10-03T15:48:09.060Z
37123731010,1,netbox,default,S1,4,1,136.37764485700006,0.0,0.0,241292073.0,826796.0,46220071.0,0.0,,,,,3.0,2026-10-03T13:43:00.711Z,139.213877206,2.0,0.2,231257121.0,147899948.0,46220071.0,1271349.0,188499767.0,142279696.0,0.337287,3.425742,2.0,2026-10-03T13:40:08.690Z,78.84401688899999,7.0,0.7,335722504.0,116232558.0,46220071.0,287730250.0,444759091.0,398539020.0,0.28445,5.886142,1.0,2026-10-03T13:38:19.476Z
37123731010,1,netbox,default,S1,4,2,132.3999070509999,0.0,0.0,240213787.0,810313.0,46220071.0,0.0,,,,,2.0,2026-10-03T13:48:35.244Z,136.40046999599986,2.0,0.2,230380320.0,148115703.0,46220071.0,1271349.0,188499392.0,142279321.0,0.263455,3.08212,1.0,2026-10-03T13:45:49.975Z,78.54063740299989,7.0,0.7,335780985.0,116226474.0,46220071.0,287730250.0,444759292.0,398539221.0,0.254172,6.020145,3.0,2026-10-03T13:51:20.818Z
37123731010,1,netbox,default,S1,4,3,132.42229075499995,0.0,0.0,241885906.0,848744.0,46220071.0,0.0,,,,,3.0,2026-10-03T13:57:49.220Z,136.75615051700015,2.0,0.2,231435138.0,148120774.0,46220071.0,1271349.0,188499172.0,142279101.0,0.256619,3.15388,2.0,2026-10-03T13:54:59.941Z,78.16883947799988,7.0,0.7,335328882.0,116047873.0,46220071.0,287730250.0,444759289.0,398539218.0,0.24249,6.18481,1.0,2026-10-03T13:53:08.857Z
37123731010,1,netbox,default,S1,4,4,134.1985818610001,0.0,0.0,240222121.0,862181.0,46220071.0,0.0,,,,,3.0,2026-10-03T14:05:08.045Z,139.11332886399987,2.0,0.2,230422614.0,147974688.0,46220071.0,1271349.0,188499536.0,142279465.0,0.263319,3.691532,1.0,2026-10-03T14:00:30.266Z,78.96047079000004,7.0,0.7,335717981.0,116162271.0,46220071.0,287730250.0,444759708.0,398539637.0,0.273322,6.23686,2.0,2026-10-03T14:03:19.703Z
37123731010,1,netbox,default,S1,4,5,134.10816290899993,0.0,0.0,240166052.0,862985.0,46220071.0,0.0,,,,,3.0,2026-10-03T14:12:26.683Z,138.11570525800016,2.0,0.2,230566888.0,148064972.0,46220071.0,1271349.0,188500803.0,142280732.0,0.330818,2.889154,2.0,2026-10-03T14:09:40.962Z,78.559512413,7.0,0.7,335657502.0,116179099.0,46220071.0,287730250.0,444759228.0,398539157.0,0.295164,5.951088,1.0,2026-10-03T14:07:51.130Z
37123731010,1,netbox,default,S2,1,1,129.8423032080001,0.0,0.0,242346487.0,760050.0,46220071.0,0.0,,,,,2.0,2026-10-03T14:14:58.729Z,148.22132091899994,2.0,0.2,230377775.0,147203522.0,46220071.0,1271334.0,188500063.0,142279992.0,0.693512,16.555971,3.0,2026-10-03T14:17:24.115Z,141.94254648099997,4.0,0.4,251272404.0,292608039.0,46220071.0,118417586.0,444759179.0,398539108.0,0.698752,16.993992,1.0,2026-10-03T14:12:20.472Z
37123731010,1,netbox,default,S2,1,2,129.58308664100002,0.0,0.0,242638598.0,793970.0,46220071.0,0.0,,,,,1.0,2026-10-03T14:20:08.094Z,136.5940657330002,2.0,0.2,230439231.0,147386892.0,46220071.0,1271334.0,188499948.0,142279877.0,0.697294,4.702707,3.0,2026-10-03T14:25:12.773Z,143.561038694,4.0,0.4,251228357.0,293085096.0,46220071.0,118417586.0,444761890.0,398541819.0,0.689435,17.789223,2.0,2026-10-03T14:22:33.143Z
37123731010,1,netbox,default,S2,1,3,129.68493197600014,0.0,0.0,240037822.0,762448.0,46220071.0,0.0,,,,,1.0,2026-10-03T14:27:45.678Z,138.41777191300002,2.0,0.2,231844783.0,147639683.0,46220071.0,1271334.0,188499345.0,142279274.0,0.801479,4.869662,2.0,2026-10-03T14:30:11.073Z,143.82661831899986,4.0,0.4,251250075.0,292558229.0,46220071.0,118417586.0,444759409.0,398539338.0,0.730082,17.179115,3.0,2026-10-03T14:32:45.872Z
37123731010,1,netbox,default,S2,1,4,131.02329874800012,0.0,0.0,240039137.0,773218.0,46220071.0,0.0,,,,,2.0,2026-10-03T14:38:05.351Z,139.2394695209996,2.0,0.2,232250447.0,147554506.0,46220071.0,1271334.0,188499565.0,142279494.0,0.726264,4.57379,3.0,2026-10-03T14:40:32.352Z,143.14724997400003,4.0,0.4,251266948.0,291966908.0,46220071.0,118417586.0,444757434.0,398537363.0,0.706584,16.785975,1.0,2026-10-03T14:35:26.148Z
37123731010,1,netbox,default,S2,1,5,131.74520914099958,0.0,0.0,241109780.0,750004.0,46220071.0,0.0,,,,,3.0,2026-10-03T14:48:28.091Z,139.03238763599984,2.0,0.2,230318217.0,147535965.0,46220071.0,1271334.0,188500223.0,142280152.0,0.591706,4.617794,1.0,2026-10-03T14:43:08.177Z,147.9445963539997,4.0,0.4,251312903.0,291702163.0,46220071.0,118417586.0,444759651.0,398539580.0,0.698398,17.551264,2.0,2026-10-03T14:45:43.456Z
37123731010,1,netbox,default,S2,2,1,132.3443602619999,0.0,0.0,241366877.0,797287.0,46220071.0,0.0,,,,,3.0,2026-10-03T12:53:27.283Z,136.73242354599995,2.0,0.2,230404896.0,147812234.0,46220071.0,1271353.0,188499327.0,142279256.0,0.225223,3.166744,2.0,2026-10-03T12:50:54.864Z,140.794699573,4.0,0.4,251049756.0,292722254.0,46220071.0,118417343.0,444762690.0,398542619.0,0.223973,15.236861,1.0,2026-10-03T12:48:18.077Z
37123731010,1,netbox,default,S2,2,2,132.77035148100015,0.0,0.0,240054089.0,811815.0,46220071.0,0.0,,,,,2.0,2026-10-03T12:58:28.528Z,137.15289145399993,2.0,0.2,230315586.0,147880559.0,46220071.0,1271353.0,188500086.0,142280015.0,0.235618,3.430531,1.0,2026-10-03T12:55:55.462Z,143.43764489299997,4.0,0.4,251035867.0,292684928.0,46220071.0,118417343.0,444761935.0,398541864.0,0.206695,15.441906,3.0,2026-10-03T13:00:57.306Z
37123731010,1,netbox,default,S2,2,3,135.57716749099995,0.0,0.0,240125993.0,833672.0,46220071.0,0.0,,,,,2.0,2026-10-03T13:06:16.078Z,139.28944825600001,2.0,0.2,230341247.0,147813871.0,46220071.0,1271353.0,188499906.0,142279835.0,0.276013,3.226016,3.0,2026-10-03T13:08:47.587Z,141.48965703599993,4.0,0.4,250851318.0,293080712.0,46220071.0,118417343.0,444762314.0,398542243.0,0.254788,15.423028,1.0,2026-10-03T13:03:37.835Z
37123731010,1,netbox,default,S2,2,4,132.82340394799985,0.0,0.0,240134937.0,801145.0,46220071.0,0.0,,,,,1.0,2026-10-03T13:11:23.076Z,138.88499512299995,2.0,0.2,230344638.0,147849543.0,46220071.0,1271353.0,188498643.0,142278572.0,0.216972,3.12407,3.0,2026-10-03T13:16:28.051Z,140.89001719499993,4.0,0.4,250869827.0,292732085.0,46220071.0,118417343.0,444762094.0,398542023.0,0.197953,15.91081,2.0,2026-10-03T13:13:51.429Z
37123731010,1,netbox,default,S2,2,5,135.71265186999972,0.0,0.0,240964918.0,804193.0,46220071.0,0.0,,,,,1.0,2026-10-03T13:19:02.863Z,142.02877985999976,2.0,0.2,230361646.0,147762168.0,46220071.0,1271353.0,188499035.0,142278964.0,0.223787,3.377461,3.0,2026-10-03T13:24:14.362Z,143.11640677600008,4.0,0.4,251006429.0,292933470.0,46220071.0,118417343.0,444758314.0,398538243.0,0.220926,15.911508,2.0,2026-10-03T13:21:34.500Z
37123731010,1,netbox,default,S2,3,1,96.425595413,0.0,0.0,240555290.0,1020516.0,46220071.0,0.0,,,,,3.0,2026-10-03T13:34:47.791Z,103.89532789199995,2.0,0.2,230741776.0,144734637.0,46220071.0,1271373.0,188494104.0,142274033.0,0.479802,3.702462,2.0,2026-10-03T13:32:18.303Z,105.35570730000006,4.0,0.4,251758527.0,286996981.0,46220071.0,118416684.0,444756911.0,398536840.0,0.458165,12.967515,1.0,2026-10-03T13:29:47.707Z
37123731010,1,netbox,default,S2,3,2,96.84822151699996,0.0,0.0,240621333.0,964093.0,46220071.0,0.0,,,,,1.0,2026-10-03T13:37:09.027Z,101.98210381699982,2.0,0.2,230946528.0,147610770.0,46220071.0,1271373.0,188498213.0,142278142.0,0.492271,3.817248,3.0,2026-10-03T13:42:01.934Z,105.02630949299987,4.0,0.4,251829204.0,286783086.0,46220071.0,118416684.0,444758475.0,398538404.0,0.430638,13.088518,2.0,2026-10-03T13:39:31.069Z
37123731010,1,netbox,default,S2,3,3,96.07459799200001,0.0,0.0,240473647.0,923664.0,46220071.0,0.0,,,,,3.0,2026-10-03T13:49:28.245Z,101.81154106099984,2.0,0.2,230862498.0,144814021.0,46220071.0,1271373.0,188498149.0,142278078.0,0.493125,3.600638,2.0,2026-10-03T13:46:59.966Z,104.47606257400003,4.0,0.4,251702712.0,286622235.0,46220071.0,118416684.0,444758849.0,398538778.0,0.511157,13.056031,1.0,2026-10-03T13:44:29.793Z
37123731010,1,netbox,default,S2,3,4,96.74870679900005,0.0,0.0,240581941.0,1058497.0,46220071.0,0.0,,,,,1.0,2026-10-03T13:51:50.053Z,103.57533309100018,2.0,0.2,230895461.0,144109444.0,46220071.0,1271373.0,188498416.0,142278345.0,0.456743,3.742675,2.0,2026-10-03T13:54:12.815Z,106.20023050300006,4.0,0.4,251850149.0,287771817.0,46220071.0,118416684.0,444759350.0,398539279.0,0.50784,12.799543,3.0,2026-10-03T13:56:42.246Z
37123731010,1,netbox,default,S2,3,5,97.42942175299959,0.0,0.0,240666033.0,1034140.0,46220071.0,0.0,,,,,1.0,2026-10-03T13:59:14.695Z,108.756220235,2.0,0.2,230831751.0,144219745.0,46220071.0,1271373.0,188498024.0,142277953.0,0.480305,3.585874,2.0,2026-10-03T14:01:37.205Z,116.66932644100007,4.0,0.4,251835235.0,286555143.0,46220071.0,118416684.0,444759392.0,398539321.0,0.523077,14.168468,3.0,2026-10-03T14:04:13.201Z
37123731010,1,netbox,default,S2,4,1,115.40857732300003,0.0,0.0,240105940.0,777562.0,46220071.0,0.0,,,,,2.0,2026-10-03T14:31:51.188Z,121.184754021,2.0,0.2,230436187.0,144289483.0,46220071.0,1271361.0,188498056.0,142277985.0,0.675533,4.69085,1.0,2026-10-03T14:29:25.862Z,129.10137943200004,4.0,0.4,251475155.0,285578870.0,46220071.0,118417317.0,444759083.0,398539012.0,0.665412,16.433954,3.0,2026-10-03T14:34:10.252Z
37123731010,1,netbox,default,S2,4,2,116.01941078200002,0.0,0.0,240180028.0,767408.0,46220071.0,0.0,,,,,1.0,2026-10-03T14:36:43.895Z,119.76370752699995,2.0,0.2,230657689.0,144056032.0,46220071.0,1271361.0,188499165.0,142279094.0,0.725828,4.783009,3.0,2026-10-03T14:41:34.479Z,126.88964606800005,4.0,0.4,251436092.0,286160888.0,46220071.0,118417317.0,444760344.0,398540273.0,0.65241,16.466646,2.0,2026-10-03T14:39:03.500Z
37123731010,1,netbox,default,S2,4,3,115.84141676299987,0.0,0.0,240160226.0,801383.0,46220071.0,0.0,,,,,2.0,2026-10-03T14:46:24.161Z,121.34515112100007,2.0,0.2,230422966.0,144580750.0,46220071.0,1271361.0,188498375.0,142278304.0,0.684457,4.751666,1.0,2026-10-03T14:43:58.305Z,125.16750202899993,4.0,0.4,251366265.0,285868749.0,46220071.0,118417317.0,444759070.0,398538999.0,0.678433,15.614154,3.0,2026-10-03T14:48:43.519Z
37123731010,1,netbox,default,S2,4,4,112.72843229599994,0.0,0.0,240119776.0,774674.0,46220071.0,0.0,,,,,3.0,2026-10-03T14:56:07.426Z,120.39999178499988,2.0,0.2,230641618.0,144311905.0,46220071.0,1271361.0,188497873.0,142277802.0,0.707084,4.445851,1.0,2026-10-03T14:51:12.690Z,126.15959185999986,4.0,0.4,251288344.0,285571280.0,46220071.0,118417317.0,444757666.0,398537595.0,0.676342,16.043569,2.0,2026-10-03T14:53:37.310Z
37123731010,1,netbox,default,S2,4,5,116.64102112199998,0.0,0.0,240115844.0,842259.0,46220071.0,0.0,,,,,1.0,2026-10-03T14:58:23.716Z,122.44121525499986,2.0,0.2,230489377.0,144053064.0,46220071.0,1271361.0,188500682.0,142280611.0,0.670016,4.799748,3.0,2026-10-03T15:03:15.546Z,127.594730239,4.0,0.4,251413457.0,285852526.0,46220071.0,118417317.0,444759148.0,398539077.0,0.683004,15.561523,2.0,2026-10-03T15:00:43.723Z
37123731010,1,netbox,default,S3,1,1,134.23782586000004,0.0,0.0,240814657.0,800410.0,46220071.0,0.0,,,,,2.0,2026-10-03T14:23:31.464Z,139.64958279299992,2.0,0.2,232909908.0,147260841.0,46220071.0,1271373.0,188499591.0,142279520.0,0.709848,4.412204,1.0,2026-10-03T14:20:55.660Z,154.764235042,2.0,0.2,230653609.0,414393151.0,46220071.0,1271336.0,444761230.0,398541159.0,0.680257,20.143188,3.0,2026-10-03T14:26:00.875Z
37123731010,1,netbox,default,S3,1,2,134.39144907500008,0.0,0.0,240532035.0,786201.0,46220071.0,0.0,,,,,1.0,2026-10-03T14:28:51.760Z,140.42258857699994,2.0,0.2,230607399.0,147351811.0,46220071.0,1271373.0,188499093.0,142279022.0,0.687825,4.872638,3.0,2026-10-03T14:34:13.363Z,155.75159512599998,2.0,0.2,231516318.0,411788667.0,46220071.0,1271336.0,444761624.0,398541553.0,0.771038,20.696797,2.0,2026-10-03T14:31:21.589Z
37123731010,1,netbox,default,S3,1,3,134.09780331499996,0.0,0.0,240995895.0,752035.0,46220071.0,0.0,,,,,3.0,2026-10-03T14:42:23.714Z,142.48799573299993,2.0,0.2,231140014.0,147332698.0,46220071.0,1271373.0,188499243.0,142279172.0,0.718896,4.629025,1.0,2026-10-03T14:36:49.844Z,158.84944135600017,2.0,0.2,231083936.0,413003321.0,46220071.0,1271336.0,444760940.0,398540869.0,0.69911,20.538224,2.0,2026-10-03T14:39:28.492Z
37123731010,1,netbox,default,S3,1,4,135.4292043739997,0.0,0.0,240171310.0,798358.0,46220071.0,0.0,,,,,2.0,2026-10-03T14:47:29.893Z,140.4082415349999,2.0,0.2,230430966.0,147266037.0,46220071.0,1271373.0,188498695.0,142278624.0,0.703188,4.652539,1.0,2026-10-03T14:44:53.259Z,156.2992281339998,2.0,0.2,231800861.0,413831802.0,46220071.0,1271336.0,444761150.0,398541079.0,0.686007,19.429337,3.0,2026-10-03T14:50:00.741Z
37123731010,1,netbox,default,S3,1,5,135.73413844300012,0.0,0.0,240188914.0,805257.0,46220071.0,0.0,,,,,1.0,2026-10-03T14:52:53.183Z,140.03819968000016,2.0,0.2,231060146.0,147888336.0,46220071.0,1271373.0,188499098.0,142279027.0,0.684032,4.868543,3.0,2026-10-03T14:58:14.302Z,153.95643996800027,2.0,0.2,232751777.0,412800426.0,46220071.0,1271336.0,444760881.0,398540810.0,0.721749,19.698415,2.0,2026-10-03T14:55:24.423Z
37123731010,1,netbox,default,S3,2,1,97.92406746400002,0.0,0.0,240403054.0,899690.0,46220071.0,0.0,,,,,2.0,2026-10-03T15:08:06.449Z,103.176817583,2.0,0.2,230801136.0,145039491.0,46220071.0,1271370.0,188498513.0,142278442.0,0.559204,4.093612,3.0,2026-10-03T15:10:07.096Z,114.89151271700001,2.0,0.2,231097034.0,405697242.0,46220071.0,1271325.0,444758318.0,398538247.0,0.496266,15.724646,1.0,2026-10-03T15:05:47.148Z
37123731010,1,netbox,default,S3,2,2,99.45999835599991,0.0,0.0,240526062.0,945751.0,46220071.0,0.0,,,,,1.0,2026-10-03T15:12:15.774Z,104.07252060699989,2.0,0.2,230698188.0,144494308.0,46220071.0,1271370.0,188497886.0,142277815.0,0.470561,3.546905,3.0,2026-10-03T15:16:43.008Z,118.72432737199995,2.0,0.2,231401096.0,405055491.0,46220071.0,1271325.0,444757590.0,398537519.0,0.532796,14.757117,2.0,2026-10-03T15:14:20.065Z
37123731010,1,netbox,default,S3,2,3,102.16944238999986,0.0,0.0,240631294.0,1090969.0,46220071.0,0.0,,,,,1.0,2026-10-03T15:18:53.616Z,106.64127647800001,2.0,0.2,230963945.0,144078949.0,46220071.0,1271370.0,188499468.0,142279397.0,0.559751,3.755029,3.0,2026-10-03T15:23:22.690Z,116.477380434,2.0,0.2,231183412.0,405515433.0,46220071.0,1271325.0,444760100.0,398540029.0,0.537924,15.121223,2.0,2026-10-03T15:21:00.599Z
37123731010,1,netbox,default,S3,2,4,99.48110457999996,0.0,0.0,240479527.0,950612.0,46220071.0,0.0,,,,,1.0,2026-10-03T15:25:33.317Z,106.427906613,2.0,0.2,230861460.0,144545139.0,46220071.0,1271370.0,188498700.0,142278629.0,0.498167,3.769118,2.0,2026-10-03T15:27:37.068Z,116.7722927509999,2.0,0.2,231253968.0,405820576.0,46220071.0,1271325.0,444757279.0,398537208.0,0.474145,14.947046,3.0,2026-10-03T15:29:48.472Z
37123731010,1,netbox,default,S3,2,5,103.0328872749999,0.0,0.0,240628947.0,1003514.0,46220071.0,0.0,,,,,1.0,2026-10-03T15:32:09.442Z,107.09280379399979,2.0,0.2,230711836.0,145280231.0,46220071.0,1271370.0,188499900.0,142279829.0,0.477485,3.507769,2.0,2026-10-03T15:34:17.414Z,120.71032963300013,2.0,0.2,231081015.0,405683079.0,46220071.0,1271325.0,444759046.0,398538975.0,0.463884,14.566302,3.0,2026-10-03T15:36:29.874Z
37123731010,1,netbox,default,S3,3,1,136.61205180999997,0.0,0.0,240261813.0,809991.0,46220071.0,0.0,,,,,1.0,2026-10-03T14:04:43.916Z,141.76568819499994,2.0,0.2,230479373.0,143930719.0,46220071.0,1271328.0,188500027.0,142279956.0,0.538923,3.862653,2.0,2026-10-03T14:07:13.281Z,160.61735020599997,2.0,0.2,231122733.0,402681931.0,46220071.0,1271371.0,444759916.0,398539845.0,0.531033,20.047774,3.0,2026-10-03T14:09:48.319Z
37123731010,1,netbox,default,S3,3,2,135.90736626299997,0.0,0.0,240089631.0,825381.0,46220071.0,0.0,,,,,1.0,2026-10-03T14:12:42.295Z,141.40731439599995,2.0,0.2,230541988.0,144006867.0,46220071.0,1271328.0,188499003.0,142278932.0,0.512821,3.598943,2.0,2026-10-03T14:15:10.995Z,158.70362714199996,2.0,0.2,230838452.0,404863131.0,46220071.0,1271371.0,444761823.0,398541752.0,0.516541,19.047389,3.0,2026-10-03T14:17:45.646Z
37123731010,1,netbox,default,S3,3,3,134.86928768899998,0.0,0.0,240184754.0,823955.0,46220071.0,0.0,,,,,2.0,2026-10-03T14:23:15.094Z,143.87073203199998,2.0,0.2,230732821.0,144315437.0,46220071.0,1271328.0,188499524.0,142279453.0,0.479905,5.288702,1.0,2026-10-03T14:20:37.976Z,154.64478098500012,2.0,0.2,231045392.0,404042030.0,46220071.0,1271371.0,444758415.0,398538344.0,0.456438,19.238102,3.0,2026-10-03T14:25:42.706Z
37123731010,1,netbox,default,S3,3,4,135.16345877899994,0.0,0.0,240145703.0,824230.0,46220071.0,0.0,,,,,1.0,2026-10-03T14:28:30.903Z,140.55305855200004,2.0,0.2,230536989.0,144047339.0,46220071.0,1271328.0,188498867.0,142278796.0,0.48107,3.78539,2.0,2026-10-03T14:30:58.905Z,159.12056043099983,2.0,0.2,230997895.0,404305491.0,46220071.0,1271371.0,444758874.0,398538803.0,0.479636,19.426132,3.0,2026-10-03T14:33:32.887Z
37123731010,1,netbox,default,S3,3,5,136.88618815099971,0.0,0.0,240135281.0,852700.0,46220071.0,0.0,,,,,3.0,2026-10-03T14:41:53.145Z,143.32840315399972,2.0,0.2,230668066.0,143699854.0,46220071.0,1271328.0,188499135.0,142279064.0,0.458566,3.613873,1.0,2026-10-03T14:36:25.502Z,157.77510736199974,2.0,0.2,230987732.0,403622768.0,46220071.0,1271371.0,444760705.0,398540634.0,0.438929,19.533545,2.0,2026-10-03T14:39:02.243Z
37123731010,1,netbox,default,S3,4,1,97.59997542599996,0.0,0.0,240541278.0,936241.0,46220071.0,0.0,,,,,2.0,2026-10-03T13:23:42.569Z,103.723847611,2.0,0.2,230718343.0,144719181.0,46220071.0,1271350.0,188498120.0,142278049.0,0.494708,3.755566,1.0,2026-10-03T13:21:36.049Z,113.67174300099998,2.0,0.2,230932610.0,406423469.0,46220071.0,1271323.0,444760131.0,398540060.0,0.516994,14.367538,3.0,2026-10-03T13:25:43.196Z
37123731010,1,netbox,default,S3,4,2,97.076001873,0.0,0.0,240565319.0,933650.0,46220071.0,0.0,,,,,3.0,2026-10-03T13:32:17.862Z,100.06547667899997,2.0,0.2,230663377.0,144127541.0,46220071.0,1271350.0,188497675.0,142277604.0,0.493493,3.731878,1.0,2026-10-03T13:28:00.362Z,112.42647708800007,2.0,0.2,231114677.0,406340185.0,46220071.0,1271323.0,444757841.0,398537770.0,0.442405,14.262116,2.0,2026-10-03T13:30:02.924Z
37123731010,1,netbox,default,S3,4,3,99.47492815999999,0.0,0.0,240399187.0,919775.0,46220071.0,0.0,,,,,2.0,2026-10-03T13:36:34.207Z,105.94786322499999,2.0,0.2,230880629.0,144330179.0,46220071.0,1271350.0,188499309.0,142279238.0,0.428148,3.636977,3.0,2026-10-03T13:38:37.522Z,112.82953216100009,2.0,0.2,231141320.0,405234607.0,46220071.0,1271323.0,444756046.0,398535975.0,0.507162,14.094804,1.0,2026-10-03T13:34:17.552Z
37123731010,1,netbox,default,S3,4,4,97.60380930600013,0.0,0.0,240707293.0,1117736.0,46220071.0,0.0,,,,,1.0,2026-10-03T13:40:47.169Z,104.0992263390001,2.0,0.2,230749469.0,144799409.0,46220071.0,1271350.0,188497324.0,142277253.0,0.452914,3.61149,2.0,2026-10-03T13:42:48.163Z,113.50156320700012,2.0,0.2,231179009.0,405795041.0,46220071.0,1271323.0,444758157.0,398538086.0,0.446063,14.051092,3.0,2026-10-03T13:44:56.635Z
37123731010,1,netbox,default,S3,4,5,96.37988954000002,0.0,0.0,240757645.0,1080325.0,46220071.0,0.0,,,,,3.0,2026-10-03T13:51:38.663Z,104.889030348,2.0,0.2,230807714.0,144478595.0,46220071.0,1271350.0,188497581.0,142277510.0,0.519123,3.595949,1.0,2026-10-03T13:47:13.805Z,110.66838567800005,2.0,0.2,231151473.0,406337242.0,46220071.0,1271323.0,444757828.0,398537757.0,0.524682,13.930497,2.0,2026-10-03T13:49:22.492Z
37123731010,1,synthetic,large-long,S0,1,1,99.74645514999997,0.0,0.0,46688119.0,296107.0,46220071.0,0.0,,,,,3.0,2026-10-03T12:47:25.221Z,15.057754282000019,9.0,1.0,317943794.0,1509388.0,46220071.0,268517846.0,314740570.0,268520499.0,0.544187,0.649706,1.0,2026-10-03T12:46:49.260Z,14.261482602000001,9.0,1.0,317861001.0,1280767.0,46220071.0,268517845.0,1389108331.0,1342888260.0,0.577373,1.130435,2.0,2026-10-03T12:47:07.664Z
37123731010,1,synthetic,large-long,S0,1,2,96.36048274300003,0.0,0.0,46696318.0,298736.0,46220071.0,0.0,,,,,1.0,2026-10-03T12:49:08.540Z,14.790680276999979,9.0,1.0,318234689.0,1550492.0,46220071.0,268517846.0,314740570.0,268520499.0,0.495173,0.712188,3.0,2026-10-03T12:51:05.817Z,14.887092222000092,9.0,1.0,317877518.0,1420782.0,46220071.0,268517845.0,1389108331.0,1342888260.0,0.481406,1.042065,2.0,2026-10-03T12:50:48.473Z
37123731010,1,synthetic,large-long,S0,1,3,98.66293897799994,0.0,0.0,46724251.0,279275.0,46220071.0,0.0,,,,,1.0,2026-10-03T12:51:23.539Z,12.78775781999991,9.0,1.0,317859664.0,1217144.0,46220071.0,268517846.0,314740570.0,268520499.0,0.458038,0.613995,3.0,2026-10-03T12:53:23.217Z,14.50637747899998,9.0,1.0,318193893.0,1599890.0,46220071.0,268517845.0,1389108331.0,1342888260.0,0.443197,1.207714,2.0,2026-10-03T12:53:05.689Z
37123731010,1,synthetic,large-long,S0,1,4,98.11768874999996,0.0,0.0,46689366.0,270075.0,46220071.0,0.0,,,,,2.0,2026-10-03T12:53:53.101Z,15.934813850000069,9.0,1.0,317908618.0,1478189.0,46220071.0,268517846.0,314740570.0,268520499.0,0.524368,0.632056,3.0,2026-10-03T12:55:35.184Z,11.585827466000069,9.0,1.0,316610256.0,516206.0,46220071.0,268517845.0,1389108331.0,1342888260.0,0.453414,1.04592,1.0,2026-10-03T12:53:38.385Z
37123731010,1,synthetic,large-long,S0,1,5,97.042386201,0.0,0.0,46705193.0,291828.0,46220071.0,0.0,,,,,3.0,2026-10-03T12:56:26.491Z,11.438170161000016,9.0,1.0,316998951.0,567924.0,46220071.0,268517846.0,314740570.0,268520499.0,0.462274,0.690946,2.0,2026-10-03T12:56:11.886Z,14.553474454000025,9.0,1.0,317829463.0,1321500.0,46220071.0,268517845.0,1389108331.0,1342888260.0,0.448598,0.730837,1.0,2026-10-03T12:55:54.814Z
37123731010,1,synthetic,large-long,S0,2,1,78.36807985199994,0.0,0.0,46641358.0,267536.0,46220071.0,0.0,,,,,2.0,2026-10-03T14:35:18.648Z,12.738575783999977,9.0,1.0,316922492.0,1180243.0,46220071.0,268517843.0,314740568.0,268520497.0,0.514389,0.717365,3.0,2026-10-03T14:36:39.005Z,13.766636023999922,9.0,1.0,317407988.0,1501871.0,46220071.0,268517844.0,1389108322.0,1342888251.0,0.518641,0.760157,1.0,2026-10-03T14:35:03.113Z
37123731010,1,synthetic,large-long,S0,2,2,80.04049713099994,0.0,0.0,46648534.0,302227.0,46220071.0,0.0,,,,,1.0,2026-10-03T14:36:53.477Z,9.214726090999989,9.0,1.0,316084213.0,395973.0,46220071.0,268517843.0,314740568.0,268520497.0,0.457081,0.774131,2.0,2026-10-03T14:38:15.612Z,10.91066526499992,9.0,1.0,316978187.0,1010943.0,46220071.0,268517844.0,1389108322.0,1342888251.0,0.468661,0.802515,3.0,2026-10-03T14:38:26.551Z
37123731010,1,synthetic,large-long,S0,2,3,79.29601706699998,0.0,0.0,46629451.0,243109.0,46220071.0,0.0,,,,,3.0,2026-10-03T14:39:01.557Z,9.147154199999932,9.0,1.0,316208909.0,422756.0,46220071.0,268517843.0,314740568.0,268520497.0,0.467469,0.615856,1.0,2026-10-03T14:38:39.314Z,9.607767870000089,9.0,1.0,316830431.0,722850.0,46220071.0,268517844.0,1389108322.0,1342888251.0,0.473519,0.737958,2.0,2026-10-03T14:38:50.225Z
37123731010,1,synthetic,large-long,S0,2,4,78.263095281,0.0,0.0,46615499.0,244669.0,46220071.0,0.0,,,,,3.0,2026-10-03T14:40:53.300Z,13.203739611999936,9.0,1.0,317081198.0,1258006.0,46220071.0,268517843.0,314740568.0,268520497.0,0.505894,0.663409,1.0,2026-10-03T14:40:23.056Z,13.402481081000133,9.0,1.0,317350799.0,1386181.0,46220071.0,268517844.0,1389108322.0,1342888251.0,0.488587,0.828671,2.0,2026-10-03T14:40:38.079Z
37123731010,1,synthetic,large-long,S0,2,5,77.20966268400002,0.0,0.0,46567001.0,225875.0,46220071.0,0.0,,,,,3.0,2026-10-03T14:42:35.742Z,9.270495480000136,9.0,1.0,316373065.0,427753.0,46220071.0,268517843.0,314740568.0,268520497.0,0.514514,0.692795,1.0,2026-10-03T14:42:13.505Z,9.641305672000044,9.0,1.0,315818944.0,362824.0,46220071.0,268517844.0,1389108322.0,1342888251.0,0.405291,0.848596,2.0,2026-10-03T14:42:24.424Z
37123731010,1,synthetic,large-long,S0,3,1,133.146912989,0.0,0.0,46577345.0,278549.0,46220071.0,0.0,,,,,1.0,2026-10-03T13:41:41.242Z,12.787848249999968,9.0,1.0,316625915.0,928777.0,46220071.0,268517845.0,314740581.0,268520510.0,0.503233,0.64248,2.0,2026-10-03T13:43:56.194Z,11.451557671999979,9.0,1.0,316330585.0,682055.0,46220071.0,268517845.0,1389108340.0,1342888269.0,0.441287,0.829621,3.0,2026-10-03T13:44:10.757Z
37123731010,1,synthetic,large-long,S0,3,2,133.175507971,0.0,0.0,46588804.0,278487.0,46220071.0,0.0,,,,,2.0,2026-10-03T13:44:34.006Z,11.448768578,9.0,1.0,316409206.0,708250.0,46220071.0,268517845.0,314740581.0,268520510.0,0.438098,0.708425,3.0,2026-10-03T13:46:48.946Z,8.262501802000031,9.0,1.0,315798616.0,338336.0,46220071.0,268517845.0,1389108340.0,1342888269.0,0.485667,0.810495,1.0,2026-10-03T13:44:23.917Z
37123731010,1,synthetic,large-long,S0,3,3,131.94421488,0.0,0.0,46588048.0,269014.0,46220071.0,0.0,,,,,3.0,2026-10-03T13:47:25.892Z,8.469923347000076,9.0,1.0,315775527.0,295239.0,46220071.0,268517845.0,314740581.0,268520510.0,0.483328,0.745612,1.0,2026-10-03T13:47:02.113Z,11.78983287899996,9.0,1.0,316386285.0,649491.0,46220071.0,268517845.0,1389108340.0,1342888269.0,0.508034,0.819092,2.0,2026-10-03T13:47:12.312Z
37123731010,1,synthetic,large-long,S0,3,4,131.27421521199994,0.0,0.0,46583569.0,273044.0,46220071.0,0.0,,,,,2.0,2026-10-03T13:49:49.616Z,8.252273714000012,9.0,1.0,315841640.0,359350.0,46220071.0,268517845.0,314740581.0,268520510.0,0.416977,0.739048,1.0,2026-10-03T13:49:39.674Z,11.551523366999959,9.0,1.0,316476386.0,729682.0,46220071.0,268517845.0,1389108340.0,1342888269.0,0.449396,0.796945,3.0,2026-10-03T13:52:02.680Z
37123731010,1,synthetic,large-long,S0,3,5,132.516584567,0.0,0.0,46590685.0,263581.0,46220071.0,0.0,,,,,3.0,2026-10-03T13:52:42.033Z,11.377230061999967,9.0,1.0,316384957.0,595278.0,46220071.0,268517845.0,314740581.0,268520510.0,0.467886,0.640892,1.0,2026-10-03T13:52:15.991Z,11.112083424999923,9.0,1.0,316695512.0,958491.0,46220071.0,268517845.0,1389108340.0,1342888269.0,0.508723,0.741555,2.0,2026-10-03T13:52:29.183Z
37123731010,1,synthetic,large-long,S0,4,1,80.30253122300002,0.0,0.0,46571379.0,195434.0,46220071.0,0.0,,,,,3.0,2026-10-03T14:50:53.009Z,19.208993373,9.0,1.0,318010709.0,2355454.0,46220071.0,268517846.0,314740571.0,268520500.0,0.676079,0.785286,2.0,2026-10-03T14:50:31.792Z,16.69193306599999,9.0,1.0,318276496.0,2284478.0,46220071.0,268517845.0,1389108321.0,1342888250.0,0.706389,0.997121,1.0,2026-10-03T14:50:12.815Z
37123731010,1,synthetic,large-long,S0,4,2,81.66715903400001,0.0,0.0,46576486.0,232564.0,46220071.0,0.0,,,,,3.0,2026-10-03T14:52:44.280Z,14.886782675999996,9.0,1.0,317750919.0,2084048.0,46220071.0,268517846.0,314740571.0,268520500.0,0.801194,0.846178,1.0,2026-10-03T14:52:15.535Z,9.709184787999959,9.0,1.0,316160096.0,462108.0,46220071.0,268517845.0,1389108321.0,1342888250.0,0.701487,0.985477,2.0,2026-10-03T14:52:32.372Z
37123731010,1,synthetic,large-long,S0,4,3,80.44378330000006,0.0,0.0,46580272.0,251430.0,46220071.0,0.0,,,,,3.0,2026-10-03T14:54:33.057Z,10.306164163000062,9.0,1.0,316031011.0,434099.0,46220071.0,268517846.0,314740571.0,268520500.0,0.657652,0.883996,1.0,2026-10-03T14:54:08.046Z,10.647713222999982,9.0,1.0,316175807.0,482893.0,46220071.0,268517845.0,1389108321.0,1342888250.0,0.664358,1.152363,2.0,2026-10-03T14:54:20.387Z
37123731010,1,synthetic,large-long,S0,4,4,81.09082820200001,0.0,0.0,46599867.0,227061.0,46220071.0,0.0,,,,,3.0,2026-10-03T14:56:32.082Z,15.776221589999977,9.0,1.0,317924625.0,1994598.0,46220071.0,268517846.0,314740571.0,268520500.0,0.686032,0.896601,2.0,2026-10-03T14:56:14.251Z,16.575159944999996,9.0,1.0,317883320.0,2143647.0,46220071.0,268517845.0,1389108321.0,1342888250.0,0.737178,1.144917,1.0,2026-10-03T14:55:55.613Z
37123731010,1,synthetic,large-long,S0,4,5,82.44353827399993,0.0,0.0,46541639.0,189863.0,46220071.0,0.0,,,,,2.0,2026-10-03T14:58:12.643Z,15.38463192900008,9.0,1.0,317968231.0,2167331.0,46220071.0,268517846.0,314740571.0,268520500.0,0.679522,0.899768,1.0,2026-10-03T14:57:55.331Z,10.272982843000023,9.0,1.0,315965912.0,329646.0,46220071.0,268517845.0,1389108321.0,1342888250.0,0.615967,1.014004,3.0,2026-10-03T14:59:37.145Z
37123731010,1,synthetic,large-long,S1,1,1,132.619590313,0.0,0.0,46601805.0,300788.0,46220071.0,0.0,,,,,2.0,2026-10-03T14:37:17.349Z,145.24428009500002,1.0,0.1111111111111111,46747183.0,280826793.0,46220071.0,93.0,314740570.0,268520499.0,0.942641,9.09082,3.0,2026-10-03T14:39:31.812Z,101.78440250800003,5.0,0.5555555555555556,587310118.0,839370473.0,46220071.0,537330998.0,1389108353.0,1342888282.0,0.839393,19.819084,1.0,2026-10-03T14:35:32.901Z
37123731010,1,synthetic,large-long,S1,1,2,134.25144248200013,0.0,0.0,46589912.0,290619.0,46220071.0,0.0,,,,,3.0,2026-10-03T14:46:07.776Z,145.68977929900007,1.0,0.1111111111111111,46889996.0,279276964.0,46220071.0,93.0,314740567.0,268520496.0,0.827165,7.896702,1.0,2026-10-03T14:41:59.719Z,97.00078220899991,5.0,0.5555555555555556,587512851.0,841441808.0,46220071.0,537330998.0,1389108353.0,1342888282.0,0.914707,14.889151,2.0,2026-10-03T14:44:28.016Z
37123731010,1,synthetic,large-long,S1,1,3,134.12006939100002,0.0,0.0,46637402.0,295927.0,46220071.0,0.0,,,,,3.0,2026-10-03T14:52:32.743Z,146.299662313,1.0,0.1111111111111111,46840785.0,280153183.0,46220071.0,93.0,314740580.0,268520509.0,0.841807,7.7005,2.0,2026-10-03T14:50:03.862Z,97.24966353900004,5.0,0.5555555555555556,587269732.0,843052296.0,46220071.0,537330998.0,1389108353.0,1342888282.0,0.889277,15.923978,1.0,2026-10-03T14:48:23.928Z
37123731010,1,synthetic,large-long,S1,1,4,134.49043795900002,0.0,0.0,46587698.0,282587.0,46220071.0,0.0,,,,,3.0,2026-10-03T14:58:55.333Z,144.29962364599987,1.0,0.1111111111111111,46879056.0,278755742.0,46220071.0,93.0,314740569.0,268520498.0,0.812034,9.006831,1.0,2026-10-03T14:54:48.728Z,97.19686414400007,5.0,0.5555555555555556,587410768.0,838495592.0,46220071.0,537330998.0,1389108352.0,1342888281.0,0.852313,14.853565,2.0,2026-10-03T14:57:15.517Z
37123731010,1,synthetic,large-long,S1,1,5,133.47599135500013,0.0,0.0,46591857.0,271731.0,46220071.0,0.0,,,,,2.0,2026-10-03T15:03:38.147Z,143.7961790190002,1.0,0.1111111111111111,46929661.0,279353100.0,46220071.0,93.0,314740569.0,268520498.0,0.800746,7.681245,1.0,2026-10-03T15:01:11.760Z,99.2123722629999,5.0,0.5555555555555556,587649391.0,837395626.0,46220071.0,537330998.0,1389108351.0,1342888280.0,0.927993,14.429064,3.0,2026-10-03T15:05:53.573Z
37123731010,1,synthetic,large-long,S1,2,1,77.93288415900003,0.0,0.0,46612990.0,256335.0,46220071.0,0.0,,,,,2.0,2026-10-03T13:37:34.800Z,86.722787235,1.0,0.1111111111111111,47187882.0,272281832.0,46220071.0,92.0,314740580.0,268520509.0,0.494863,5.864239,1.0,2026-10-03T13:36:05.673Z,67.33737799699998,5.0,0.5555555555555556,589822838.0,821679018.0,46220071.0,537330997.0,1389108361.0,1342888290.0,0.468124,11.173804,3.0,2026-10-03T13:38:54.746Z
37123731010,1,synthetic,large-long,S1,2,2,80.17964800900006,0.0,0.0,46594452.0,245178.0,46220071.0,0.0,,,,,3.0,2026-10-03T13:42:40.124Z,86.03409650900005,1.0,0.1111111111111111,46965029.0,272969189.0,46220071.0,92.0,314740568.0,268520497.0,0.464838,5.379594,1.0,2026-10-03T13:40:04.487Z,64.58026625900004,5.0,0.5555555555555556,589292152.0,820211360.0,46220071.0,537330997.0,1389108352.0,1342888281.0,0.499167,10.354082,2.0,2026-10-03T13:41:32.862Z
37123731010,1,synthetic,large-long,S1,2,3,78.85127026599991,0.0,0.0,46573345.0,211162.0,46220071.0,0.0,,,,,2.0,2026-10-03T13:45:08.233Z,84.84557020300008,1.0,0.1111111111111111,46978611.0,273232513.0,46220071.0,92.0,314740569.0,268520498.0,0.47494,5.320976,3.0,2026-10-03T13:46:29.031Z,63.38387533700006,5.0,0.5555555555555556,586997817.0,820119467.0,46220071.0,537330997.0,1389108350.0,1342888279.0,0.451906,10.766573,1.0,2026-10-03T13:44:02.368Z
37123731010,1,synthetic,large-long,S1,2,4,78.14182269400021,0.0,0.0,46643814.0,275980.0,46220071.0,0.0,,,,,1.0,2026-10-03T13:47:56.261Z,86.04325396400009,1.0,0.1111111111111111,47021951.0,272924193.0,46220071.0,92.0,314740569.0,268520498.0,0.50522,5.110017,3.0,2026-10-03T13:50:24.199Z,65.32449725299989,5.0,0.5555555555555556,589769459.0,821222635.0,46220071.0,537330997.0,1389108350.0,1342888279.0,0.51187,10.080301,2.0,2026-10-03T13:49:16.336Z
37123731010,1,synthetic,large-long,S1,2,5,77.65014324900017,0.0,0.0,46659511.0,273841.0,46220071.0,0.0,,,,,1.0,2026-10-03T13:51:52.808Z,83.650172011,1.0,0.1111111111111111,47078724.0,273137905.0,46220071.0,92.0,314740569.0,268520498.0,0.378078,4.720941,3.0,2026-10-03T13:54:33.932Z,78.82997928500004,5.0,0.5555555555555556,590482344.0,817651495.0,46220071.0,537330997.0,1389108362.0,1342888291.0,0.487375,22.560462,2.0,2026-10-03T13:53:12.725Z
37123731010,1,synthetic,large-long,S1,3,1,135.808949031,0.0,0.0,46547082.0,227486.0,46220071.0,0.0,,,,,3.0,2026-10-03T13:33:45.751Z,150.20398855000002,1.0,0.1111111111111111,47771725.0,270117151.0,46220071.0,92.0,314740569.0,268520498.0,0.355475,12.66185,2.0,2026-10-03T13:31:13.370Z,91.25003833800002,5.0,0.5555555555555556,587281958.0,831697680.0,46220071.0,537330993.0,1389108359.0,1342888288.0,0.38071,11.134446,1.0,2026-10-03T13:29:39.789Z
37123731010,1,synthetic,large-long,S1,3,2,132.37099531,0.0,0.0,46541227.0,226804.0,46220071.0,0.0,,,,,1.0,2026-10-03T13:36:03.387Z,138.92052986500016,1.0,0.1111111111111111,46821475.0,279872612.0,46220071.0,92.0,314740568.0,268520497.0,0.356699,4.807636,3.0,2026-10-03T13:39:52.949Z,93.08100926499992,5.0,0.5555555555555556,587833486.0,822711697.0,46220071.0,537330993.0,1389108350.0,1342888279.0,0.393607,11.023988,2.0,2026-10-03T13:38:17.587Z
37123731010,1,synthetic,large-long,S1,3,3,132.3178574599999,0.0,0.0,46556234.0,239479.0,46220071.0,0.0,,,,,2.0,2026-10-03T13:44:34.334Z,138.26695696799993,1.0,0.1111111111111111,46804660.0,279841406.0,46220071.0,92.0,314740570.0,268520499.0,0.418092,4.708416,1.0,2026-10-03T13:42:13.995Z,91.45179283000016,5.0,0.5555555555555556,587893610.0,819362836.0,46220071.0,537330993.0,1389108349.0,1342888278.0,0.344083,10.816531,3.0,2026-10-03T13:46:48.507Z
37123731010,1,synthetic,large-long,S1,3,4,133.69278150000014,0.0,0.0,46574554.0,245288.0,46220071.0,0.0,,,,,1.0,2026-10-03T13:48:22.262Z,138.2046704249999,1.0,0.1111111111111111,46810188.0,278967183.0,46220071.0,92.0,314740569.0,268520498.0,0.314828,4.765292,3.0,2026-10-03T13:52:13.562Z,93.72606025600021,5.0,0.5555555555555556,587769042.0,833791976.0,46220071.0,537330993.0,1389108348.0,1342888277.0,0.375773,14.310926,2.0,2026-10-03T13:50:37.689Z
37123731010,1,synthetic,large-long,S1,3,5,132.84733134099997,0.0,0.0,46549980.0,230689.0,46220071.0,0.0,,,,,2.0,2026-10-03T13:56:05.150Z,140.18495017800024,1.0,0.1111111111111111,46909640.0,274142285.0,46220071.0,92.0,314740569.0,268520498.0,0.410183,4.839047,3.0,2026-10-03T13:58:19.713Z,88.88272427100014,5.0,0.5555555555555556,586678095.0,819129307.0,46220071.0,537330993.0,1389108359.0,1342888288.0,0.348633,10.787451,1.0,2026-10-03T13:54:33.903Z
37123731010,1,synthetic,large-long,S1,4,1,125.79746229299997,0.0,0.0,46649510.0,333214.0,46220071.0,0.0,,,,,3.0,2026-10-03T12:51:41.095Z,136.6874997860001,1.0,0.1111111111111111,46756908.0,278458419.0,46220071.0,93.0,314740581.0,268520510.0,0.895703,8.114516,1.0,2026-10-03T12:47:45.073Z,94.42703576499991,5.0,0.5555555555555556,587448667.0,842671055.0,46220071.0,537330998.0,1389108353.0,1342888282.0,1.047358,15.981699,2.0,2026-10-03T12:50:04.150Z
37123731010,1,synthetic,large-long,S1,4,2,125.62286871600008,0.0,0.0,46597103.0,284262.0,46220071.0,0.0,,,,,1.0,2026-10-03T12:53:48.584Z,134.59217717299998,1.0,0.1111111111111111,46793222.0,278628000.0,46220071.0,93.0,314740570.0,268520499.0,0.832817,7.591851,3.0,2026-10-03T12:57:30.456Z,92.15431603999991,5.0,0.5555555555555556,587790508.0,835714741.0,46220071.0,537330998.0,1389108355.0,1342888284.0,0.865823,14.636902,2.0,2026-10-03T12:55:55.879Z
37123731010,1,synthetic,large-long,S1,4,3,125.85028435599997,0.0,0.0,46603600.0,290114.0,46220071.0,0.0,,,,,1.0,2026-10-03T12:59:47.515Z,139.11040584199986,1.0,0.1111111111111111,46696203.0,280919403.0,46220071.0,93.0,314740570.0,268520499.0,0.885025,9.800701,2.0,2026-10-03T13:01:55.050Z,92.97685982899998,5.0,0.5555555555555556,588116464.0,833391849.0,46220071.0,537330998.0,1389108364.0,1342888293.0,0.836609,14.474088,3.0,2026-10-03T13:04:16.610Z
37123731010,1,synthetic,large-long,S1,4,4,126.25782537299983,0.0,0.0,46584887.0,270934.0,46220071.0,0.0,,,,,1.0,2026-10-03T13:05:52.068Z,154.53006117400014,1.0,0.1111111111111111,46766597.0,280765876.0,46220071.0,93.0,314740569.0,268520498.0,0.921424,27.055002,2.0,2026-10-03T13:08:00.052Z,93.28728331299999,5.0,0.5555555555555556,587979162.0,842113706.0,46220071.0,537330998.0,1389108354.0,1342888283.0,0.902682,15.602886,3.0,2026-10-03T13:10:36.942Z
37123731010,1,synthetic,large-long,S1,4,5,126.3623212499997,0.0,0.0,46589058.0,309798.0,46220071.0,0.0,,,,,1.0,2026-10-03T13:12:12.671Z,138.42709177799998,1.0,0.1111111111111111,46743274.0,280671077.0,46220071.0,93.0,314740567.0,268520496.0,0.898545,10.089596,3.0,2026-10-03T13:15:54.451Z,91.15681407400007,5.0,0.5555555555555556,585877081.0,839509464.0,46220071.0,537330998.0,1389108348.0,1342888277.0,0.783162,15.498679,2.0,2026-10-03T13:14:20.678Z
37123731010,1,synthetic,large-long,S2,1,1,135.0229774039999,0.0,0.0,46583143.0,271168.0,46220071.0,0.0,,,,,1.0,2026-10-03T12:47:44.635Z,137.33352500299998,1.0,0.1111111111111111,46908636.0,280760230.0,46220071.0,93.0,314740571.0,268520500.0,0.316615,4.5458,2.0,2026-10-03T12:50:01.363Z,120.69620122499998,3.0,0.3333333333333333,317370731.0,1122460152.0,46220071.0,268813007.0,1389108370.0,1342888299.0,0.26494,13.400476,3.0,2026-10-03T12:52:20.751Z
37123731010,1,synthetic,large-long,S2,1,2,132.59246749700003,0.0,0.0,46569374.0,242228.0,46220071.0,0.0,,,,,1.0,2026-10-03T12:54:23.581Z,138.34558408600014,1.0,0.1111111111111111,46859215.0,280700452.0,46220071.0,93.0,314740582.0,268520511.0,0.241647,4.897724,3.0,2026-10-03T12:58:40.422Z,120.37626109799999,3.0,0.3333333333333333,317334414.0,1122063634.0,46220071.0,268813007.0,1389108366.0,1342888295.0,0.244545,13.277911,2.0,2026-10-03T12:56:37.921Z
37123731010,1,synthetic,large-long,S2,1,3,131.61626189699996,0.0,0.0,46562925.0,233901.0,46220071.0,0.0,,,,,3.0,2026-10-03T13:05:25.379Z,139.96330714200008,1.0,0.1111111111111111,46822297.0,280923538.0,46220071.0,93.0,314740572.0,268520501.0,0.293333,4.553338,1.0,2026-10-03T13:01:00.859Z,120.39147385199999,3.0,0.3333333333333333,317256481.0,1122494456.0,46220071.0,268813007.0,1389108367.0,1342888296.0,0.258987,13.764633,2.0,2026-10-03T13:03:22.953Z
37123731010,1,synthetic,large-long,S2,1,4,132.04662014399992,0.0,0.0,46574903.0,266166.0,46220071.0,0.0,,,,,1.0,2026-10-03T13:07:38.803Z,139.60680640300006,1.0,0.1111111111111111,46834593.0,280651910.0,46220071.0,93.0,314740572.0,268520501.0,0.266044,4.900711,3.0,2026-10-03T13:11:55.649Z,120.94013346700012,3.0,0.3333333333333333,317300016.0,1121868916.0,46220071.0,268813007.0,1389108383.0,1342888312.0,0.273029,13.524879,2.0,2026-10-03T13:09:52.626Z
37123731010,1,synthetic,large-long,S2,1,5,132.36192580900024,0.0,0.0,46588363.0,259101.0,46220071.0,0.0,,,,,3.0,2026-10-03T13:18:40.348Z,137.68153779600016,1.0,0.1111111111111111,46811098.0,280752203.0,46220071.0,93.0,314740572.0,268520501.0,0.266244,4.378687,1.0,2026-10-03T13:14:17.211Z,121.31893408900032,3.0,0.3333333333333333,317350549.0,1122593850.0,46220071.0,268813007.0,1389108372.0,1342888301.0,0.258802,14.446584,2.0,2026-10-03T13:16:36.980Z
37123731010,1,synthetic,large-long,S2,2,1,126.1236627159999,0.0,0.0,46581430.0,273991.0,46220071.0,0.0,,,,,3.0,2026-10-03T14:05:30.407Z,138.16513127399992,1.0,0.1111111111111111,46721616.0,280553775.0,46220071.0,93.0,314740572.0,268520501.0,0.857359,9.17598,2.0,2026-10-03T14:03:09.826Z,124.53179644500005,3.0,0.3333333333333333,318056999.0,1120155563.0,46220071.0,268813009.0,1389108380.0,1342888309.0,0.876046,19.273302,1.0,2026-10-03T14:01:02.650Z
37123731010,1,synthetic,large-long,S2,2,2,128.30634809100002,0.0,0.0,46644581.0,303647.0,46220071.0,0.0,,,,,2.0,2026-10-03T14:09:57.322Z,136.635063469,1.0,0.1111111111111111,46778880.0,280920630.0,46220071.0,93.0,314740572.0,268520501.0,0.836735,8.885975,1.0,2026-10-03T14:07:38.281Z,124.62620361299992,3.0,0.3333333333333333,318217763.0,1116949951.0,46220071.0,268813009.0,1389108382.0,1342888311.0,0.828751,18.020745,3.0,2026-10-03T14:12:07.316Z
37123731010,1,synthetic,large-long,S2,2,3,126.43110003600009,0.0,0.0,46594477.0,282659.0,46220071.0,0.0,,,,,2.0,2026-10-03T14:16:15.606Z,135.44249290400012,1.0,0.1111111111111111,46908463.0,279830640.0,46220071.0,93.0,314740571.0,268520500.0,0.894588,7.713745,3.0,2026-10-03T14:18:23.860Z,118.51537330099995,3.0,0.3333333333333333,317488642.0,1119252785.0,46220071.0,268813009.0,1389108384.0,1342888313.0,0.804814,17.545168,1.0,2026-10-03T14:14:14.410Z
37123731010,1,synthetic,large-long,S2,2,4,126.35510296500001,0.0,0.0,46590932.0,289385.0,46220071.0,0.0,,,,,1.0,2026-10-03T14:20:41.750Z,137.28986609000003,1.0,0.1111111111111111,46774468.0,280942251.0,46220071.0,93.0,314740573.0,268520502.0,0.885079,8.292873,2.0,2026-10-03T14:22:49.807Z,123.40183190199991,3.0,0.3333333333333333,317724928.0,1117446425.0,46220071.0,268813009.0,1389108374.0,1342888303.0,0.884081,18.486081,3.0,2026-10-03T14:25:09.443Z
37123731010,1,synthetic,large-long,S2,2,5,126.4873930660001,0.0,0.0,46626630.0,314788.0,46220071.0,0.0,,,,,1.0,2026-10-03T14:27:15.415Z,135.74490821400013,1.0,0.1111111111111111,46754265.0,280544636.0,46220071.0,93.0,314740572.0,268520501.0,0.919636,7.689904,2.0,2026-10-03T14:29:23.751Z,122.74420119200022,3.0,0.3333333333333333,317588091.0,1121855018.0,46220071.0,268813009.0,1389108361.0,1342888290.0,0.843166,18.647778,3.0,2026-10-03T14:31:41.861Z
37123731010,1,synthetic,large-long,S2,3,1,134.57509865599997,0.0,0.0,46594115.0,245480.0,46220071.0,0.0,,,,,2.0,2026-10-03T14:29:25.206Z,138.88605738899997,1.0,0.1111111111111111,46809262.0,280241636.0,46220071.0,92.0,314740571.0,268520500.0,0.246067,4.711207,1.0,2026-10-03T14:27:04.363Z,121.62648972900001,3.0,0.3333333333333333,317384248.0,1121312565.0,46220071.0,268813009.0,1389108380.0,1342888309.0,0.225487,12.973588,3.0,2026-10-03T14:31:41.533Z
37123731010,1,synthetic,large-long,S2,3,2,132.9366079,0.0,0.0,46580606.0,245226.0,46220071.0,0.0,,,,,1.0,2026-10-03T14:33:45.236Z,137.90477555400014,1.0,0.1111111111111111,46802497.0,279826372.0,46220071.0,92.0,314740571.0,268520500.0,0.25847,4.621674,3.0,2026-10-03T14:38:03.251Z,121.21468451800001,3.0,0.3333333333333333,317877271.0,1120367554.0,46220071.0,268813009.0,1389108372.0,1342888301.0,0.242271,13.572641,2.0,2026-10-03T14:35:59.988Z
37123731010,1,synthetic,large-long,S2,3,3,131.933068606,0.0,0.0,46613412.0,246670.0,46220071.0,0.0,,,,,3.0,2026-10-03T14:44:44.547Z,136.77576302700004,1.0,0.1111111111111111,46782063.0,280286291.0,46220071.0,92.0,314740572.0,268520501.0,0.202223,4.402725,1.0,2026-10-03T14:40:23.100Z,120.73925125699998,3.0,0.3333333333333333,317104385.0,1119278200.0,46220071.0,268813009.0,1389108368.0,1342888297.0,0.216959,14.417797,2.0,2026-10-03T14:42:41.762Z
37123731010,1,synthetic,large-long,S2,3,4,133.82626231299992,0.0,0.0,46564069.0,231434.0,46220071.0,0.0,,,,,2.0,2026-10-03T14:49:19.709Z,139.50880365600005,1.0,0.1111111111111111,46803580.0,279904467.0,46220071.0,92.0,314740582.0,268520511.0,0.388912,5.236323,1.0,2026-10-03T14:46:58.200Z,122.87029747299994,3.0,0.3333333333333333,317447696.0,1120423367.0,46220071.0,268813009.0,1389108371.0,1342888300.0,0.238333,15.150618,3.0,2026-10-03T14:51:35.310Z
37123731010,1,synthetic,large-long,S2,3,5,132.2340931570002,0.0,0.0,46568042.0,244089.0,46220071.0,0.0,,,,,2.0,2026-10-03T14:55:59.946Z,137.74058994400025,1.0,0.1111111111111111,46778393.0,280244905.0,46220071.0,92.0,314740581.0,268520510.0,0.200985,4.988258,1.0,2026-10-03T14:53:40.229Z,122.17486610800006,3.0,0.3333333333333333,317234063.0,1120475131.0,46220071.0,268813009.0,1389108366.0,1342888295.0,0.235248,14.703275,3.0,2026-10-03T14:58:13.864Z
37123731010,1,synthetic,large-long,S2,4,1,134.74717013300005,0.0,0.0,46577091.0,245921.0,46220071.0,0.0,,,,,3.0,2026-10-03T15:10:23.446Z,138.08940914899995,1.0,0.1111111111111111,46831269.0,279886518.0,46220071.0,93.0,314740572.0,268520501.0,0.24213,4.779797,2.0,2026-10-03T15:08:03.328Z,120.19615921100012,3.0,0.3333333333333333,317321279.0,1120406849.0,46220071.0,268813005.0,1389108367.0,1342888296.0,0.224342,13.186187,1.0,2026-10-03T15:06:01.034Z
37123731010,1,synthetic,large-long,S2,4,2,132.506775715,0.0,0.0,46608450.0,249615.0,46220071.0,0.0,,,,,1.0,2026-10-03T15:12:39.892Z,136.48828962900006,1.0,0.1111111111111111,46835304.0,280629115.0,46220071.0,93.0,314740584.0,268520513.0,0.216656,3.658038,2.0,2026-10-03T15:14:54.070Z,116.40795310299973,3.0,0.3333333333333333,317173975.0,1120805087.0,46220071.0,268813005.0,1389108365.0,1342888294.0,0.330162,13.638266,3.0,2026-10-03T15:17:12.578Z
37123731010,1,synthetic,large-long,S2,4,3,132.1473128460002,0.0,0.0,46569276.0,229862.0,46220071.0,0.0,,,,,1.0,2026-10-03T15:19:11.145Z,137.76081093499988,1.0,0.1111111111111111,46847771.0,280307405.0,46220071.0,93.0,314740583.0,268520512.0,0.253653,4.260566,2.0,2026-10-03T15:21:25.010Z,121.71274580600038,3.0,0.3333333333333333,317054804.0,1120559257.0,46220071.0,268813005.0,1389108382.0,1342888311.0,0.242795,14.62069,3.0,2026-10-03T15:23:44.750Z
37123731010,1,synthetic,large-long,S2,4,4,131.86530417199992,0.0,0.0,46567546.0,254350.0,46220071.0,0.0,,,,,1.0,2026-10-03T15:25:48.491Z,137.85260994700002,1.0,0.1111111111111111,46830485.0,280577313.0,46220071.0,93.0,314740572.0,268520501.0,0.199203,4.373114,3.0,2026-10-03T15:30:03.973Z,119.86491907599975,3.0,0.3333333333333333,317278987.0,1120132252.0,46220071.0,268813005.0,1389108366.0,1342888295.0,0.257833,13.456995,2.0,2026-10-03T15:28:02.093Z
37123731010,1,synthetic,large-long,S2,4,5,132.57863809300034,0.0,0.0,46674760.0,283245.0,46220071.0,0.0,,,,,3.0,2026-10-03T15:36:41.372Z,131.07318659800012,1.0,0.1111111111111111,46818009.0,280153790.0,46220071.0,93.0,314740572.0,268520501.0,0.233221,4.525472,1.0,2026-10-03T15:32:23.757Z,122.47724908400005,3.0,0.3333333333333333,317212757.0,1122044702.0,46220071.0,268813005.0,1389108378.0,1342888307.0,0.265079,14.818632,2.0,2026-10-03T15:34:36.846Z
37123731010,1,synthetic,large-long,S3,1,1,134.916520215,0.0,0.0,46537516.0,222422.0,46220071.0,0.0,,,,,2.0,2026-10-03T15:21:18.023Z,134.0326470509999,2.0,0.2222222222222222,316340696.0,725540.0,46220071.0,268517845.0,314741858.0,268521787.0,0.32564,1.647149,3.0,2026-10-03T15:23:34.756Z,147.16633542099999,2.0,0.2222222222222222,318090815.0,1098180417.0,46220071.0,268517843.0,1389109611.0,1342889540.0,0.427404,16.000479,1.0,2026-10-03T15:18:48.720Z
37123731010,1,synthetic,large-long,S3,1,2,133.29364337300012,0.0,0.0,46531553.0,226268.0,46220071.0,0.0,,,,,3.0,2026-10-03T15:30:39.059Z,135.67941097300013,2.0,0.2222222222222222,316370997.0,710143.0,46220071.0,268517845.0,314741858.0,268521787.0,0.410621,1.620995,2.0,2026-10-03T15:28:21.244Z,148.01154814300003,2.0,0.2222222222222222,317985651.0,1096049090.0,46220071.0,268517843.0,1389109617.0,1342889546.0,0.425115,15.551775,1.0,2026-10-03T15:25:50.883Z
37123731010,1,synthetic,large-long,S3,1,3,132.87699110099993,0.0,0.0,46546116.0,232455.0,46220071.0,0.0,,,,,2.0,2026-10-03T15:35:26.172Z,132.8704495699999,2.0,0.2222222222222222,316309160.0,725574.0,46220071.0,268517845.0,314741858.0,268521787.0,0.334274,1.631618,3.0,2026-10-03T15:37:40.825Z,149.74813796800004,2.0,0.2222222222222222,317977330.0,1102821598.0,46220071.0,268517843.0,1389109617.0,1342889546.0,0.362986,16.056678,1.0,2026-10-03T15:32:54.257Z
37123731010,1,synthetic,large-long,S3,1,4,133.49263896699995,0.0,0.0,46571499.0,239462.0,46220071.0,0.0,,,,,3.0,2026-10-03T15:44:42.871Z,134.4937864919998,2.0,0.2222222222222222,316343768.0,723282.0,46220071.0,268517845.0,314741858.0,268521787.0,0.349893,0.607913,2.0,2026-10-03T15:42:26.171Z,148.1924227319996,2.0,0.2222222222222222,318078519.0,1098952457.0,46220071.0,268517843.0,1389109619.0,1342889548.0,0.363026,16.938023,1.0,2026-10-03T15:39:55.757Z
37123731010,1,synthetic,large-long,S3,1,5,132.2393828549998,0.0,0.0,46551285.0,231991.0,46220071.0,0.0,,,,,1.0,2026-10-03T15:46:58.121Z,133.31080050800028,2.0,0.2222222222222222,316242846.0,681189.0,46220071.0,268517845.0,314741858.0,268521787.0,0.382283,1.568236,3.0,2026-10-03T15:51:43.975Z,149.64315530800013,2.0,0.2222222222222222,317058991.0,1115486169.0,46220071.0,268517843.0,1389109614.0,1342889543.0,0.375868,16.894012,2.0,2026-10-03T15:49:12.116Z
37123731010,1,synthetic,large-long,S3,2,1,135.167401827,0.0,0.0,46706184.0,344691.0,46220071.0,0.0,,,,,1.0,2026-10-03T12:48:17.299Z,137.107940223,2.0,0.2222222222222222,317750080.0,1659101.0,46220071.0,268517844.0,314741868.0,268521797.0,0.96229,2.365848,2.0,2026-10-03T12:50:34.775Z,155.793974511,2.0,0.2222222222222222,317784137.0,1121681041.0,46220071.0,268517846.0,1389109621.0,1342889550.0,0.822109,21.523896,3.0,2026-10-03T12:52:54.873Z
37123731010,1,synthetic,large-long,S3,2,2,134.532684378,0.0,0.0,46700160.0,358320.0,46220071.0,0.0,,,,,1.0,2026-10-03T12:55:33.791Z,136.695029018,2.0,0.2222222222222222,317813165.0,1828702.0,46220071.0,268517844.0,314741868.0,268521797.0,0.838681,2.36171,3.0,2026-10-03T13:00:27.937Z,154.3283479260001,2.0,0.2222222222222222,317903339.0,1122194486.0,46220071.0,268517846.0,1389109619.0,1342889548.0,0.920371,21.545948,2.0,2026-10-03T12:57:50.582Z
37123731010,1,synthetic,large-long,S3,2,3,133.30518880800014,0.0,0.0,46718429.0,346748.0,46220071.0,0.0,,,,,3.0,2026-10-03T13:07:40.522Z,131.734586368,2.0,0.2222222222222222,316570889.0,666699.0,46220071.0,268517844.0,314741868.0,268521797.0,0.869947,2.337783,1.0,2026-10-03T13:02:47.669Z,154.97412820500017,2.0,0.2222222222222222,318103687.0,1122355003.0,46220071.0,268517846.0,1389109619.0,1342889548.0,0.862038,21.949222,2.0,2026-10-03T13:05:02.529Z
37123731010,1,synthetic,large-long,S3,2,4,133.9030892610001,0.0,0.0,46701748.0,341334.0,46220071.0,0.0,,,,,3.0,2026-10-03T13:14:50.049Z,134.74626208799987,2.0,0.2222222222222222,317546722.0,1603247.0,46220071.0,268517844.0,314741868.0,268521797.0,0.907864,1.181971,2.0,2026-10-03T13:12:32.356Z,153.06189119600003,2.0,0.2222222222222222,317862149.0,1116060694.0,46220071.0,268517846.0,1389109623.0,1342889552.0,0.788889,20.158739,1.0,2026-10-03T13:09:56.171Z
37123731010,1,synthetic,large-long,S3,2,5,134.03951631100017,0.0,0.0,46694489.0,333482.0,46220071.0,0.0,,,,,2.0,2026-10-03T13:19:25.417Z,136.25161909200006,2.0,0.2222222222222222,317851433.0,1760860.0,46220071.0,268517844.0,314741868.0,268521797.0,0.851145,2.324212,1.0,2026-10-03T13:17:06.241Z,156.77492356500034,2.0,0.2222222222222222,317864436.0,1120252822.0,46220071.0,268517846.0,1389109616.0,1342889545.0,0.834045,23.278009,3.0,2026-10-03T13:21:41.797Z
37123731010,1,synthetic,large-long,S3,3,1,132.66729872099995,0.0,0.0,46572722.0,248630.0,46220071.0,0.0,,,,,3.0,2026-10-03T13:54:27.130Z,140.3594070559999,2.0,0.2222222222222222,316940280.0,1196645.0,46220071.0,268517844.0,314741857.0,268521786.0,0.725692,2.187659,1.0,2026-10-03T13:49:25.867Z,156.05667854299998,2.0,0.2222222222222222,318552350.0,1116415542.0,46220071.0,268517844.0,1389109619.0,1342889548.0,0.686713,20.093923,2.0,2026-10-03T13:51:48.680Z
37123731010,1,synthetic,large-long,S3,3,2,132.49548914700017,0.0,0.0,46573858.0,236126.0,46220071.0,0.0,,,,,2.0,2026-10-03T13:59:02.400Z,138.3611039729999,2.0,0.2222222222222222,316772824.0,1104777.0,46220071.0,268517844.0,314741857.0,268521786.0,0.688354,2.194199,1.0,2026-10-03T13:56:41.629Z,158.91955944899996,2.0,0.2222222222222222,318476109.0,1114922116.0,46220071.0,268517844.0,1389109605.0,1342889534.0,0.641233,20.318116,3.0,2026-10-03T14:01:16.753Z
37123731010,1,synthetic,large-long,S3,3,3,134.37327881600004,0.0,0.0,46596372.0,257233.0,46220071.0,0.0,,,,,2.0,2026-10-03T14:06:36.247Z,139.6965287810001,2.0,0.2222222222222222,316740877.0,1156787.0,46220071.0,268517844.0,314741857.0,268521786.0,0.67843,1.011113,3.0,2026-10-03T14:08:52.510Z,155.78221169500011,2.0,0.2222222222222222,318333644.0,1116871825.0,46220071.0,268517844.0,1389109614.0,1342889543.0,0.629028,19.529229,1.0,2026-10-03T14:03:58.094Z
37123731010,1,synthetic,large-long,S3,3,4,131.53849569900012,0.0,0.0,46583692.0,255046.0,46220071.0,0.0,,,,,2.0,2026-10-03T14:13:53.413Z,139.4159955099999,2.0,0.2222222222222222,316849409.0,1255697.0,46220071.0,268517844.0,314741857.0,268521786.0,0.796899,1.02244,3.0,2026-10-03T14:16:06.812Z,156.28001421600015,2.0,0.2222222222222222,317492503.0,1121864218.0,46220071.0,268517844.0,1389109627.0,1342889556.0,0.677841,20.620588,1.0,2026-10-03T14:11:14.650Z
37123731010,1,synthetic,large-long,S3,3,5,133.7750676659998,0.0,0.0,46581858.0,242050.0,46220071.0,0.0,,,,,3.0,2026-10-03T14:23:25.642Z,135.80772532200035,2.0,0.2222222222222222,316938372.0,1163494.0,46220071.0,268517844.0,314741857.0,268521786.0,0.581393,0.924201,1.0,2026-10-03T14:18:28.482Z,156.65086981800005,2.0,0.2222222222222222,318124061.0,1119443452.0,46220071.0,268517844.0,1389109617.0,1342889546.0,0.669666,19.946979,2.0,2026-10-03T14:20:46.600Z
37123731010,1,synthetic,large-long,S3,4,1,105.80319596100003,0.0,0.0,46548537.0,219850.0,46220071.0,0.0,,,,,3.0,2026-10-03T12:51:18.857Z,110.01075957999996,2.0,0.2222222222222222,316920232.0,1362021.0,46220071.0,268517845.0,314741856.0,268521785.0,0.681782,1.984687,1.0,2026-10-03T12:47:15.668Z,127.74864880799998,2.0,0.2222222222222222,318370821.0,1090214087.0,46220071.0,268517845.0,1389109620.0,1342889549.0,0.743731,20.691324,2.0,2026-10-03T12:49:08.349Z
37123731010,1,synthetic,large-long,S3,4,2,106.24421073199994,0.0,0.0,46549056.0,238291.0,46220071.0,0.0,,,,,1.0,2026-10-03T12:53:06.790Z,111.66725324799995,2.0,0.2222222222222222,317128606.0,1321751.0,46220071.0,268517845.0,314741856.0,268521785.0,0.707145,0.86642,2.0,2026-10-03T12:54:55.133Z,126.67637725299994,2.0,0.2222222222222222,318718456.0,1089544353.0,46220071.0,268517845.0,1389109619.0,1342889548.0,0.68342,19.090999,3.0,2026-10-03T12:56:49.517Z
37123731010,1,synthetic,large-long,S3,4,3,104.57434913500015,0.0,0.0,46603864.0,253409.0,46220071.0,0.0,,,,,2.0,2026-10-03T13:00:51.215Z,109.7491860130001,2.0,0.2222222222222222,316907432.0,1222555.0,46220071.0,268517845.0,314741856.0,268521785.0,0.70142,0.840888,1.0,2026-10-03T12:58:58.873Z,127.2479881459999,2.0,0.2222222222222222,318756594.0,1091374280.0,46220071.0,268517845.0,1389109618.0,1342889547.0,0.707199,19.535528,3.0,2026-10-03T13:02:37.851Z
37123731010,1,synthetic,large-long,S3,4,4,106.31275500599986,0.0,0.0,46578507.0,232963.0,46220071.0,0.0,,,,,1.0,2026-10-03T13:04:47.953Z,110.20896225700017,2.0,0.2222222222222222,316928409.0,1205079.0,46220071.0,268517845.0,314741856.0,268521785.0,0.715776,2.056705,3.0,2026-10-03T13:08:47.344Z,128.11595618499996,2.0,0.2222222222222222,318474391.0,1089570855.0,46220071.0,268517845.0,1389109631.0,1342889560.0,0.700574,19.207189,2.0,2026-10-03T13:06:36.434Z
37123731010,1,synthetic,large-long,S3,4,5,105.18050837999999,0.0,0.0,46532545.0,183464.0,46220071.0,0.0,,,,,3.0,2026-10-03T13:14:42.481Z,109.46694113600006,2.0,0.2222222222222222,316889624.0,1171509.0,46220071.0,268517845.0,314741856.0,268521785.0,0.671748,1.903931,2.0,2026-10-03T13:12:50.297Z,127.4032119750002,2.0,0.2222222222222222,318431717.0,1087641610.0,46220071.0,268517845.0,1389109619.0,1342889548.0,0.651883,19.114973,1.0,2026-10-03T13:10:40.160Z
37123731010,1,synthetic,large-short,S0,1,1,21.571417414000024,0.0,0.0,46467842.0,104589.0,46220071.0,0.0,,,,,3.0,2026-10-03T13:33:14.569Z,10.073588518999998,9.0,1.0,316036940.0,478780.0,46220071.0,268517853.0,314740589.0,268520518.0,0.211543,0.476931,1.0,2026-10-03T13:32:51.401Z,10.176696601000003,9.0,1.0,316175498.0,492849.0,46220071.0,268517848.0,1389108309.0,1342888238.0,0.248314,0.534712,2.0,2026-10-03T13:33:03.009Z
37123731010,1,synthetic,large-short,S0,1,2,21.655380589000004,0.0,0.0,46458269.0,98411.0,46220071.0,0.0,,,,,1.0,2026-10-03T13:33:37.886Z,7.7994596329999695,9.0,1.0,316058596.0,440376.0,46220071.0,268517853.0,314740589.0,268520518.0,0.216567,0.424317,3.0,2026-10-03T13:34:10.215Z,7.635203090999994,9.0,1.0,316147702.0,445590.0,46220071.0,268517848.0,1389108309.0,1342888238.0,0.241565,0.508486,2.0,2026-10-03T13:34:01.166Z
37123731010,1,synthetic,large-short,S0,1,3,21.616600308999978,0.0,0.0,46477044.0,206128.0,46220071.0,0.0,,,,,2.0,2026-10-03T13:34:28.433Z,7.337857057999997,9.0,1.0,315935121.0,362715.0,46220071.0,268517853.0,314740589.0,268520518.0,0.231399,0.433329,3.0,2026-10-03T13:34:51.741Z,7.572574262999979,9.0,1.0,316047555.0,372032.0,46220071.0,268517848.0,1389108309.0,1342888238.0,0.191478,0.558919,1.0,2026-10-03T13:34:19.424Z
37123731010,1,synthetic,large-short,S0,1,4,21.62437409499995,0.0,0.0,46477061.0,106156.0,46220071.0,0.0,,,,,1.0,2026-10-03T13:35:00.518Z,10.048176624999996,9.0,1.0,316112989.0,443151.0,46220071.0,268517853.0,314740589.0,268520518.0,0.221773,0.535923,3.0,2026-10-03T13:35:35.487Z,10.100097421000044,9.0,1.0,316135095.0,505539.0,46220071.0,268517848.0,1389108309.0,1342888238.0,0.215671,0.570133,2.0,2026-10-03T13:35:23.863Z
37123731010,1,synthetic,large-short,S0,1,5,21.671534210999994,0.0,0.0,46469282.0,98701.0,46220071.0,0.0,,,,,3.0,2026-10-03T13:36:05.676Z,7.648237083000026,9.0,1.0,316035509.0,392379.0,46220071.0,268517853.0,314740589.0,268520518.0,0.226088,0.532403,2.0,2026-10-03T13:35:56.640Z,8.052541896000037,9.0,1.0,315947136.0,435492.0,46220071.0,268517848.0,1389108309.0,1342888238.0,0.286908,0.54916,1.0,2026-10-03T13:35:47.046Z
37123731010,1,synthetic,large-short,S0,2,1,26.84277001000001,0.0,0.0,46568593.0,170499.0,46220071.0,0.0,,,,,1.0,2026-10-03T12:44:34.358Z,13.825989470999986,9.0,1.0,317140680.0,1005730.0,46220071.0,268517848.0,314740573.0,268520502.0,0.551423,0.672528,2.0,2026-10-03T12:45:04.772Z,17.083033908000004,9.0,1.0,317928424.0,1702038.0,46220071.0,268517845.0,1389108315.0,1342888244.0,0.505023,1.011644,3.0,2026-10-03T12:45:21.455Z
37123731010,1,synthetic,large-short,S0,2,2,26.588013791999998,0.0,0.0,46751825.0,236015.0,46220071.0,0.0,,,,,1.0,2026-10-03T12:45:41.496Z,11.451868329000007,9.0,1.0,315974537.0,328374.0,46220071.0,268517848.0,314740573.0,268520502.0,0.510573,0.663414,2.0,2026-10-03T12:46:11.588Z,17.007210268999984,9.0,1.0,317214158.0,999291.0,46220071.0,268517845.0,1389108315.0,1342888244.0,0.50096,0.987281,3.0,2026-10-03T12:46:26.000Z
37123731010,1,synthetic,large-short,S0,2,3,28.28438853800003,0.0,0.0,46564232.0,171006.0,46220071.0,0.0,,,,,1.0,2026-10-03T12:46:46.782Z,11.34105447799999,9.0,1.0,316031188.0,427783.0,46220071.0,268517848.0,314740573.0,268520502.0,0.435942,0.670842,3.0,2026-10-03T12:47:33.359Z,11.370945231999997,9.0,1.0,316225412.0,386179.0,46220071.0,268517845.0,1389108315.0,1342888244.0,0.437931,0.967644,2.0,2026-10-03T12:47:18.647Z
37123731010,1,synthetic,large-short,S0,2,4,25.604691581999987,0.0,0.0,46581116.0,219350.0,46220071.0,0.0,,,,,2.0,2026-10-03T12:48:05.260Z,13.843703342999959,9.0,1.0,317826429.0,1217273.0,46220071.0,268517848.0,314740573.0,268520502.0,0.462259,0.632614,1.0,2026-10-03T12:47:48.649Z,11.588248034000003,9.0,1.0,315975754.0,427147.0,46220071.0,268517845.0,1389108315.0,1342888244.0,0.508,0.883153,3.0,2026-10-03T12:48:34.660Z
37123731010,1,synthetic,large-short,S0,2,5,26.583510614000033,0.0,0.0,46592473.0,205599.0,46220071.0,0.0,,,,,1.0,2026-10-03T12:48:48.815Z,12.95658282300002,9.0,1.0,317291797.0,1258834.0,46220071.0,268517848.0,314740573.0,268520502.0,0.458545,0.998778,3.0,2026-10-03T12:49:37.160Z,13.734916087999977,9.0,1.0,316154682.0,418589.0,46220071.0,268517845.0,1389108315.0,1342888244.0,0.451449,3.220989,2.0,2026-10-03T12:49:19.523Z
37123731010,1,synthetic,large-short,S0,3,1,23.286891805000096,0.0,0.0,46546562.0,177463.0,46220071.0,0.0,,,,,1.0,2026-10-03T13:55:19.977Z,15.158035891000054,9.0,1.0,316527196.0,938630.0,46220071.0,268517851.0,314740576.0,268520505.0,0.705032,0.805105,2.0,2026-10-03T13:55:44.812Z,16.404659883000022,9.0,1.0,316692004.0,1047834.0,46220071.0,268517855.0,1389108312.0,1342888241.0,0.683292,1.036733,3.0,2026-10-03T13:56:01.691Z
37123731010,1,synthetic,large-short,S0,3,2,21.98386906199994,0.0,0.0,46475171.0,95531.0,46220071.0,0.0,,,,,1.0,2026-10-03T13:56:19.775Z,13.767554745999973,9.0,1.0,316649165.0,947653.0,46220071.0,268517851.0,314740576.0,268520505.0,0.675003,0.835223,2.0,2026-10-03T13:56:43.180Z,13.474939489000008,9.0,1.0,316666870.0,911687.0,46220071.0,268517855.0,1389108312.0,1342888241.0,0.677609,1.038709,3.0,2026-10-03T13:56:58.630Z
37123731010,1,synthetic,large-short,S0,3,3,22.402273641999955,0.0,0.0,46479925.0,128565.0,46220071.0,0.0,,,,,1.0,2026-10-03T13:57:13.873Z,8.649793979000037,9.0,1.0,315793335.0,274973.0,46220071.0,268517851.0,314740576.0,268520505.0,0.609313,0.84883,2.0,2026-10-03T13:57:37.708Z,13.349817151000025,9.0,1.0,316546799.0,900460.0,46220071.0,268517855.0,1389108312.0,1342888241.0,0.659557,1.006562,3.0,2026-10-03T13:57:48.066Z
37123731010,1,synthetic,large-short,S0,3,4,22.09839059300009,0.0,0.0,46482843.0,128626.0,46220071.0,0.0,,,,,2.0,2026-10-03T13:58:13.775Z,14.460064762999991,9.0,1.0,316723109.0,1049985.0,46220071.0,268517851.0,314740576.0,268520505.0,0.693489,0.842701,3.0,2026-10-03T13:58:37.287Z,8.921147349999956,9.0,1.0,315853137.0,326110.0,46220071.0,268517855.0,1389108312.0,1342888241.0,0.666147,1.008189,1.0,2026-10-03T13:58:03.151Z
37123731010,1,synthetic,large-short,S0,3,5,22.21145513800002,0.0,0.0,46482666.0,140393.0,46220071.0,0.0,,,,,3.0,2026-10-03T13:59:14.248Z,8.374216879999949,9.0,1.0,315829292.0,286499.0,46220071.0,268517851.0,314740576.0,268520505.0,0.601511,0.825862,1.0,2026-10-03T13:58:53.417Z,9.028558771000007,9.0,1.0,315808254.0,327833.0,46220071.0,268517855.0,1389108312.0,1342888241.0,0.603959,1.052918,2.0,2026-10-03T13:59:03.492Z
37123731010,1,synthetic,large-short,S0,4,1,21.243006826999988,0.0,0.0,46518479.0,154807.0,46220071.0,0.0,,,,,3.0,2026-10-03T14:46:10.300Z,13.402663553999986,9.0,1.0,317479485.0,1481211.0,46220071.0,268517847.0,314740583.0,268520512.0,0.49411,0.707212,1.0,2026-10-03T14:45:39.984Z,13.05360795300001,9.0,1.0,317636686.0,1423578.0,46220071.0,268517847.0,1389108304.0,1342888233.0,0.512352,0.759765,2.0,2026-10-03T14:45:55.478Z
37123731010,1,synthetic,large-short,S0,4,2,21.475502111000026,0.0,0.0,46508178.0,154417.0,46220071.0,0.0,,,,,3.0,2026-10-03T14:46:58.125Z,8.973325047000003,9.0,1.0,316110347.0,446409.0,46220071.0,268517847.0,314740583.0,268520512.0,0.463161,0.667354,2.0,2026-10-03T14:46:47.329Z,11.665250532999977,9.0,1.0,317478454.0,1557495.0,46220071.0,268517847.0,1389108304.0,1342888233.0,0.483489,0.810817,1.0,2026-10-03T14:46:33.914Z
37123731010,1,synthetic,large-short,S0,4,3,22.57579012100001,0.0,0.0,46567691.0,195549.0,46220071.0,0.0,,,,,2.0,2026-10-03T14:47:33.671Z,10.084113614999978,9.0,1.0,316007655.0,405087.0,46220071.0,268517847.0,314740583.0,268520512.0,0.495298,0.61654,3.0,2026-10-03T14:47:58.270Z,10.282108583000024,9.0,1.0,316363479.0,622790.0,46220071.0,268517847.0,1389108304.0,1342888233.0,0.516792,1.073135,1.0,2026-10-03T14:47:21.683Z
37123731010,1,synthetic,large-short,S0,4,4,22.35703909199998,0.0,0.0,46565149.0,157241.0,46220071.0,0.0,,,,,2.0,2026-10-03T14:48:24.038Z,11.938396659000034,9.0,1.0,317819866.0,1681399.0,46220071.0,268517847.0,314740583.0,268520512.0,0.564518,0.646662,1.0,2026-10-03T14:48:10.261Z,9.224064981000026,9.0,1.0,316635502.0,655444.0,46220071.0,268517847.0,1389108304.0,1342888233.0,0.403765,0.730231,3.0,2026-10-03T14:48:48.580Z
37123731010,1,synthetic,large-short,S0,4,5,21.72643804300003,0.0,0.0,46518994.0,167842.0,46220071.0,0.0,,,,,3.0,2026-10-03T14:49:22.143Z,9.53191915399998,9.0,1.0,316468205.0,605570.0,46220071.0,268517847.0,314740583.0,268520512.0,0.431146,0.697219,2.0,2026-10-03T14:49:10.905Z,9.235582681999972,9.0,1.0,316376459.0,537428.0,46220071.0,268517847.0,1389108304.0,1342888233.0,0.446704,0.766873,1.0,2026-10-03T14:48:59.925Z
37123731010,1,synthetic,large-short,S1,1,1,21.791421254,0.0,0.0,46471611.0,119726.0,46220071.0,0.0,,,,,1.0,2026-10-03T13:28:50.330Z,27.27664404799998,1.0,0.1111111111111111,46734621.0,280441905.0,46220071.0,93.0,314740581.0,268520510.0,0.28068,4.690791,2.0,2026-10-03T13:29:13.893Z,34.272992835000025,5.0,0.5555555555555556,586949399.0,841952089.0,46220071.0,537330963.0,1389108330.0,1342888259.0,0.28505,11.01871,3.0,2026-10-03T13:29:43.368Z
37123731010,1,synthetic,large-short,S1,1,2,21.731901135000044,0.0,0.0,46489057.0,124911.0,46220071.0,0.0,,,,,2.0,2026-10-03T13:30:56.044Z,26.901588936999985,1.0,0.1111111111111111,46645201.0,280523295.0,46220071.0,93.0,314740570.0,268520499.0,0.23079,4.47659,3.0,2026-10-03T13:31:19.559Z,34.13470937100004,5.0,0.5555555555555556,586878602.0,842063242.0,46220071.0,537330963.0,1389108323.0,1342888252.0,0.290496,10.924654,1.0,2026-10-03T13:30:19.725Z
37123731010,1,synthetic,large-short,S1,1,3,21.808582005000005,0.0,0.0,46459507.0,118259.0,46220071.0,0.0,,,,,3.0,2026-10-03T13:32:51.979Z,27.16397395499996,1.0,0.1111111111111111,46656188.0,280526779.0,46220071.0,93.0,314740570.0,268520499.0,0.259919,4.657898,2.0,2026-10-03T13:32:22.826Z,32.047486305999996,5.0,0.5555555555555556,586318793.0,838648286.0,46220071.0,537330963.0,1389108322.0,1342888251.0,0.241085,10.918883,1.0,2026-10-03T13:31:48.600Z
37123731010,1,synthetic,large-short,S1,1,4,21.937100084999997,0.0,0.0,46449716.0,104162.0,46220071.0,0.0,,,,,2.0,2026-10-03T13:33:50.099Z,26.931547320999925,1.0,0.1111111111111111,46691365.0,280348778.0,46220071.0,93.0,314740570.0,268520499.0,0.244906,4.494733,3.0,2026-10-03T13:34:13.798Z,32.38356132299998,5.0,0.5555555555555556,586082981.0,841588937.0,46220071.0,537330963.0,1389108324.0,1342888253.0,0.280916,10.986694,1.0,2026-10-03T13:33:15.585Z
37123731010,1,synthetic,large-short,S1,1,5,21.712901366999972,0.0,0.0,46485752.0,124408.0,46220071.0,0.0,,,,,3.0,2026-10-03T13:35:46.267Z,27.29714397800001,1.0,0.1111111111111111,46764479.0,280835420.0,46220071.0,93.0,314740571.0,268520500.0,0.245211,4.723927,2.0,2026-10-03T13:35:16.912Z,32.018284335999965,5.0,0.5555555555555556,586278751.0,841950477.0,46220071.0,537330963.0,1389108332.0,1342888261.0,0.239762,10.992279,1.0,2026-10-03T13:34:42.802Z
37123731010,1,synthetic,large-short,S1,2,1,26.121298221000018,0.0,0.0,46481699.0,123099.0,46220071.0,0.0,,,,,3.0,2026-10-03T14:36:50.119Z,31.653546894000016,1.0,0.1111111111111111,46728677.0,279994436.0,46220071.0,93.0,314740581.0,268520510.0,0.22939,4.718932,2.0,2026-10-03T14:36:16.141Z,41.196748369000005,5.0,0.5555555555555556,586714180.0,840318026.0,46220071.0,537330960.0,1389108324.0,1342888253.0,0.241136,11.602578,1.0,2026-10-03T14:35:32.514Z
37123731010,1,synthetic,large-short,S1,2,2,24.13781990900003,0.0,0.0,46506561.0,125688.0,46220071.0,0.0,,,,,2.0,2026-10-03T14:37:52.595Z,32.11067723199997,1.0,0.1111111111111111,46774610.0,279915593.0,46220071.0,93.0,314740568.0,268520497.0,0.254991,4.698361,1.0,2026-10-03T14:37:18.238Z,38.94170186600002,5.0,0.5555555555555556,586603557.0,841125598.0,46220071.0,537330960.0,1389108319.0,1342888248.0,0.226669,11.243767,3.0,2026-10-03T14:38:18.996Z
37123731010,1,synthetic,large-short,S1,2,3,25.45321902500001,0.0,0.0,46509886.0,156437.0,46220071.0,0.0,,,,,2.0,2026-10-03T14:39:34.324Z,31.050614913000004,1.0,0.1111111111111111,46633562.0,279753970.0,46220071.0,93.0,314740581.0,268520510.0,0.202834,4.353841,1.0,2026-10-03T14:39:00.788Z,40.42036274899999,5.0,0.5555555555555556,586883884.0,841374537.0,46220071.0,537330960.0,1389108317.0,1342888246.0,0.206552,11.38547,3.0,2026-10-03T14:40:02.162Z
37123731010,1,synthetic,large-short,S1,2,4,25.078365566000002,0.0,0.0,46487251.0,122539.0,46220071.0,0.0,,,,,3.0,2026-10-03T14:42:00.134Z,32.98355035100002,1.0,0.1111111111111111,46697627.0,280080268.0,46220071.0,93.0,314740581.0,268520510.0,0.221568,4.474218,2.0,2026-10-03T14:41:24.776Z,37.408085555000014,5.0,0.5555555555555556,586630740.0,841199387.0,46220071.0,537330960.0,1389108318.0,1342888247.0,0.250985,10.595931,1.0,2026-10-03T14:40:45.026Z
37123731010,1,synthetic,large-short,S1,2,5,24.513469145000045,0.0,0.0,46479899.0,113158.0,46220071.0,0.0,,,,,1.0,2026-10-03T14:42:27.427Z,32.107809551999935,1.0,0.1111111111111111,46768425.0,280773968.0,46220071.0,93.0,314740570.0,268520499.0,0.226359,3.949462,3.0,2026-10-03T14:43:34.971Z,38.40044698700001,5.0,0.5555555555555556,586223394.0,841198076.0,46220071.0,537330960.0,1389108319.0,1342888248.0,0.231009,11.164929,2.0,2026-10-03T14:42:54.000Z
37123731010,1,synthetic,large-short,S1,3,1,22.69842355,0.0,0.0,46510817.0,165025.0,46220071.0,0.0,,,,,2.0,2026-10-03T14:14:03.036Z,33.52734081099999,1.0,0.1111111111111111,46618488.0,280568310.0,46220071.0,91.0,314740569.0,268520498.0,0.831823,9.263877,3.0,2026-10-03T14:14:27.615Z,41.93978158,5.0,0.5555555555555556,587338194.0,839993618.0,46220071.0,537330969.0,1389108339.0,1342888268.0,0.866885,15.202021,1.0,2026-10-03T14:13:18.443Z
37123731010,1,synthetic,large-short,S1,3,2,22.775158879000003,0.0,0.0,46526512.0,177691.0,46220071.0,0.0,,,,,2.0,2026-10-03T14:15:49.460Z,32.54372854999997,1.0,0.1111111111111111,46660247.0,280746438.0,46220071.0,91.0,314740568.0,268520497.0,0.870738,8.271544,3.0,2026-10-03T14:16:14.106Z,42.890565901,5.0,0.5555555555555556,587358976.0,840739401.0,46220071.0,537330969.0,1389108339.0,1342888268.0,0.948078,15.580214,1.0,2026-10-03T14:15:03.820Z
37123731010,1,synthetic,large-short,S1,3,3,22.88837741399999,0.0,0.0,46517957.0,180168.0,46220071.0,0.0,,,,,1.0,2026-10-03T14:16:49.284Z,31.770042359,1.0,0.1111111111111111,46748673.0,280198423.0,46220071.0,91.0,314740579.0,268520508.0,0.832926,7.528672,2.0,2026-10-03T14:17:14.043Z,38.67741082699996,5.0,0.5555555555555556,585837142.0,841328589.0,46220071.0,537330969.0,1389108317.0,1342888246.0,0.822611,15.742967,3.0,2026-10-03T14:17:48.496Z
37123731010,1,synthetic,large-short,S1,3,4,22.585123107000015,0.0,0.0,46505523.0,168832.0,46220071.0,0.0,,,,,1.0,2026-10-03T14:18:29.894Z,32.81899699899998,1.0,0.1111111111111111,46692094.0,280387108.0,46220071.0,91.0,314740568.0,268520497.0,0.876385,8.876145,2.0,2026-10-03T14:18:54.389Z,37.718087147000006,5.0,0.5555555555555556,586125911.0,835887229.0,46220071.0,537330969.0,1389108317.0,1342888246.0,0.807638,14.798486,3.0,2026-10-03T14:19:29.802Z
37123731010,1,synthetic,large-short,S1,3,5,22.730261767000002,0.0,0.0,46506299.0,163763.0,46220071.0,0.0,,,,,1.0,2026-10-03T14:20:10.096Z,32.59649665899997,1.0,0.1111111111111111,46730246.0,278702489.0,46220071.0,91.0,314740579.0,268520508.0,0.82241,8.519458,2.0,2026-10-03T14:20:34.751Z,42.79753746100005,5.0,0.5555555555555556,587383086.0,842509536.0,46220071.0,537330969.0,1389108341.0,1342888270.0,0.877221,15.985515,3.0,2026-10-03T14:21:09.972Z
37123731010,1,synthetic,large-short,S1,4,1,23.320117626999988,0.0,0.0,46543707.0,164930.0,46220071.0,0.0,,,,,1.0,2026-10-03T13:08:13.087Z,31.10906111,1.0,0.1111111111111111,46927424.0,272557017.0,46220071.0,92.0,314740579.0,268520508.0,0.675488,7.754076,2.0,2026-10-03T13:08:38.574Z,44.33920680100002,5.0,0.5555555555555556,590402531.0,821454724.0,46220071.0,537330960.0,1389108319.0,1342888248.0,0.684166,13.059808,3.0,2026-10-03T13:09:12.400Z
37123731010,1,synthetic,large-short,S1,4,2,23.021607283999998,0.0,0.0,46691459.0,261194.0,46220071.0,0.0,,,,,1.0,2026-10-03T13:09:59.503Z,30.77116407699998,1.0,0.1111111111111111,46918744.0,272148853.0,46220071.0,92.0,314740579.0,268520508.0,0.696905,7.340991,2.0,2026-10-03T13:10:24.638Z,42.836563684,5.0,0.5555555555555556,590147372.0,822643078.0,46220071.0,537330960.0,1389108318.0,1342888247.0,0.708444,13.34457,3.0,2026-10-03T13:10:57.993Z
37123731010,1,synthetic,large-short,S1,4,3,22.591037142000005,0.0,0.0,46618474.0,250220.0,46220071.0,0.0,,,,,3.0,2026-10-03T13:12:58.758Z,30.846017357999983,1.0,0.1111111111111111,47086783.0,271721354.0,46220071.0,92.0,314740580.0,268520509.0,0.718757,7.099509,1.0,2026-10-03T13:11:43.666Z,38.580622233999975,5.0,0.5555555555555556,586473401.0,818367736.0,46220071.0,537330960.0,1389108319.0,1342888248.0,0.651633,14.75393,2.0,2026-10-03T13:12:17.373Z
37123731010,1,synthetic,large-short,S1,4,4,21.550438256999996,0.0,0.0,46526459.0,169527.0,46220071.0,0.0,,,,,2.0,2026-10-03T13:14:08.173Z,30.050651744999982,1.0,0.1111111111111111,46881584.0,272524769.0,46220071.0,92.0,314740580.0,268520509.0,0.646729,7.349496,3.0,2026-10-03T13:14:31.781Z,41.89859894199998,5.0,0.5555555555555556,590666053.0,819651257.0,46220071.0,537330960.0,1389108318.0,1342888247.0,0.694575,13.006772,1.0,2026-10-03T13:13:23.532Z
37123731010,1,synthetic,large-short,S1,4,5,22.271032607000052,0.0,0.0,46635221.0,243390.0,46220071.0,0.0,,,,,1.0,2026-10-03T13:15:04.337Z,30.904697302000045,1.0,0.1111111111111111,46973028.0,271941640.0,46220071.0,92.0,314740569.0,268520498.0,0.738375,7.170249,3.0,2026-10-03T13:16:13.608Z,41.99005196500002,5.0,0.5555555555555556,590540127.0,821600084.0,46220071.0,537330960.0,1389108302.0,1342888231.0,0.749529,12.897535,2.0,2026-10-03T13:15:28.764Z
37123731010,1,synthetic,large-short,S2,1,1,23.222178275000005,0.0,0.0,46585507.0,223608.0,46220071.0,0.0,,,,,1.0,2026-10-03T12:44:22.346Z,27.10563750299997,1.0,0.1111111111111111,46987772.0,272659575.0,46220071.0,93.0,314740571.0,268520500.0,0.492252,5.676656,3.0,2026-10-03T12:45:30.502Z,40.49975331799999,3.0,0.3333333333333333,319123004.0,1091959947.0,46220071.0,268812982.0,1389108336.0,1342888265.0,0.534666,13.374537,2.0,2026-10-03T12:44:47.453Z
37123731010,1,synthetic,large-short,S2,1,2,20.452251687,0.0,0.0,46524999.0,159998.0,46220071.0,0.0,,,,,1.0,2026-10-03T12:45:59.997Z,26.760708849000025,1.0,0.1111111111111111,46923053.0,272957972.0,46220071.0,93.0,314740570.0,268520499.0,0.433981,5.084199,2.0,2026-10-03T12:46:22.533Z,40.16173745399999,3.0,0.3333333333333333,319451524.0,1091093665.0,46220071.0,268812982.0,1389108325.0,1342888254.0,0.527189,13.504396,3.0,2026-10-03T12:46:51.830Z
37123731010,1,synthetic,large-short,S2,1,3,22.146999065000045,0.0,0.0,46526024.0,189594.0,46220071.0,0.0,,,,,1.0,2026-10-03T12:47:34.584Z,27.558157064,1.0,0.1111111111111111,46975064.0,273095302.0,46220071.0,93.0,314740571.0,268520500.0,0.451341,4.929343,2.0,2026-10-03T12:47:58.721Z,35.02366595199999,3.0,0.3333333333333333,317603004.0,1091063797.0,46220071.0,268812982.0,1389108335.0,1342888264.0,0.412534,12.850862,3.0,2026-10-03T12:48:28.669Z
37123731010,1,synthetic,large-short,S2,1,4,20.716782495000075,0.0,0.0,46586456.0,190718.0,46220071.0,0.0,,,,,1.0,2026-10-03T12:49:05.998Z,27.960865959000103,1.0,0.1111111111111111,46897690.0,272387354.0,46220071.0,93.0,314740572.0,268520501.0,0.451903,5.362158,3.0,2026-10-03T12:50:10.681Z,39.59692493499995,3.0,0.3333333333333333,318781330.0,1091711367.0,46220071.0,268812982.0,1389108334.0,1342888263.0,0.477895,15.521986,2.0,2026-10-03T12:49:28.632Z
37123731010,1,synthetic,large-short,S2,1,5,22.00556365099999,0.0,0.0,46499115.0,148596.0,46220071.0,0.0,,,,,2.0,2026-10-03T12:51:25.218Z,28.936168305000024,1.0,0.1111111111111111,46951718.0,273231622.0,46220071.0,93.0,314740572.0,268520501.0,0.498022,5.96886,3.0,2026-10-03T12:51:49.171Z,41.70256513000004,3.0,0.3333333333333333,319029139.0,1092808271.0,46220071.0,268812982.0,1389108334.0,1342888263.0,0.483064,15.132434,1.0,2026-10-03T12:50:41.090Z
37123731010,1,synthetic,large-short,S2,2,1,22.222735809,0.0,0.0,46505236.0,117816.0,46220071.0,0.0,,,,,2.0,2026-10-03T15:02:25.785Z,30.254250457000012,1.0,0.1111111111111111,46983807.0,279221744.0,46220071.0,93.0,314740570.0,268520499.0,0.696984,6.966503,3.0,2026-10-03T15:02:49.778Z,46.36713570299999,3.0,0.3333333333333333,318118875.0,1116600833.0,46220071.0,268812970.0,1389108338.0,1342888267.0,0.692058,17.187175,1.0,2026-10-03T15:01:36.968Z
37123731010,1,synthetic,large-short,S2,2,2,22.376369260000047,0.0,0.0,46460847.0,96614.0,46220071.0,0.0,,,,,2.0,2026-10-03T15:04:09.485Z,30.977351946,1.0,0.1111111111111111,47067651.0,280223354.0,46220071.0,93.0,314740571.0,268520500.0,0.752924,7.437748,3.0,2026-10-03T15:04:33.677Z,44.58274498999998,3.0,0.3333333333333333,318357991.0,1116537626.0,46220071.0,268812970.0,1389108327.0,1342888256.0,0.770436,16.554475,1.0,2026-10-03T15:03:22.431Z
37123731010,1,synthetic,large-short,S2,2,3,23.16939953100001,0.0,0.0,46606594.0,223066.0,46220071.0,0.0,,,,,1.0,2026-10-03T15:05:06.949Z,30.152332227000045,1.0,0.1111111111111111,47049913.0,279731335.0,46220071.0,93.0,314740581.0,268520510.0,0.71233,6.986035,3.0,2026-10-03T15:06:19.987Z,45.59724207300002,3.0,0.3333333333333333,318480832.0,1117828571.0,46220071.0,268812970.0,1389108325.0,1342888254.0,0.703607,16.419514,2.0,2026-10-03T15:05:31.924Z
37123731010,1,synthetic,large-short,S2,2,4,22.28811607199998,0.0,0.0,46504228.0,108290.0,46220071.0,0.0,,,,,1.0,2026-10-03T15:06:52.566Z,30.298491276999982,1.0,0.1111111111111111,46825595.0,279217893.0,46220071.0,93.0,314740572.0,268520501.0,0.618829,7.065217,2.0,2026-10-03T15:07:16.683Z,38.66522358899999,3.0,0.3333333333333333,317506764.0,1118055785.0,46220071.0,268812970.0,1389108326.0,1342888255.0,0.718951,16.242295,3.0,2026-10-03T15:07:49.385Z
37123731010,1,synthetic,large-short,S2,2,5,22.345781780999914,0.0,0.0,46454366.0,107553.0,46220071.0,0.0,,,,,3.0,2026-10-03T15:09:44.472Z,30.411292884999966,1.0,0.1111111111111111,46833810.0,278805610.0,46220071.0,93.0,314740571.0,268520500.0,0.604698,6.921144,1.0,2026-10-03T15:08:30.519Z,38.44714830300006,3.0,0.3333333333333333,317503553.0,1117553333.0,46220071.0,268812970.0,1389108326.0,1342888255.0,0.60544,16.207179,2.0,2026-10-03T15:09:03.567Z
37123731010,1,synthetic,large-short,S2,3,1,21.404456097999997,0.0,0.0,46499442.0,115960.0,46220071.0,0.0,,,,,2.0,2026-10-03T15:05:27.027Z,26.586088636,1.0,0.1111111111111111,46688364.0,280197925.0,46220071.0,93.0,314740583.0,268520512.0,0.260286,4.579744,3.0,2026-10-03T15:05:50.062Z,35.16067715599999,3.0,0.3333333333333333,317504673.0,1120608452.0,46220071.0,268812988.0,1389108340.0,1342888269.0,0.233015,12.979087,1.0,2026-10-03T15:04:49.735Z
37123731010,1,synthetic,large-short,S2,3,2,21.501535636,0.0,0.0,46507153.0,121220.0,46220071.0,0.0,,,,,2.0,2026-10-03T15:06:57.526Z,25.933384304999976,1.0,0.1111111111111111,46727213.0,280411682.0,46220071.0,93.0,314740572.0,268520501.0,0.279332,3.891728,3.0,2026-10-03T15:07:20.832Z,36.920104353,3.0,0.3333333333333333,317459044.0,1120539741.0,46220071.0,268812988.0,1389108345.0,1342888274.0,0.286078,13.561865,1.0,2026-10-03T15:06:18.521Z
37123731010,1,synthetic,large-short,S2,3,3,21.57466992899998,0.0,0.0,46476497.0,102706.0,46220071.0,0.0,,,,,1.0,2026-10-03T15:07:48.653Z,26.457161199999973,1.0,0.1111111111111111,46737399.0,280201013.0,46220071.0,93.0,314740583.0,268520512.0,0.263241,4.34029,3.0,2026-10-03T15:08:49.402Z,35.41379193199998,3.0,0.3333333333333333,316923659.0,1119422221.0,46220071.0,268812988.0,1389108344.0,1342888273.0,0.274331,14.206849,2.0,2026-10-03T15:08:11.976Z
37123731010,1,synthetic,large-short,S2,3,4,21.530780305999997,0.0,0.0,46451464.0,102745.0,46220071.0,0.0,,,,,2.0,2026-10-03T15:09:54.351Z,26.838619263,1.0,0.1111111111111111,46721252.0,280189800.0,46220071.0,93.0,314740572.0,268520501.0,0.234499,4.741746,3.0,2026-10-03T15:10:17.575Z,34.40676750399996,3.0,0.3333333333333333,316940986.0,1119763832.0,46220071.0,268812988.0,1389108344.0,1342888273.0,0.215303,13.384992,1.0,2026-10-03T15:09:17.859Z
37123731010,1,synthetic,large-short,S2,3,5,21.42391802999998,0.0,0.0,46493539.0,110100.0,46220071.0,0.0,,,,,3.0,2026-10-03T15:11:54.397Z,26.559041543999967,1.0,0.1111111111111111,46653322.0,279916845.0,46220071.0,93.0,314740572.0,268520501.0,0.229497,4.514186,2.0,2026-10-03T15:11:25.887Z,37.52624082,3.0,0.3333333333333333,317259537.0,1119791425.0,46220071.0,268812988.0,1389108347.0,1342888276.0,0.246601,14.470758,1.0,2026-10-03T15:10:46.329Z
37123731010,1,synthetic,large-short,S2,4,1,24.302884945000017,0.0,0.0,46615639.0,201501.0,46220071.0,0.0,,,,,3.0,2026-10-03T13:35:57.920Z,32.93580622900001,1.0,0.1111111111111111,46979331.0,272452624.0,46220071.0,93.0,314740572.0,268520501.0,0.488572,5.266557,1.0,2026-10-03T13:34:30.266Z,46.90409599099999,3.0,0.3333333333333333,319221897.0,1094008739.0,46220071.0,268812986.0,1389108340.0,1342888269.0,0.487516,15.920518,2.0,2026-10-03T13:35:07.218Z
37123731010,1,synthetic,large-short,S2,4,2,24.89326114200003,0.0,0.0,46616533.0,194618.0,46220071.0,0.0,,,,,3.0,2026-10-03T13:37:46.561Z,32.685015265000004,1.0,0.1111111111111111,47000749.0,272930659.0,46220071.0,93.0,314740572.0,268520501.0,0.440048,5.660318,2.0,2026-10-03T13:37:10.244Z,40.942224460000034,3.0,0.3333333333333333,318222450.0,1090898003.0,46220071.0,268812986.0,1389108339.0,1342888268.0,0.429988,14.60009,1.0,2026-10-03T13:36:25.551Z
37123731010,1,synthetic,large-short,S2,4,3,33.018113569000036,0.0,0.0,46634578.0,210597.0,46220071.0,0.0,,,,,2.0,2026-10-03T13:38:51.791Z,32.859516308000025,1.0,0.1111111111111111,46970382.0,272500031.0,46220071.0,93.0,314740572.0,268520501.0,0.415571,5.344333,1.0,2026-10-03T13:38:15.024Z,45.190808968,3.0,0.3333333333333333,317729080.0,1090843076.0,46220071.0,268812986.0,1389108341.0,1342888270.0,0.533305,15.704545,3.0,2026-10-03T13:39:29.076Z
37123731010,1,synthetic,large-short,S2,4,4,24.873590778999983,0.0,0.0,46617566.0,197342.0,46220071.0,0.0,,,,,2.0,2026-10-03T13:40:54.332Z,31.953092695000066,1.0,0.1111111111111111,46994082.0,273055953.0,46220071.0,93.0,314740573.0,268520502.0,0.471146,5.417038,1.0,2026-10-03T13:40:18.523Z,45.664916197000025,3.0,0.3333333333333333,318905503.0,1092912702.0,46220071.0,268812986.0,1389108341.0,1342888270.0,0.487856,15.793724,3.0,2026-10-03T13:41:22.675Z
37123731010,1,synthetic,large-short,S2,4,5,25.83600982500002,0.0,0.0,46599636.0,217268.0,46220071.0,0.0,,,,,1.0,2026-10-03T13:42:12.226Z,32.76914084099997,1.0,0.1111111111111111,46916216.0,272738050.0,46220071.0,93.0,314740573.0,268520502.0,0.404759,4.890295,3.0,2026-10-03T13:43:28.554Z,42.629569093999976,3.0,0.3333333333333333,318195002.0,1089720575.0,46220071.0,268812986.0,1389108343.0,1342888272.0,0.437774,14.6757,2.0,2026-10-03T13:42:41.933Z
37123731010,1,synthetic,large-short,S3,1,1,22.463361495000015,0.0,0.0,46518694.0,226029.0,46220071.0,0.0,,,,,3.0,2026-10-03T13:52:34.612Z,27.84979346900002,2.0,0.2222222222222222,316845002.0,1180027.0,46220071.0,268517851.0,314741864.0,268521793.0,0.773985,2.263611,2.0,2026-10-03T13:52:04.336Z,46.380408173000006,2.0,0.2222222222222222,317467884.0,1122208326.0,46220071.0,268517851.0,1389109605.0,1342889534.0,0.695084,20.76455,1.0,2026-10-03T13:51:15.254Z
37123731010,1,synthetic,large-short,S3,1,2,22.54164009599998,0.0,0.0,46487874.0,116837.0,46220071.0,0.0,,,,,3.0,2026-10-03T13:54:03.728Z,20.522991778000005,2.0,0.2222222222222222,315839009.0,384555.0,46220071.0,268517851.0,314741864.0,268521793.0,0.616459,2.125009,2.0,2026-10-03T13:53:40.768Z,39.36566590799998,2.0,0.2222222222222222,316710194.0,1121586860.0,46220071.0,268517851.0,1389109599.0,1342889528.0,0.650299,21.005257,1.0,2026-10-03T13:52:58.921Z
37123731010,1,synthetic,large-short,S3,1,3,22.428686019999986,0.0,0.0,46497059.0,129003.0,46220071.0,0.0,,,,,1.0,2026-10-03T13:54:28.244Z,26.352030325999976,2.0,0.2222222222222222,316845194.0,1088303.0,46220071.0,268517851.0,314741864.0,268521793.0,0.61085,0.999511,2.0,2026-10-03T13:54:52.512Z,45.61708714800005,2.0,0.2222222222222222,318799725.0,1121113613.0,46220071.0,268517851.0,1389109604.0,1342889533.0,0.723032,20.069305,3.0,2026-10-03T13:55:21.321Z
37123731010,1,synthetic,large-short,S3,1,4,22.34840821900002,0.0,0.0,46475732.0,128741.0,46220071.0,0.0,,,,,3.0,2026-10-03T13:57:12.578Z,19.397974420999958,2.0,0.2222222222222222,315814505.0,354723.0,46220071.0,268517851.0,314741864.0,268521793.0,0.712695,1.042116,1.0,2026-10-03T13:56:09.363Z,38.88689798000007,2.0,0.2222222222222222,317047443.0,1121043287.0,46220071.0,268517851.0,1389109602.0,1342889531.0,0.89378,20.160235,2.0,2026-10-03T13:56:31.195Z
37123731010,1,synthetic,large-short,S3,1,5,22.457234087000074,0.0,0.0,46453099.0,109675.0,46220071.0,0.0,,,,,1.0,2026-10-03T13:57:36.766Z,20.391746661999946,2.0,0.2222222222222222,315799307.0,354256.0,46220071.0,268517851.0,314741864.0,268521793.0,0.634631,2.082376,2.0,2026-10-03T13:58:01.005Z,39.11391574999993,2.0,0.2222222222222222,316791538.0,1121443876.0,46220071.0,268517851.0,1389109602.0,1342889531.0,0.612609,20.84942,3.0,2026-10-03T13:58:23.757Z
37123731010,1,synthetic,large-short,S3,2,1,25.168028859999993,0.0,0.0,46465069.0,104364.0,46220071.0,0.0,,,,,2.0,2026-10-03T14:51:04.510Z,26.635006215000004,2.0,0.2222222222222222,316320483.0,630874.0,46220071.0,268517851.0,314741864.0,268521793.0,0.2751,1.571213,1.0,2026-10-03T14:50:35.416Z,40.427967806,2.0,0.2222222222222222,317071574.0,1120471202.0,46220071.0,268517848.0,1389109604.0,1342889533.0,0.268836,15.610001,3.0,2026-10-03T14:51:31.988Z
37123731010,1,synthetic,large-short,S3,2,2,25.649928699999975,0.0,0.0,46469573.0,109091.0,46220071.0,0.0,,,,,2.0,2026-10-03T14:52:55.248Z,22.76994817900004,2.0,0.2222222222222222,316187035.0,556434.0,46220071.0,268517851.0,314741864.0,268521793.0,0.22769,1.380924,3.0,2026-10-03T14:53:23.046Z,38.06173755999998,2.0,0.2222222222222222,316901644.0,1120920056.0,46220071.0,268517848.0,1389109595.0,1342889524.0,0.222769,16.802946,1.0,2026-10-03T14:52:14.830Z
37123731010,1,synthetic,large-short,S3,2,3,24.124020056000006,0.0,0.0,46468962.0,118763.0,46220071.0,0.0,,,,,2.0,2026-10-03T14:54:28.596Z,23.625121237999963,2.0,0.2222222222222222,316311945.0,659812.0,46220071.0,268517851.0,314741864.0,268521793.0,0.196879,0.478754,3.0,2026-10-03T14:54:55.041Z,37.892493102,2.0,0.2222222222222222,316442164.0,1120738324.0,46220071.0,268517848.0,1389109594.0,1342889523.0,0.247029,16.37066,1.0,2026-10-03T14:53:48.288Z
37123731010,1,synthetic,large-short,S3,2,4,25.071410182000022,0.0,0.0,46482364.0,120718.0,46220071.0,0.0,,,,,1.0,2026-10-03T14:55:21.117Z,22.781216134999966,2.0,0.2222222222222222,316121144.0,473671.0,46220071.0,268517851.0,314741864.0,268521793.0,0.205158,1.389079,2.0,2026-10-03T14:55:48.373Z,41.00607486900003,2.0,0.2222222222222222,317192996.0,1121062965.0,46220071.0,268517848.0,1389109633.0,1342889562.0,0.263354,16.893611,3.0,2026-10-03T14:56:14.102Z
37123731010,1,synthetic,large-short,S3,2,5,24.09328824800002,0.0,0.0,46498708.0,127126.0,46220071.0,0.0,,,,,3.0,2026-10-03T14:58:02.325Z,21.705349735000027,2.0,0.2222222222222222,316165265.0,559194.0,46220071.0,268517851.0,314741864.0,268521793.0,0.206435,0.532533,2.0,2026-10-03T14:57:38.264Z,38.276939765000066,2.0,0.2222222222222222,316864133.0,1121456165.0,46220071.0,268517848.0,1389109595.0,1342889524.0,0.212296,17.012377,1.0,2026-10-03T14:56:57.522Z
37123731010,1,synthetic,large-short,S3,3,1,26.858226932999997,0.0,0.0,46481078.0,142976.0,46220071.0,0.0,,,,,1.0,2026-10-03T12:44:36.539Z,31.027189098999997,2.0,0.2222222222222222,318249617.0,2109281.0,46220071.0,268517848.0,314741860.0,268521789.0,0.665755,1.804192,2.0,2026-10-03T12:45:05.563Z,46.70296253799998,2.0,0.2222222222222222,318211995.0,1089455047.0,46220071.0,268517847.0,1389109588.0,1342889517.0,0.644227,19.929442,3.0,2026-10-03T12:45:39.278Z
37123731010,1,synthetic,large-short,S3,3,2,26.014685458999963,0.0,0.0,46514474.0,132885.0,46220071.0,0.0,,,,,2.0,2026-10-03T12:46:58.985Z,27.54231402299999,2.0,0.2222222222222222,317847335.0,1575882.0,46220071.0,268517848.0,314741860.0,268521789.0,0.654182,0.800079,1.0,2026-10-03T12:46:28.707Z,40.579616191000014,2.0,0.2222222222222222,317894873.0,1089958443.0,46220071.0,268517847.0,1389109599.0,1342889528.0,0.573925,18.544718,3.0,2026-10-03T12:47:27.193Z
37123731010,1,synthetic,large-short,S3,3,3,26.237099086,0.0,0.0,46516921.0,165020.0,46220071.0,0.0,,,,,1.0,2026-10-03T12:48:10.563Z,24.47163245500002,2.0,0.2222222222222222,316177985.0,501751.0,46220071.0,268517848.0,314741860.0,268521789.0,0.608099,2.049312,3.0,2026-10-03T12:49:28.118Z,46.579068715000005,2.0,0.2222222222222222,318638674.0,1089412070.0,46220071.0,268517847.0,1389109592.0,1342889521.0,0.684028,18.616666,2.0,2026-10-03T12:48:38.865Z
37123731010,1,synthetic,large-short,S3,3,4,25.15722048400005,0.0,0.0,46551377.0,139855.0,46220071.0,0.0,,,,,3.0,2026-10-03T12:51:19.906Z,29.785429830999988,2.0,0.2222222222222222,317627981.0,1624127.0,46220071.0,268517848.0,314741860.0,268521789.0,0.692539,0.92457,2.0,2026-10-03T12:50:47.411Z,49.45447893900001,2.0,0.2222222222222222,319393292.0,1091055731.0,46220071.0,268517847.0,1389109591.0,1342889520.0,0.624198,20.713744,1.0,2026-10-03T12:49:55.294Z
37123731010,1,synthetic,large-short,S3,3,5,25.654895348999958,0.0,0.0,46568614.0,206196.0,46220071.0,0.0,,,,,2.0,2026-10-03T12:52:31.160Z,26.857715682000048,2.0,0.2222222222222222,317943646.0,1866861.0,46220071.0,268517848.0,314741860.0,268521789.0,0.699301,0.916312,3.0,2026-10-03T12:52:58.947Z,41.27058265200003,2.0,0.2222222222222222,317478696.0,1089372285.0,46220071.0,268517847.0,1389109592.0,1342889521.0,0.686715,18.785093,1.0,2026-10-03T12:51:47.202Z
37123731010,1,synthetic,large-short,S3,4,1,21.802702621999998,0.0,0.0,46499518.0,115213.0,46220071.0,0.0,,,,,1.0,2026-10-03T13:25:46.038Z,21.707199756999984,2.0,0.2222222222222222,316194773.0,524671.0,46220071.0,268517854.0,314741867.0,268521796.0,0.211171,1.421776,3.0,2026-10-03T13:26:47.955Z,36.37768071400001,2.0,0.2222222222222222,316736249.0,1121090885.0,46220071.0,268517854.0,1389109600.0,1342889529.0,0.248502,16.967699,2.0,2026-10-03T13:26:09.578Z
37123731010,1,synthetic,large-short,S3,4,2,21.581641244999986,0.0,0.0,46486765.0,95373.0,46220071.0,0.0,,,,,2.0,2026-10-03T13:27:32.768Z,19.316674312000004,2.0,0.2222222222222222,316065301.0,425546.0,46220071.0,268517854.0,314741867.0,268521796.0,0.242753,1.407449,1.0,2026-10-03T13:27:11.566Z,33.04328076799999,2.0,0.2222222222222222,317044086.0,1120449015.0,46220071.0,268517854.0,1389109601.0,1342889530.0,0.220464,15.576775,3.0,2026-10-03T13:27:56.065Z
37123731010,1,synthetic,large-short,S3,4,3,22.056087183999978,0.0,0.0,46514019.0,220473.0,46220071.0,0.0,,,,,2.0,2026-10-03T13:29:06.276Z,19.06748568499995,2.0,0.2222222222222222,316113595.0,430882.0,46220071.0,268517854.0,314741867.0,268521796.0,0.210467,1.68049,3.0,2026-10-03T13:29:30.103Z,32.99811307499999,2.0,0.2222222222222222,317120487.0,1120226815.0,46220071.0,268517854.0,1389109594.0,1342889523.0,0.249675,15.356599,1.0,2026-10-03T13:28:31.143Z
37123731010,1,synthetic,large-short,S3,4,4,21.897192270999994,0.0,0.0,46458975.0,108746.0,46220071.0,0.0,,,,,1.0,2026-10-03T13:29:51.245Z,21.313398833000008,2.0,0.2222222222222222,316269644.0,562008.0,46220071.0,268517854.0,314741867.0,268521796.0,0.193519,1.35269,3.0,2026-10-03T13:30:52.327Z,35.33691717100004,2.0,0.2222222222222222,317211772.0,1121531895.0,46220071.0,268517854.0,1389109595.0,1342889524.0,0.201246,15.846123,2.0,2026-10-03T13:30:14.901Z
37123731010,1,synthetic,large-short,S3,4,5,21.818892724000023,0.0,0.0,46455920.0,98969.0,46220071.0,0.0,,,,,2.0,2026-10-03T13:31:35.479Z,17.899848641999995,2.0,0.2222222222222222,316090330.0,441311.0,46220071.0,268517854.0,314741867.0,268521796.0,0.21413,0.412089,1.0,2026-10-03T13:31:15.602Z,33.282072916999994,2.0,0.2222222222222222,316719030.0,1120181334.0,46220071.0,268517854.0,1389109641.0,1342889570.0,0.188479,15.884663,3.0,2026-10-03T13:31:59.045Z
37123731010,1,synthetic,small-long,S0,1,1,111.61083489200001,0.0,0.0,46604548.0,396572.0,46220071.0,0.0,,,,,2.0,2026-10-03T12:50:43.056Z,4.2275318279999965,9.0,1.0,47579031.0,144613.0,46220071.0,1049322.0,47272047.0,1051976.0,0.462869,0.65267,3.0,2026-10-03T12:52:36.352Z,4.368928847999996,9.0,1.0,47564088.0,157812.0,46220071.0,1049322.0,50716351.0,4496280.0,0.512006,0.73871,1.0,2026-10-03T12:50:36.992Z
37123731010,1,synthetic,small-long,S0,1,2,112.19692053299997,0.0,0.0,46552815.0,232376.0,46220071.0,0.0,,,,,2.0,2026-10-03T12:52:48.075Z,4.1979818710000245,9.0,1.0,47591251.0,160400.0,46220071.0,1049322.0,47272047.0,1051976.0,0.490608,0.657059,1.0,2026-10-03T12:52:42.273Z,4.398177594999993,9.0,1.0,47565970.0,158959.0,46220071.0,1049322.0,50716351.0,4496280.0,0.472955,0.892444,3.0,2026-10-03T12:54:41.913Z
37123731010,1,synthetic,small-long,S0,1,3,112.42950544100006,0.0,0.0,46576015.0,240323.0,46220071.0,0.0,,,,,2.0,2026-10-03T12:54:53.837Z,4.2460511609999685,9.0,1.0,47545493.0,133438.0,46220071.0,1049322.0,47272047.0,1051976.0,0.452472,0.712017,1.0,2026-10-03T12:54:47.931Z,4.363945365999939,9.0,1.0,47574284.0,151568.0,46220071.0,1049322.0,50716351.0,4496280.0,0.484142,0.889903,3.0,2026-10-03T12:56:47.903Z
37123731010,1,synthetic,small-long,S0,1,4,112.44747505700002,0.0,0.0,46538201.0,228519.0,46220071.0,0.0,,,,,2.0,2026-10-03T12:56:59.637Z,4.222376671000006,9.0,1.0,47576090.0,167351.0,46220071.0,1049322.0,47272047.0,1051976.0,0.406545,0.73859,1.0,2026-10-03T12:56:53.857Z,4.335565052999982,9.0,1.0,47592364.0,157020.0,46220071.0,1049322.0,50716351.0,4496280.0,0.469228,0.80962,3.0,2026-10-03T12:58:53.686Z
37123731010,1,synthetic,small-long,S0,1,5,112.32962755599999,0.0,0.0,46576020.0,228265.0,46220071.0,0.0,,,,,2.0,2026-10-03T12:59:05.618Z,4.413339943000096,9.0,1.0,47560756.0,146079.0,46220071.0,1049322.0,47272047.0,1051976.0,0.510284,0.744122,3.0,2026-10-03T13:00:59.572Z,4.27464781499998,9.0,1.0,47607756.0,163272.0,46220071.0,1049322.0,50716351.0,4496280.0,0.449152,0.74468,1.0,2026-10-03T12:58:59.638Z
37123731010,1,synthetic,small-long,S0,2,1,91.10028656900005,0.0,0.0,46557815.0,202025.0,46220071.0,0.0,,,,,1.0,2026-10-03T14:02:58.740Z,4.577873747000012,9.0,1.0,47556796.0,125831.0,46220071.0,1049321.0,47272046.0,1051975.0,0.301304,0.423984,2.0,2026-10-03T14:04:31.919Z,5.21481312200001,9.0,1.0,47616870.0,157839.0,46220071.0,1049322.0,50716354.0,4496283.0,0.262538,0.654766,3.0,2026-10-03T14:04:38.619Z
37123731010,1,synthetic,small-long,S0,2,2,88.37241523800003,0.0,0.0,46520399.0,188629.0,46220071.0,0.0,,,,,3.0,2026-10-03T14:04:59.088Z,4.942130957000018,9.0,1.0,47573934.0,143765.0,46220071.0,1049321.0,47272046.0,1051975.0,0.191087,0.675229,2.0,2026-10-03T14:04:52.247Z,4.9612323589999505,9.0,1.0,47548078.0,128796.0,46220071.0,1049322.0,50716354.0,4496283.0,0.24238,0.661796,1.0,2026-10-03T14:04:45.594Z
37123731010,1,synthetic,small-long,S0,2,3,89.95845908199999,0.0,0.0,46611671.0,227211.0,46220071.0,0.0,,,,,3.0,2026-10-03T14:06:41.748Z,4.356023954999955,9.0,1.0,47556835.0,132179.0,46220071.0,1049321.0,47272046.0,1051975.0,0.239142,0.453242,2.0,2026-10-03T14:06:35.748Z,4.583970303000001,9.0,1.0,47582774.0,145523.0,46220071.0,1049322.0,50716354.0,4496283.0,0.285619,0.610022,1.0,2026-10-03T14:06:29.529Z
37123731010,1,synthetic,small-long,S0,2,4,87.93140725,0.0,0.0,46523180.0,188081.0,46220071.0,0.0,,,,,2.0,2026-10-03T14:08:19.617Z,3.9347890149999785,9.0,1.0,47585732.0,120733.0,46220071.0,1049321.0,47272046.0,1051975.0,0.247532,0.501582,1.0,2026-10-03T14:08:13.856Z,4.2934683989999485,9.0,1.0,47567267.0,146132.0,46220071.0,1049322.0,50716354.0,4496283.0,0.200708,0.679733,3.0,2026-10-03T14:09:49.783Z
37123731010,1,synthetic,small-long,S0,2,5,87.15570951900008,0.0,0.0,46562228.0,217662.0,46220071.0,0.0,,,,,2.0,2026-10-03T14:10:01.535Z,3.8226548959999036,9.0,1.0,47588451.0,148328.0,46220071.0,1049321.0,47272046.0,1051975.0,0.221584,0.54288,1.0,2026-10-03T14:09:56.032Z,4.501214484000002,9.0,1.0,47554262.0,127356.0,46220071.0,1049322.0,50716354.0,4496283.0,0.233561,0.629444,3.0,2026-10-03T14:11:30.803Z
37123731010,1,synthetic,small-long,S0,3,1,119.285516497,0.0,0.0,46560720.0,353069.0,46220071.0,0.0,,,,,1.0,2026-10-03T15:04:30.324Z,3.6949462169999947,9.0,1.0,47539996.0,105471.0,46220071.0,1049322.0,47272047.0,1051976.0,0.337988,0.57139,2.0,2026-10-03T15:06:31.220Z,3.9089634460000298,9.0,1.0,47557695.0,128971.0,46220071.0,1049322.0,50716354.0,4496283.0,0.362082,0.695356,3.0,2026-10-03T15:06:36.444Z
37123731010,1,synthetic,small-long,S0,3,2,118.95477915000004,0.0,0.0,46534808.0,200746.0,46220071.0,0.0,,,,,2.0,2026-10-03T15:06:47.344Z,3.7842958629999544,9.0,1.0,47542573.0,115803.0,46220071.0,1049322.0,47272047.0,1051976.0,0.310679,0.528511,1.0,2026-10-03T15:06:41.955Z,4.112617040000032,9.0,1.0,47579257.0,149657.0,46220071.0,1049322.0,50716354.0,4496283.0,0.339897,0.781111,3.0,2026-10-03T15:08:47.887Z
37123731010,1,synthetic,small-long,S0,3,3,118.96771021899997,0.0,0.0,46552499.0,238693.0,46220071.0,0.0,,,,,2.0,2026-10-03T15:08:59.144Z,3.938007663999997,9.0,1.0,47546417.0,117614.0,46220071.0,1049322.0,47272047.0,1051976.0,0.32934,0.658692,3.0,2026-10-03T15:10:59.734Z,4.015281278999964,9.0,1.0,47538308.0,119929.0,46220071.0,1049322.0,50716354.0,4496283.0,0.329722,0.80067,1.0,2026-10-03T15:08:53.537Z
37123731010,1,synthetic,small-long,S0,3,4,119.31676079500005,0.0,0.0,46539150.0,205035.0,46220071.0,0.0,,,,,2.0,2026-10-03T15:11:10.691Z,3.860158480999985,9.0,1.0,47538212.0,118573.0,46220071.0,1049322.0,47272047.0,1051976.0,0.337627,0.680579,1.0,2026-10-03T15:11:05.225Z,3.923980255999936,9.0,1.0,47552119.0,120710.0,46220071.0,1049322.0,50716354.0,4496283.0,0.34668,0.762706,3.0,2026-10-03T15:13:11.647Z
37123731010,1,synthetic,small-long,S0,3,5,118.16091478800001,0.0,0.0,46545180.0,215953.0,46220071.0,0.0,,,,,1.0,2026-10-03T15:13:17.099Z,3.871368428999972,9.0,1.0,47533545.0,109042.0,46220071.0,1049322.0,47272047.0,1051976.0,0.358872,0.632421,3.0,2026-10-03T15:15:22.556Z,3.947876688000065,9.0,1.0,47519199.0,103264.0,46220071.0,1049322.0,50716354.0,4496283.0,0.356455,0.683567,2.0,2026-10-03T15:15:16.988Z
37123731010,1,synthetic,small-long,S0,4,1,107.577929079,0.0,0.0,46689062.0,392952.0,46220071.0,0.0,,,,,1.0,2026-10-03T15:02:33.616Z,4.7211220799999865,9.0,1.0,47670580.0,208289.0,46220071.0,1049322.0,47272058.0,1051987.0,0.508475,0.675633,3.0,2026-10-03T15:04:30.026Z,4.880732521000027,9.0,1.0,47687733.0,215806.0,46220071.0,1049322.0,50716350.0,4496279.0,0.516298,0.785562,2.0,2026-10-03T15:04:23.324Z
37123731010,1,synthetic,small-long,S0,4,2,104.94967349000001,0.0,0.0,46629266.0,265951.0,46220071.0,0.0,,,,,3.0,2026-10-03T15:04:49.946Z,4.73690176599996,9.0,1.0,47668628.0,200983.0,46220071.0,1049322.0,47272058.0,1051987.0,0.502546,0.649759,2.0,2026-10-03T15:04:43.347Z,4.614560836999999,9.0,1.0,47621977.0,180458.0,46220071.0,1049322.0,50716350.0,4496279.0,0.438963,0.764837,1.0,2026-10-03T15:04:36.882Z
37123731010,1,synthetic,small-long,S0,4,3,106.05039892600001,0.0,0.0,46649938.0,263629.0,46220071.0,0.0,,,,,1.0,2026-10-03T15:06:37.013Z,4.714424287000043,9.0,1.0,47663217.0,216625.0,46220071.0,1049322.0,47272058.0,1051987.0,0.455719,0.681433,3.0,2026-10-03T15:08:32.070Z,4.720631097000023,9.0,1.0,47672571.0,220136.0,46220071.0,1049322.0,50716350.0,4496279.0,0.491732,0.777255,2.0,2026-10-03T15:08:25.477Z
37123731010,1,synthetic,small-long,S0,4,4,103.64203819799991,0.0,0.0,46662820.0,271332.0,46220071.0,0.0,,,,,1.0,2026-10-03T15:08:38.701Z,4.617615057999956,9.0,1.0,47674113.0,207135.0,46220071.0,1049322.0,47272058.0,1051987.0,0.529998,0.665953,2.0,2026-10-03T15:10:24.517Z,4.875854340000046,9.0,1.0,47701803.0,239886.0,46220071.0,1049322.0,50716350.0,4496279.0,0.54029,0.749779,3.0,2026-10-03T15:10:31.092Z
37123731010,1,synthetic,small-long,S0,4,5,101.83549323600005,0.0,0.0,46605745.0,258316.0,46220071.0,0.0,,,,,1.0,2026-10-03T15:10:37.778Z,4.584046282999907,9.0,1.0,47670313.0,206238.0,46220071.0,1049322.0,47272058.0,1051987.0,0.493694,0.637178,3.0,2026-10-03T15:12:28.339Z,4.74745060500004,9.0,1.0,47675504.0,223169.0,46220071.0,1049322.0,50716350.0,4496279.0,0.453933,0.804085,2.0,2026-10-03T15:12:21.787Z
37123731010,1,synthetic,small-long,S1,1,1,118.230419622,0.0,0.0,46572079.0,227133.0,46220071.0,0.0,,,,,3.0,2026-10-03T13:29:48.706Z,121.347696756,1.0,0.1111111111111111,46647895.0,1415489.0,46220071.0,92.0,47272057.0,1051986.0,0.266327,2.437082,2.0,2026-10-03T13:27:45.554Z,64.37106522799996,5.0,0.5555555555555556,49007635.0,2401173.0,46220071.0,2393818.0,50716380.0,4496309.0,0.282345,2.991843,1.0,2026-10-03T13:26:39.348Z
37123731010,1,synthetic,small-long,S1,1,2,119.139079552,0.0,0.0,46581101.0,245350.0,46220071.0,0.0,,,,,2.0,2026-10-03T13:32:54.397Z,121.4229320500001,1.0,0.1111111111111111,46627117.0,1380062.0,46220071.0,92.0,47272057.0,1051986.0,0.285926,2.651483,3.0,2026-10-03T13:34:55.302Z,63.95519260399999,5.0,0.5555555555555556,49020129.0,2402458.0,46220071.0,2393818.0,50716380.0,4496309.0,0.253715,2.783041,1.0,2026-10-03T13:31:48.555Z
37123731010,1,synthetic,small-long,S1,1,3,118.75071011699993,0.0,0.0,46582602.0,231004.0,46220071.0,0.0,,,,,3.0,2026-10-03T13:40:10.363Z,121.44095491799999,1.0,0.1111111111111111,46631318.0,1414342.0,46220071.0,92.0,47272046.0,1051975.0,0.267131,2.422962,2.0,2026-10-03T13:38:06.958Z,66.41345217099979,5.0,0.5555555555555556,48988063.0,2403170.0,46220071.0,2393818.0,50716382.0,4496311.0,0.285358,3.022482,1.0,2026-10-03T13:36:58.639Z
37123731010,1,synthetic,small-long,S1,1,4,118.27737886799991,0.0,0.0,46579960.0,234081.0,46220071.0,0.0,,,,,3.0,2026-10-03T13:45:19.651Z,120.97987042799991,1.0,0.1111111111111111,46637090.0,1372325.0,46220071.0,92.0,47272046.0,1051975.0,0.258432,2.372029,1.0,2026-10-03T13:42:10.818Z,64.09112471399999,5.0,0.5555555555555556,49003981.0,2406221.0,46220071.0,2393818.0,50716380.0,4496309.0,0.267907,2.588461,2.0,2026-10-03T13:44:13.656Z
37123731010,1,synthetic,small-long,S1,1,5,120.29823036099992,0.0,0.0,46566634.0,236382.0,46220071.0,0.0,,,,,3.0,2026-10-03T13:50:32.093Z,121.91267608099997,1.0,0.1111111111111111,46656866.0,1375030.0,46220071.0,92.0,47272046.0,1051975.0,0.251815,2.548849,2.0,2026-10-03T13:48:28.266Z,66.69558235999989,5.0,0.5555555555555556,49007215.0,2474473.0,46220071.0,2393818.0,50716380.0,4496309.0,0.243199,2.596685,1.0,2026-10-03T13:47:19.654Z
37123731010,1,synthetic,small-long,S1,2,1,122.97665323500001,0.0,0.0,46576305.0,271352.0,46220071.0,0.0,,,,,2.0,2026-10-03T13:57:25.493Z,126.44755292999997,1.0,0.1111111111111111,46623722.0,1310657.0,46220071.0,93.0,47272051.0,1051980.0,0.686771,3.307512,3.0,2026-10-03T13:59:30.280Z,66.41537429799996,5.0,0.5555555555555556,49036596.0,2484019.0,46220071.0,2393820.0,50716380.0,4496309.0,0.6301,3.349758,1.0,2026-10-03T13:56:16.697Z
37123731010,1,synthetic,small-long,S1,2,2,120.09856475900006,0.0,0.0,46562089.0,228185.0,46220071.0,0.0,,,,,3.0,2026-10-03T14:04:53.967Z,123.78282204099992,1.0,0.1111111111111111,46639638.0,1348133.0,46220071.0,93.0,47272051.0,1051980.0,0.679197,3.138475,2.0,2026-10-03T14:02:47.871Z,66.48385797499998,5.0,0.5555555555555556,49025757.0,2395545.0,46220071.0,2393820.0,50716393.0,4496322.0,0.657849,3.527807,1.0,2026-10-03T14:01:39.052Z
37123731010,1,synthetic,small-long,S1,2,3,119.73797808200015,0.0,0.0,46552680.0,210332.0,46220071.0,0.0,,,,,3.0,2026-10-03T14:10:12.983Z,125.62265716600007,1.0,0.1111111111111111,46631486.0,1337112.0,46220071.0,93.0,47272049.0,1051978.0,0.685015,3.338781,2.0,2026-10-03T14:08:04.938Z,66.74000497700001,5.0,0.5555555555555556,49011993.0,2374801.0,46220071.0,2393820.0,50716381.0,4496310.0,0.698475,3.433116,1.0,2026-10-03T14:06:55.867Z
37123731010,1,synthetic,small-long,S1,2,4,118.69508034199998,0.0,0.0,46557412.0,235317.0,46220071.0,0.0,,,,,2.0,2026-10-03T14:14:20.823Z,123.91930477100004,1.0,0.1111111111111111,46631746.0,1348573.0,46220071.0,93.0,47272051.0,1051980.0,0.64181,3.023514,1.0,2026-10-03T14:12:14.474Z,69.652421839,5.0,0.5555555555555556,49015419.0,3418137.0,46220071.0,2393820.0,51765625.0,5545554.0,0.688398,3.471995,3.0,2026-10-03T14:16:21.279Z
37123731010,1,synthetic,small-long,S1,2,5,120.16225462900002,0.0,0.0,46551753.0,210464.0,46220071.0,0.0,,,,,2.0,2026-10-03T14:18:41.864Z,123.2621180220001,1.0,0.1111111111111111,46619416.0,1336857.0,46220071.0,93.0,47272047.0,1051976.0,0.666268,3.199291,3.0,2026-10-03T14:20:43.806Z,66.24401917399996,5.0,0.5555555555555556,49041934.0,2391557.0,46220071.0,2393820.0,50716391.0,4496320.0,0.653915,3.492913,1.0,2026-10-03T14:17:33.275Z
37123731010,1,synthetic,small-long,S1,3,1,89.95178865899999,0.0,0.0,46551948.0,216728.0,46220071.0,0.0,,,,,3.0,2026-10-03T14:15:55.208Z,93.96651225699998,1.0,0.1111111111111111,46631342.0,1436616.0,46220071.0,93.0,47272062.0,1051991.0,0.67846,3.106711,1.0,2026-10-03T14:13:22.073Z,53.72877397000002,5.0,0.5555555555555556,49137114.0,2478970.0,46220071.0,2393818.0,50716377.0,4496306.0,0.686039,3.527089,2.0,2026-10-03T14:14:58.756Z
37123731010,1,synthetic,small-long,S1,3,2,90.20652680399996,0.0,0.0,46638219.0,276301.0,46220071.0,0.0,,,,,3.0,2026-10-03T14:19:58.980Z,93.22345559500008,1.0,0.1111111111111111,46597543.0,1304031.0,46220071.0,93.0,47272047.0,1051976.0,0.700559,3.122979,1.0,2026-10-03T14:17:27.528Z,51.85676926300005,5.0,0.5555555555555556,49004778.0,2348636.0,46220071.0,2393818.0,50716378.0,4496307.0,0.711659,3.387457,2.0,2026-10-03T14:19:03.813Z
37123731010,1,synthetic,small-long,S1,3,3,90.9720289249999,0.0,0.0,46520553.0,197927.0,46220071.0,0.0,,,,,2.0,2026-10-03T14:23:10.071Z,95.36408364200008,1.0,0.1111111111111111,46639749.0,1340202.0,46220071.0,93.0,47272047.0,1051976.0,0.716152,3.148671,1.0,2026-10-03T14:21:31.725Z,52.40997224700004,5.0,0.5555555555555556,49027190.0,3426579.0,46220071.0,2393818.0,51765611.0,5545540.0,0.695131,3.7647,3.0,2026-10-03T14:24:43.382Z
37123731010,1,synthetic,small-long,S1,3,4,90.61855761899994,0.0,0.0,46551676.0,214304.0,46220071.0,0.0,,,,,1.0,2026-10-03T14:25:39.197Z,94.90023645700012,1.0,0.1111111111111111,46610030.0,1328065.0,46220071.0,93.0,47272051.0,1051980.0,0.68756,3.253255,3.0,2026-10-03T14:28:07.967Z,52.79626572799998,5.0,0.5555555555555556,49032404.0,2377634.0,46220071.0,2393818.0,50716379.0,4496308.0,0.636264,3.702517,2.0,2026-10-03T14:27:12.353Z
37123731010,1,synthetic,small-long,S1,3,5,89.25552269700006,0.0,0.0,46537641.0,181244.0,46220071.0,0.0,,,,,3.0,2026-10-03T14:32:20.359Z,94.60278064499994,1.0,0.1111111111111111,46593618.0,1302322.0,46220071.0,93.0,47272047.0,1051976.0,0.697524,3.298374,1.0,2026-10-03T14:29:46.542Z,52.77155738100009,5.0,0.5555555555555556,49014330.0,2347655.0,46220071.0,2393818.0,50716379.0,4496308.0,0.716205,3.746478,2.0,2026-10-03T14:31:24.317Z
37123731010,1,synthetic,small-long,S1,4,1,120.04035135699996,0.0,0.0,46559641.0,223363.0,46220071.0,0.0,,,,,3.0,2026-10-03T13:35:51.532Z,122.21553384399999,1.0,0.1111111111111111,46642994.0,1338083.0,46220071.0,91.0,47272045.0,1051974.0,0.189724,2.655344,2.0,2026-10-03T13:33:47.366Z,64.913155658,5.0,0.5555555555555556,49020102.0,2428017.0,46220071.0,2393859.0,50716413.0,4496342.0,0.230311,2.787341,1.0,2026-10-03T13:32:40.637Z
37123731010,1,synthetic,small-long,S1,4,2,119.842817889,0.0,0.0,46539345.0,216543.0,46220071.0,0.0,,,,,3.0,2026-10-03T13:41:03.347Z,121.80723957300006,1.0,0.1111111111111111,46626347.0,1376212.0,46220071.0,91.0,47272045.0,1051974.0,0.218725,2.393212,1.0,2026-10-03T13:37:53.221Z,64.69130816200004,5.0,0.5555555555555556,48999028.0,2388390.0,46220071.0,2393859.0,50716420.0,4496349.0,0.227659,2.790053,2.0,2026-10-03T13:39:56.824Z
37123731010,1,synthetic,small-long,S1,4,3,119.79529041599994,0.0,0.0,46569539.0,234582.0,46220071.0,0.0,,,,,1.0,2026-10-03T13:43:04.927Z,121.7450708639999,1.0,0.1111111111111111,46634465.0,1350706.0,46220071.0,91.0,47272045.0,1051974.0,0.221273,2.697882,2.0,2026-10-03T13:45:06.328Z,64.31490489900011,5.0,0.5555555555555556,49004097.0,2351618.0,46220071.0,2393859.0,50716420.0,4496349.0,0.230817,2.920068,3.0,2026-10-03T13:47:09.983Z
37123731010,1,synthetic,small-long,S1,4,4,123.35444294600006,0.0,0.0,46560630.0,232191.0,46220071.0,0.0,,,,,2.0,2026-10-03T13:50:18.827Z,120.78447146500002,1.0,0.1111111111111111,46682083.0,1372060.0,46220071.0,91.0,47272060.0,1051989.0,0.240961,2.600355,1.0,2026-10-03T13:48:16.148Z,64.15927288600005,5.0,0.5555555555555556,49024155.0,3504356.0,46220071.0,2393859.0,51765651.0,5545580.0,0.203318,2.603108,3.0,2026-10-03T13:52:23.769Z
37123731010,1,synthetic,small-long,S1,4,5,117.77691276199994,0.0,0.0,46573149.0,226825.0,46220071.0,0.0,,,,,1.0,2026-10-03T13:53:29.702Z,124.45800799199992,1.0,0.1111111111111111,46642589.0,1362430.0,46220071.0,91.0,47272049.0,1051978.0,0.197841,2.402938,2.0,2026-10-03T13:55:29.224Z,65.04881428600015,5.0,0.5555555555555556,48996101.0,2408712.0,46220071.0,2393859.0,50716431.0,4496360.0,0.22457,2.687826,3.0,2026-10-03T13:57:35.752Z
37123731010,1,synthetic,small-long,S2,1,1,88.27378872000003,0.0,0.0,46532276.0,180067.0,46220071.0,0.0,,,,,3.0,2026-10-03T14:57:18.629Z,92.354704089,1.0,0.1111111111111111,46615598.0,1462690.0,46220071.0,93.0,47272046.0,1051975.0,0.193221,2.565815,2.0,2026-10-03T14:55:43.598Z,71.82425443399998,3.0,0.3333333333333333,48017599.0,3499913.0,46220071.0,1344347.0,50716375.0,4496304.0,0.197142,3.392526,1.0,2026-10-03T14:54:29.473Z
37123731010,1,synthetic,small-long,S2,1,2,87.60432366299995,0.0,0.0,46516348.0,171342.0,46220071.0,0.0,,,,,3.0,2026-10-03T15:01:40.264Z,94.94133251100004,1.0,0.1111111111111111,46615354.0,1329391.0,46220071.0,93.0,47272045.0,1051974.0,1.191379,2.628435,2.0,2026-10-03T15:00:02.991Z,71.65012333600004,3.0,0.3333333333333333,47959135.0,3470955.0,46220071.0,1344347.0,50716370.0,4496299.0,0.243193,3.878673,1.0,2026-10-03T14:58:48.938Z
37123731010,1,synthetic,small-long,S2,1,3,87.31789965600001,0.0,0.0,46538217.0,180642.0,46220071.0,0.0,,,,,2.0,2026-10-03T15:04:23.714Z,92.06207422399996,1.0,0.1111111111111111,46614457.0,1332404.0,46220071.0,93.0,47272057.0,1051986.0,0.249824,2.622633,3.0,2026-10-03T15:05:53.217Z,71.290979988,3.0,0.3333333333333333,47934832.0,3462542.0,46220071.0,1344347.0,50716394.0,4496323.0,0.233782,3.562782,1.0,2026-10-03T15:03:09.994Z
37123731010,1,synthetic,small-long,S2,1,4,89.14437464299999,0.0,0.0,46525434.0,183074.0,46220071.0,0.0,,,,,3.0,2026-10-03T15:10:17.468Z,92.5290151239999,1.0,0.1111111111111111,46619751.0,1321213.0,46220071.0,93.0,47272056.0,1051985.0,0.24801,2.327027,1.0,2026-10-03T15:07:27.953Z,72.06913059600015,3.0,0.3333333333333333,47963119.0,3467954.0,46220071.0,1344347.0,50716379.0,4496308.0,0.31532,3.797336,2.0,2026-10-03T15:09:02.865Z
37123731010,1,synthetic,small-long,S2,1,5,88.00040594699999,0.0,0.0,46512361.0,167629.0,46220071.0,0.0,,,,,2.0,2026-10-03T15:13:02.388Z,92.17565954800011,1.0,0.1111111111111111,46624856.0,1294088.0,46220071.0,93.0,47272057.0,1051986.0,0.298732,2.439336,3.0,2026-10-03T15:14:32.638Z,71.13846971299995,3.0,0.3333333333333333,47974614.0,4558952.0,46220071.0,1344347.0,51765626.0,5545555.0,0.207492,3.545663,1.0,2026-10-03T15:11:48.748Z
37123731010,1,synthetic,small-long,S2,2,1,120.22223646700002,0.0,0.0,46591543.0,264061.0,46220071.0,0.0,,,,,3.0,2026-10-03T13:24:38.998Z,124.35857218199999,1.0,0.1111111111111111,46648959.0,1374315.0,46220071.0,93.0,47272046.0,1051975.0,0.469161,2.758954,2.0,2026-10-03T13:22:32.910Z,96.10719244500007,3.0,0.3333333333333333,48000240.0,4541797.0,46220071.0,1344346.0,51765609.0,5545538.0,0.534986,4.148894,1.0,2026-10-03T13:20:55.125Z
37123731010,1,synthetic,small-long,S2,2,2,121.15661867200004,0.0,0.0,46567694.0,258746.0,46220071.0,0.0,,,,,1.0,2026-10-03T13:26:40.445Z,123.77728547399988,1.0,0.1111111111111111,46723668.0,1400121.0,46220071.0,93.0,47272052.0,1051981.0,0.511566,2.8101,3.0,2026-10-03T13:30:21.168Z,96.61441595899998,3.0,0.3333333333333333,47992121.0,3447868.0,46220071.0,1344346.0,50716380.0,4496309.0,0.440678,4.17333,2.0,2026-10-03T13:28:42.851Z
37123731010,1,synthetic,small-long,S2,2,3,120.29587424900001,0.0,0.0,46581973.0,253885.0,46220071.0,0.0,,,,,2.0,2026-10-03T13:34:04.083Z,123.96445746299992,1.0,0.1111111111111111,46636019.0,1357040.0,46220071.0,93.0,47272046.0,1051975.0,0.489246,2.822661,3.0,2026-10-03T13:36:05.599Z,95.86447728500002,3.0,0.3333333333333333,47977262.0,3438686.0,46220071.0,1344346.0,50716375.0,4496304.0,0.455048,4.032689,1.0,2026-10-03T13:32:26.593Z
37123731010,1,synthetic,small-long,S2,2,4,120.2703774969998,0.0,0.0,46587978.0,258858.0,46220071.0,0.0,,,,,1.0,2026-10-03T13:38:11.322Z,123.49946117600007,1.0,0.1111111111111111,46654562.0,1350199.0,46220071.0,93.0,47272057.0,1051986.0,0.478644,2.84685,2.0,2026-10-03T13:40:12.853Z,96.31410052699994,3.0,0.3333333333333333,48003858.0,3482553.0,46220071.0,1344346.0,50716379.0,4496308.0,0.491125,4.062397,3.0,2026-10-03T13:42:17.945Z
37123731010,1,synthetic,small-long,S2,2,5,121.12647764000008,0.0,0.0,46589241.0,258274.0,46220071.0,0.0,,,,,2.0,2026-10-03T13:45:33.046Z,123.1652454670002,1.0,0.1111111111111111,46651279.0,1377326.0,46220071.0,93.0,47272050.0,1051979.0,0.46991,2.69132,3.0,2026-10-03T13:47:35.416Z,95.43270330099995,3.0,0.3333333333333333,47998038.0,3461208.0,46220071.0,1344346.0,50716380.0,4496309.0,0.428736,3.898542,1.0,2026-10-03T13:43:55.959Z
37123731010,1,synthetic,small-long,S2,3,1,120.72080780400006,0.0,0.0,46585047.0,249882.0,46220071.0,0.0,,,,,2.0,2026-10-03T13:42:42.640Z,122.247338732,1.0,0.1111111111111111,46678579.0,1388058.0,46220071.0,93.0,47272056.0,1051985.0,0.26163,2.631743,3.0,2026-10-03T13:44:45.029Z,94.392886256,3.0,0.3333333333333333,47997288.0,4596743.0,46220071.0,1344351.0,51765617.0,5545546.0,0.282197,3.538058,1.0,2026-10-03T13:41:06.329Z
37123731010,1,synthetic,small-long,S2,3,2,119.12964047700007,0.0,0.0,46576371.0,233416.0,46220071.0,0.0,,,,,1.0,2026-10-03T13:46:49.175Z,123.23234927499993,1.0,0.1111111111111111,46659988.0,1414782.0,46220071.0,93.0,47272057.0,1051986.0,0.275934,2.315175,3.0,2026-10-03T13:50:28.572Z,96.69674200100008,3.0,0.3333333333333333,48014503.0,3524119.0,46220071.0,1344351.0,50716399.0,4496328.0,0.339702,3.823081,2.0,2026-10-03T13:48:49.974Z
37123731010,1,synthetic,small-long,S2,3,3,118.4519288859999,0.0,0.0,46584286.0,242286.0,46220071.0,0.0,,,,,3.0,2026-10-03T13:56:16.703Z,124.43621633299995,1.0,0.1111111111111111,46666354.0,1391746.0,46220071.0,93.0,47272051.0,1051980.0,0.262052,2.576271,2.0,2026-10-03T13:54:10.437Z,94.8476724489999,3.0,0.3333333333333333,47972002.0,3517064.0,46220071.0,1344351.0,50716380.0,4496309.0,0.367527,3.778537,1.0,2026-10-03T13:52:33.628Z
37123731010,1,synthetic,small-long,S2,3,4,120.62238153900012,0.0,0.0,46593385.0,244664.0,46220071.0,0.0,,,,,3.0,2026-10-03T14:01:57.369Z,122.34548761499991,1.0,0.1111111111111111,46663008.0,1381664.0,46220071.0,93.0,47272046.0,1051975.0,0.271309,2.418859,1.0,2026-10-03T13:58:16.812Z,94.5980608729999,3.0,0.3333333333333333,47959069.0,3496399.0,46220071.0,1344351.0,50716381.0,4496310.0,0.283664,3.647231,2.0,2026-10-03T14:00:20.985Z
37123731010,1,synthetic,small-long,S2,3,5,118.51357221600006,0.0,0.0,46596653.0,240462.0,46220071.0,0.0,,,,,2.0,2026-10-03T14:06:06.821Z,125.44502330499995,1.0,0.1111111111111111,46634719.0,1371577.0,46220071.0,93.0,47272045.0,1051974.0,0.264526,2.673427,1.0,2026-10-03T14:03:59.559Z,94.3763881289999,3.0,0.3333333333333333,47998905.0,3504702.0,46220071.0,1344351.0,50716386.0,4496315.0,0.320654,3.784942,3.0,2026-10-03T14:08:06.942Z
37123731010,1,synthetic,small-long,S2,4,1,119.459772682,0.0,0.0,46542936.0,325959.0,46220071.0,0.0,,,,,1.0,2026-10-03T13:58:12.020Z,123.72718062599995,1.0,0.1111111111111111,46614854.0,1306849.0,46220071.0,93.0,47272051.0,1051980.0,0.639782,3.242113,3.0,2026-10-03T14:01:53.684Z,98.15895035100004,3.0,0.3333333333333333,48110263.0,3531498.0,46220071.0,1344393.0,50716426.0,4496355.0,0.809315,4.573282,2.0,2026-10-03T14:00:13.245Z
37123731010,1,synthetic,small-long,S2,4,2,119.69149987100002,0.0,0.0,46681087.0,300752.0,46220071.0,0.0,,,,,2.0,2026-10-03T14:05:38.783Z,128.12378796100006,1.0,0.1111111111111111,46629662.0,1338512.0,46220071.0,93.0,47272046.0,1051975.0,0.650021,3.257988,3.0,2026-10-03T14:07:40.223Z,96.50864778300001,3.0,0.3333333333333333,47970201.0,3437513.0,46220071.0,1344393.0,50716430.0,4496359.0,0.582576,4.526189,1.0,2026-10-03T14:03:59.785Z
37123731010,1,synthetic,small-long,S2,4,3,119.95725717300002,0.0,0.0,46536406.0,200301.0,46220071.0,0.0,,,,,3.0,2026-10-03T14:13:37.806Z,124.42309480499989,1.0,0.1111111111111111,46759149.0,1422433.0,46220071.0,93.0,47272051.0,1051980.0,0.641211,3.122414,2.0,2026-10-03T14:11:31.108Z,98.06296177100012,3.0,0.3333333333333333,47941021.0,4459665.0,46220071.0,1344393.0,51765660.0,5545589.0,0.684225,4.472917,1.0,2026-10-03T14:09:50.672Z
37123731010,1,synthetic,small-long,S2,4,4,120.30765768900005,0.0,0.0,46545135.0,214511.0,46220071.0,0.0,,,,,2.0,2026-10-03T14:17:46.896Z,125.0794091900002,1.0,0.1111111111111111,46730355.0,1394773.0,46220071.0,93.0,47272051.0,1051980.0,0.649525,3.089084,1.0,2026-10-03T14:15:39.518Z,96.276046726,3.0,0.3333333333333333,47960537.0,3415186.0,46220071.0,1344393.0,50716428.0,4496357.0,0.642688,4.487085,3.0,2026-10-03T14:19:48.976Z
37123731010,1,synthetic,small-long,S2,4,5,120.71889914600001,0.0,0.0,46547957.0,203916.0,46220071.0,0.0,,,,,1.0,2026-10-03T14:21:27.544Z,124.7803397350001,1.0,0.1111111111111111,46621656.0,1337072.0,46220071.0,93.0,47272051.0,1051980.0,0.674847,3.280077,2.0,2026-10-03T14:23:30.053Z,96.05684147700003,3.0,0.3333333333333333,48013847.0,3449382.0,46220071.0,1344393.0,50716424.0,4496353.0,0.657674,4.463762,3.0,2026-10-03T14:25:37.077Z
37123731010,1,synthetic,small-long,S3,1,1,63.51422560399999,0.0,0.0,46633918.0,243009.0,46220071.0,0.0,,,,,3.0,2026-10-03T13:03:01.723Z,67.01003033800004,2.0,0.2222222222222222,47784750.0,433341.0,46220071.0,1049322.0,47273345.0,1053274.0,0.46012,1.850219,2.0,2026-10-03T13:01:52.572Z,70.51463462699999,2.0,0.2222222222222222,47791982.0,4854708.0,46220071.0,1049322.0,51766883.0,5546812.0,0.465955,4.080585,1.0,2026-10-03T13:00:39.919Z
37123731010,1,synthetic,small-long,S3,1,2,64.21734423300006,0.0,0.0,46675982.0,266665.0,46220071.0,0.0,,,,,1.0,2026-10-03T13:04:07.156Z,66.90402703699999,2.0,0.2222222222222222,47720344.0,272524.0,46220071.0,1049322.0,47273345.0,1053274.0,0.416971,0.642859,3.0,2026-10-03T13:06:26.611Z,71.09090881899999,2.0,0.2222222222222222,47804707.0,4844814.0,46220071.0,1049322.0,51766884.0,5546813.0,0.491156,3.918846,2.0,2026-10-03T13:05:13.271Z
37123731010,1,synthetic,small-long,S3,1,3,65.13450360400009,0.0,0.0,46596474.0,208302.0,46220071.0,0.0,,,,,2.0,2026-10-03T13:08:50.103Z,67.75201594499993,2.0,0.2222222222222222,47713704.0,284142.0,46220071.0,1049322.0,47273345.0,1053274.0,0.463982,0.769684,3.0,2026-10-03T13:09:57.254Z,71.73149206200003,2.0,0.2222222222222222,47805684.0,4856003.0,46220071.0,1049322.0,51766878.0,5546807.0,0.525825,4.037316,1.0,2026-10-03T13:07:35.841Z
37123731010,1,synthetic,small-long,S3,1,4,62.77075369099998,0.0,0.0,46629733.0,227242.0,46220071.0,0.0,,,,,2.0,2026-10-03T13:12:24.737Z,67.05208543799995,2.0,0.2222222222222222,47750228.0,321367.0,46220071.0,1049322.0,47273345.0,1053274.0,0.469197,1.817929,3.0,2026-10-03T13:13:29.436Z,74.72307841199995,2.0,0.2222222222222222,47785280.0,4875955.0,46220071.0,1049322.0,51766882.0,5546811.0,0.506754,3.932749,1.0,2026-10-03T13:11:07.390Z
37123731010,1,synthetic,small-long,S3,1,5,62.997975903999986,0.0,0.0,46621004.0,284600.0,46220071.0,0.0,,,,,1.0,2026-10-03T13:14:38.770Z,65.67223952900008,2.0,0.2222222222222222,47737507.0,264128.0,46220071.0,1049322.0,47273345.0,1053274.0,0.493303,0.643699,3.0,2026-10-03T13:16:54.337Z,68.51501305300008,2.0,0.2222222222222222,47793813.0,4863371.0,46220071.0,1049322.0,51766898.0,5546827.0,0.449353,3.903336,2.0,2026-10-03T13:15:43.579Z
37123731010,1,synthetic,small-long,S3,2,1,121.548592972,0.0,0.0,46592030.0,360672.0,46220071.0,0.0,,,,,1.0,2026-10-03T12:47:15.259Z,124.34026010100001,2.0,0.2222222222222222,47699089.0,279032.0,46220071.0,1049322.0,47273346.0,1053275.0,0.658457,2.175155,2.0,2026-10-03T12:49:18.568Z,126.19406630600008,2.0,0.2222222222222222,47751809.0,4857224.0,46220071.0,1049322.0,51766866.0,5546795.0,0.670636,4.772528,3.0,2026-10-03T12:51:25.209Z
37123731010,1,synthetic,small-long,S3,2,2,119.81753846799995,0.0,0.0,46571331.0,224718.0,46220071.0,0.0,,,,,2.0,2026-10-03T12:55:41.490Z,121.47517414300012,2.0,0.2222222222222222,47675238.0,269843.0,46220071.0,1049322.0,47273346.0,1053275.0,0.663695,0.971319,3.0,2026-10-03T12:57:42.914Z,125.40009541500001,2.0,0.2222222222222222,47727544.0,4825833.0,46220071.0,1049322.0,51766865.0,5546794.0,0.643023,4.685671,1.0,2026-10-03T12:53:33.803Z
37123731010,1,synthetic,small-long,S3,2,3,119.606701294,0.0,0.0,46556949.0,212147.0,46220071.0,0.0,,,,,1.0,2026-10-03T12:59:46.715Z,122.0242996349998,2.0,0.2222222222222222,47719750.0,301622.0,46220071.0,1049322.0,47273346.0,1053275.0,0.699179,0.940592,2.0,2026-10-03T13:01:48.034Z,125.04798520399981,2.0,0.2222222222222222,47723062.0,4818328.0,46220071.0,1049322.0,51766879.0,5546808.0,0.70186,4.710105,3.0,2026-10-03T13:03:52.434Z
37123731010,1,synthetic,small-long,S3,2,4,119.79181328699997,0.0,0.0,46616115.0,247664.0,46220071.0,0.0,,,,,3.0,2026-10-03T13:10:15.969Z,123.79984695300004,2.0,0.2222222222222222,47689096.0,276016.0,46220071.0,1049322.0,47273346.0,1053275.0,0.697927,1.073089,2.0,2026-10-03T13:08:09.783Z,127.60340931500014,2.0,0.2222222222222222,47730971.0,4817324.0,46220071.0,1049322.0,51766880.0,5546809.0,0.687573,5.225299,1.0,2026-10-03T13:05:59.820Z
37123731010,1,synthetic,small-long,S3,2,5,118.7906624520001,0.0,0.0,46571966.0,227516.0,46220071.0,0.0,,,,,3.0,2026-10-03T13:16:30.203Z,121.83776451299991,2.0,0.2222222222222222,47730464.0,323056.0,46220071.0,1049322.0,47273346.0,1053275.0,0.708775,2.067636,1.0,2026-10-03T13:12:17.600Z,125.96364833199982,2.0,0.2222222222222222,47738089.0,4834113.0,46220071.0,1049322.0,51766856.0,5546785.0,0.682068,4.845319,2.0,2026-10-03T13:14:21.829Z
37123731010,1,synthetic,small-long,S3,3,1,67.922899651,0.0,0.0,46591295.0,222625.0,46220071.0,0.0,,,,,1.0,2026-10-03T14:49:52.955Z,70.00633299600003,2.0,0.2222222222222222,47742006.0,413588.0,46220071.0,1049322.0,47273334.0,1053263.0,0.438917,1.660859,2.0,2026-10-03T14:51:03.006Z,72.52109049400002,2.0,0.2222222222222222,47714510.0,4837512.0,46220071.0,1049322.0,51766884.0,5546813.0,0.503198,4.118071,3.0,2026-10-03T14:52:15.776Z
37123731010,1,synthetic,small-long,S3,3,2,67.19124401799996,0.0,0.0,46616108.0,225800.0,46220071.0,0.0,,,,,1.0,2026-10-03T14:53:30.689Z,70.93556805800006,2.0,0.2222222222222222,47721468.0,275652.0,46220071.0,1049322.0,47273334.0,1053263.0,0.462702,1.664423,2.0,2026-10-03T14:54:40.280Z,72.93782157700002,2.0,0.2222222222222222,47730211.0,4814954.0,46220071.0,1049322.0,51766880.0,5546809.0,0.462274,4.194344,3.0,2026-10-03T14:55:53.625Z
37123731010,1,synthetic,small-long,S3,3,3,64.32483001000003,0.0,0.0,46593395.0,223761.0,46220071.0,0.0,,,,,1.0,2026-10-03T14:57:08.906Z,65.87425828699998,2.0,0.2222222222222222,47769660.0,314382.0,46220071.0,1049322.0,47273334.0,1053263.0,0.485284,0.644182,3.0,2026-10-03T14:59:28.220Z,70.65875578800001,2.0,0.2222222222222222,47840180.0,4873058.0,46220071.0,1049322.0,51766867.0,5546796.0,0.430836,4.80612,2.0,2026-10-03T14:58:15.221Z
37123731010,1,synthetic,small-long,S3,3,4,64.84866690700005,0.0,0.0,46574825.0,210298.0,46220071.0,0.0,,,,,3.0,2026-10-03T15:02:57.460Z,66.319393816,2.0,0.2222222222222222,47758108.0,339365.0,46220071.0,1049322.0,47273334.0,1053263.0,0.504657,0.651867,2.0,2026-10-03T15:01:48.726Z,69.88450344500006,2.0,0.2222222222222222,47768037.0,4827031.0,46220071.0,1049322.0,51766857.0,5546786.0,0.455394,4.335121,1.0,2026-10-03T15:00:36.442Z
37123731010,1,synthetic,small-long,S3,3,5,64.446382115,0.0,0.0,46641590.0,261960.0,46220071.0,0.0,,,,,2.0,2026-10-03T15:05:15.164Z,65.708139007,2.0,0.2222222222222222,47770860.0,301720.0,46220071.0,1049322.0,47273334.0,1053263.0,0.53868,0.643491,3.0,2026-10-03T15:06:21.801Z,68.59741544500002,2.0,0.2222222222222222,47778330.0,4824856.0,46220071.0,1049322.0,51766870.0,5546799.0,0.417689,4.09261,1.0,2026-10-03T15:04:04.206Z
37123731010,1,synthetic,small-long,S3,4,1,120.73388065400002,0.0,0.0,46561550.0,238196.0,46220071.0,0.0,,,,,3.0,2026-10-03T14:04:34.695Z,124.03181470699997,2.0,0.2222222222222222,47716764.0,301580.0,46220071.0,1049322.0,47273346.0,1053275.0,0.683266,2.040626,1.0,2026-10-03T13:59:27.693Z,178.39907731099993,2.0,0.2222222222222222,47772758.0,5012039.0,46220071.0,1049322.0,51766886.0,5546815.0,0.749296,58.090342,2.0,2026-10-03T14:01:33.989Z
37123731010,1,synthetic,small-long,S3,4,2,119.564813082,0.0,0.0,46574709.0,236649.0,46220071.0,0.0,,,,,2.0,2026-10-03T14:08:44.222Z,122.7072631609999,2.0,0.2222222222222222,47693034.0,278646.0,46220071.0,1049322.0,47273346.0,1053275.0,0.679548,1.011994,3.0,2026-10-03T14:10:45.503Z,124.840280216,2.0,0.2222222222222222,47744225.0,4936372.0,46220071.0,1049322.0,51766878.0,5546807.0,0.693759,4.892473,1.0,2026-10-03T14:06:37.193Z
37123731010,1,synthetic,small-long,S3,4,3,119.73043129799998,0.0,0.0,46583945.0,250654.0,46220071.0,0.0,,,,,2.0,2026-10-03T14:14:58.916Z,123.54787384099996,2.0,0.2222222222222222,47688622.0,274900.0,46220071.0,1049322.0,47273346.0,1053275.0,0.718014,0.975186,3.0,2026-10-03T14:17:00.300Z,125.98825211999997,2.0,0.2222222222222222,47742320.0,5017161.0,46220071.0,1049322.0,51766885.0,5546814.0,0.700163,5.006739,1.0,2026-10-03T14:12:50.544Z
37123731010,1,synthetic,small-long,S3,4,4,119.63282201900006,0.0,0.0,46571706.0,241902.0,46220071.0,0.0,,,,,2.0,2026-10-03T14:21:14.403Z,122.4256271910001,2.0,0.2222222222222222,47707939.0,290984.0,46220071.0,1049322.0,47273346.0,1053275.0,0.691935,1.006207,3.0,2026-10-03T14:23:15.651Z,125.96579683200002,2.0,0.2222222222222222,47744577.0,4902996.0,46220071.0,1049322.0,51766876.0,5546805.0,0.717963,4.880952,1.0,2026-10-03T14:19:06.103Z
37123731010,1,synthetic,small-long,S3,4,5,120.64028625899982,0.0,0.0,46621940.0,283158.0,46220071.0,0.0,,,,,1.0,2026-10-03T14:25:20.347Z,126.43332567400012,2.0,0.2222222222222222,47713281.0,293816.0,46220071.0,1049322.0,47273346.0,1053275.0,0.701619,0.946039,3.0,2026-10-03T14:29:30.708Z,125.94517612999971,2.0,0.2222222222222222,47729793.0,4903615.0,46220071.0,1049322.0,51766881.0,5546810.0,0.670731,4.786699,2.0,2026-10-03T14:27:22.617Z
37123731010,1,synthetic,small-short,S0,1,1,8.346778183999987,0.0,0.0,46512382.0,118192.0,46220071.0,0.0,,,,,3.0,2026-10-03T14:01:33.202Z,3.409217557000005,9.0,1.0,47547238.0,117956.0,46220071.0,1049324.0,47272049.0,1051978.0,0.262595,0.435587,2.0,2026-10-03T14:01:28.289Z,4.9903075249999915,9.0,1.0,47562546.0,128624.0,46220071.0,1049324.0,50716335.0,4496264.0,0.269467,1.51536,1.0,2026-10-03T14:01:21.735Z
37123731010,1,synthetic,small-short,S0,1,2,8.231916814999977,0.0,0.0,46444716.0,91480.0,46220071.0,0.0,,,,,1.0,2026-10-03T14:01:43.174Z,3.390488341000008,9.0,1.0,47545414.0,117591.0,46220071.0,1049324.0,47272049.0,1051978.0,0.195442,0.562823,3.0,2026-10-03T14:01:58.078Z,3.711388162999981,9.0,1.0,47554329.0,128267.0,46220071.0,1049324.0,50716335.0,4496264.0,0.190051,0.668383,2.0,2026-10-03T14:01:52.966Z
37123731010,1,synthetic,small-short,S0,1,3,8.206905872999982,0.0,0.0,46454771.0,89675.0,46220071.0,0.0,,,,,1.0,2026-10-03T14:02:02.848Z,3.1831430590000025,9.0,1.0,47535531.0,117312.0,46220071.0,1049324.0,47272049.0,1051978.0,0.189605,0.403913,2.0,2026-10-03T14:02:12.680Z,3.5827829039999983,9.0,1.0,47584103.0,131937.0,46220071.0,1049324.0,50716335.0,4496264.0,0.213018,0.673326,3.0,2026-10-03T14:02:17.305Z
37123731010,1,synthetic,small-short,S0,1,4,8.318702097,0.0,0.0,46466679.0,85294.0,46220071.0,0.0,,,,,1.0,2026-10-03T14:02:22.343Z,3.4125434020000114,9.0,1.0,47545916.0,121080.0,46220071.0,1049324.0,47272049.0,1051978.0,0.263284,0.43374,3.0,2026-10-03T14:02:37.293Z,3.4770743660000107,9.0,1.0,47556107.0,121772.0,46220071.0,1049324.0,50716335.0,4496264.0,0.251503,0.54285,2.0,2026-10-03T14:02:32.289Z
37123731010,1,synthetic,small-short,S0,1,5,8.31415161000001,0.0,0.0,46504725.0,106496.0,46220071.0,0.0,,,,,2.0,2026-10-03T14:02:47.001Z,3.4271229179999807,9.0,1.0,47540255.0,108805.0,46220071.0,1049324.0,47272049.0,1051978.0,0.25801,0.495811,1.0,2026-10-03T14:02:42.183Z,3.6264546159999895,9.0,1.0,47558548.0,131550.0,46220071.0,1049324.0,50716335.0,4496264.0,0.222138,0.623694,3.0,2026-10-03T14:02:56.962Z
37123731010,1,synthetic,small-short,S0,2,1,8.902186389999997,0.0,0.0,46473032.0,119343.0,46220071.0,0.0,,,,,2.0,2026-10-03T14:04:05.035Z,4.98770913300001,9.0,1.0,47556909.0,140283.0,46220071.0,1049323.0,47272047.0,1051976.0,0.672897,0.837664,1.0,2026-10-03T14:03:58.124Z,5.127174742999998,9.0,1.0,47549651.0,133029.0,46220071.0,1049324.0,50716344.0,4496273.0,0.691994,1.059657,3.0,2026-10-03T14:04:15.810Z
37123731010,1,synthetic,small-short,S0,2,2,8.869123489999993,0.0,0.0,46453738.0,105485.0,46220071.0,0.0,,,,,2.0,2026-10-03T14:04:29.614Z,4.839672377999989,9.0,1.0,47541450.0,116388.0,46220071.0,1049323.0,47272047.0,1051976.0,0.676382,0.851935,1.0,2026-10-03T14:04:22.887Z,5.131405173999994,9.0,1.0,47566274.0,142405.0,46220071.0,1049324.0,50716344.0,4496273.0,0.64343,1.067493,3.0,2026-10-03T14:04:40.257Z
37123731010,1,synthetic,small-short,S0,2,3,8.890683112999994,0.0,0.0,46469362.0,121734.0,46220071.0,0.0,,,,,1.0,2026-10-03T14:04:47.230Z,4.886385947000008,9.0,1.0,47556236.0,143978.0,46220071.0,1049323.0,47272047.0,1051976.0,0.593567,0.934117,2.0,2026-10-03T14:04:57.983Z,5.3104581740000185,9.0,1.0,47583405.0,161215.0,46220071.0,1049324.0,50716344.0,4496273.0,0.667279,1.053072,3.0,2026-10-03T14:05:04.868Z
37123731010,1,synthetic,small-short,S0,2,4,8.895706374999975,0.0,0.0,46458017.0,108409.0,46220071.0,0.0,,,,,1.0,2026-10-03T14:05:12.046Z,5.117481988000009,9.0,1.0,47564146.0,140140.0,46220071.0,1049323.0,47272047.0,1051976.0,0.682232,0.932557,2.0,2026-10-03T14:05:22.886Z,5.095965245999992,9.0,1.0,47534658.0,129638.0,46220071.0,1049324.0,50716344.0,4496273.0,0.668885,1.047021,3.0,2026-10-03T14:05:29.977Z
37123731010,1,synthetic,small-short,S0,2,5,9.021892352999998,0.0,0.0,46471850.0,121153.0,46220071.0,0.0,,,,,2.0,2026-10-03T14:05:43.910Z,4.924329966000016,9.0,1.0,47547263.0,134541.0,46220071.0,1049323.0,47272047.0,1051976.0,0.662406,0.862433,1.0,2026-10-03T14:05:37.018Z,5.079756689000021,9.0,1.0,47555054.0,134369.0,46220071.0,1049324.0,50716344.0,4496273.0,0.636913,1.053419,3.0,2026-10-03T14:05:54.793Z
37123731010,1,synthetic,small-short,S0,3,1,8.13488049099999,0.0,0.0,46508948.0,100422.0,46220071.0,0.0,,,,,3.0,2026-10-03T14:23:44.949Z,3.434886198000001,9.0,1.0,47548824.0,117725.0,46220071.0,1049324.0,47272048.0,1051977.0,0.239263,0.544204,2.0,2026-10-03T14:23:40.029Z,3.4872955419999982,9.0,1.0,47597929.0,154412.0,46220071.0,1049324.0,50716362.0,4496291.0,0.199669,0.636796,1.0,2026-10-03T14:23:35.017Z
37123731010,1,synthetic,small-short,S0,3,2,8.202255215000008,0.0,0.0,46445291.0,84094.0,46220071.0,0.0,,,,,1.0,2026-10-03T14:23:55.018Z,3.581279361,9.0,1.0,47556254.0,128303.0,46220071.0,1049324.0,47272048.0,1051977.0,0.200378,0.483897,2.0,2026-10-03T14:24:05.026Z,3.3616672349999988,9.0,1.0,47548795.0,122864.0,46220071.0,1049324.0,50716362.0,4496291.0,0.20126,0.539496,3.0,2026-10-03T14:24:10.151Z
37123731010,1,synthetic,small-short,S0,3,3,8.143512038000011,0.0,0.0,46498050.0,104254.0,46220071.0,0.0,,,,,1.0,2026-10-03T14:24:15.031Z,3.377338408,9.0,1.0,47548727.0,122282.0,46220071.0,1049324.0,47272048.0,1051977.0,0.233885,0.502831,2.0,2026-10-03T14:24:25.167Z,3.3031630769999794,9.0,1.0,47570338.0,128693.0,46220071.0,1049324.0,50716362.0,4496291.0,0.200366,0.551742,3.0,2026-10-03T14:24:30.173Z
37123731010,1,synthetic,small-short,S0,3,4,8.111385761999998,0.0,0.0,46446749.0,81698.0,46220071.0,0.0,,,,,1.0,2026-10-03T14:24:35.058Z,3.259501591000003,9.0,1.0,47571826.0,128112.0,46220071.0,1049324.0,47272048.0,1051977.0,0.19173,0.473608,2.0,2026-10-03T14:24:45.041Z,3.344123680999985,9.0,1.0,47560554.0,128563.0,46220071.0,1049324.0,50716362.0,4496291.0,0.197596,0.548766,3.0,2026-10-03T14:24:49.929Z
37123731010,1,synthetic,small-short,S0,3,5,8.05390964999998,0.0,0.0,46476353.0,96281.0,46220071.0,0.0,,,,,1.0,2026-10-03T14:24:54.819Z,3.2462490919999993,9.0,1.0,47571200.0,127250.0,46220071.0,1049324.0,47272048.0,1051977.0,0.206371,0.435095,3.0,2026-10-03T14:25:09.610Z,3.4897051990000136,9.0,1.0,47565909.0,129086.0,46220071.0,1049324.0,50716362.0,4496291.0,0.207375,0.558254,2.0,2026-10-03T14:25:04.632Z
37123731010,1,synthetic,small-short,S0,4,1,8.704918097000004,0.0,0.0,46458962.0,97089.0,46220071.0,0.0,,,,,2.0,2026-10-03T14:31:07.940Z,5.225308548000001,9.0,1.0,47550835.0,161361.0,46220071.0,1049323.0,47272058.0,1051987.0,0.866931,1.017889,1.0,2026-10-03T14:31:00.819Z,5.2022302809999985,9.0,1.0,47555724.0,133430.0,46220071.0,1049323.0,50716364.0,4496293.0,0.690227,1.212594,3.0,2026-10-03T14:31:18.296Z
37123731010,1,synthetic,small-short,S0,4,2,8.820029629999993,0.0,0.0,46456974.0,96606.0,46220071.0,0.0,,,,,2.0,2026-10-03T14:31:32.025Z,4.775639955000003,9.0,1.0,47560251.0,133977.0,46220071.0,1049323.0,47272058.0,1051987.0,0.688355,0.981176,3.0,2026-10-03T14:31:42.553Z,4.867936744999994,9.0,1.0,47544404.0,123859.0,46220071.0,1049323.0,50716364.0,4496293.0,0.578682,1.15712,1.0,2026-10-03T14:31:25.373Z
37123731010,1,synthetic,small-short,S0,4,3,8.689263626999988,0.0,0.0,46464257.0,99661.0,46220071.0,0.0,,,,,1.0,2026-10-03T14:31:49.204Z,5.079138771999993,9.0,1.0,47595066.0,157921.0,46220071.0,1049323.0,47272058.0,1051987.0,0.608953,1.147254,2.0,2026-10-03T14:31:59.605Z,4.9094887919999906,9.0,1.0,47552510.0,126716.0,46220071.0,1049323.0,50716364.0,4496293.0,0.597038,1.21379,3.0,2026-10-03T14:32:06.445Z
37123731010,1,synthetic,small-short,S0,4,4,8.689102984999977,0.0,0.0,46454768.0,96827.0,46220071.0,0.0,,,,,1.0,2026-10-03T14:32:13.146Z,4.878212515000001,9.0,1.0,47546564.0,122886.0,46220071.0,1049323.0,47272058.0,1051987.0,0.644528,1.016162,2.0,2026-10-03T14:32:23.467Z,4.866000995999997,9.0,1.0,47581968.0,146018.0,46220071.0,1049323.0,50716364.0,4496293.0,0.565014,1.177626,3.0,2026-10-03T14:32:30.238Z
37123731010,1,synthetic,small-short,S0,4,5,8.575972782999997,0.0,0.0,46454710.0,99949.0,46220071.0,0.0,,,,,3.0,2026-10-03T14:32:50.251Z,4.907492439999999,9.0,1.0,47584967.0,182520.0,46220071.0,1049323.0,47272058.0,1051987.0,0.574455,0.963744,1.0,2026-10-03T14:32:36.882Z,4.9606742490000215,9.0,1.0,47540943.0,118797.0,46220071.0,1049323.0,50716364.0,4496293.0,0.569625,1.204795,2.0,2026-10-03T14:32:43.576Z
37123731010,1,synthetic,small-short,S1,1,1,7.2940046370000005,0.0,0.0,46688143.0,287834.0,46220071.0,0.0,,,,,1.0,2026-10-03T15:11:02.384Z,11.093887023999997,1.0,0.1111111111111111,46544308.0,1201445.0,46220071.0,93.0,47272048.0,1051977.0,0.729092,3.363444,2.0,2026-10-03T15:11:11.658Z,10.527513014999997,5.0,0.5555555555555556,49021803.0,2326706.0,46220071.0,2393805.0,50716371.0,4496300.0,0.693548,3.4102,3.0,2026-10-03T15:11:25.382Z
37123731010,1,synthetic,small-short,S1,1,2,6.879954454,0.0,0.0,46519288.0,156213.0,46220071.0,0.0,,,,,1.0,2026-10-03T15:11:38.801Z,11.345508212999988,1.0,0.1111111111111111,46619734.0,1264417.0,46220071.0,93.0,47272048.0,1051977.0,0.642778,3.357492,3.0,2026-10-03T15:12:00.535Z,10.13228105600001,5.0,0.5555555555555556,49015284.0,2316082.0,46220071.0,2393805.0,50716367.0,4496296.0,0.684923,3.579474,2.0,2026-10-03T15:11:47.813Z
37123731010,1,synthetic,small-short,S1,1,3,6.541314073999985,0.0,0.0,46515666.0,140649.0,46220071.0,0.0,,,,,1.0,2026-10-03T15:12:14.715Z,10.809775583000004,1.0,0.1111111111111111,46598361.0,1270329.0,46220071.0,93.0,47272048.0,1051977.0,0.614398,3.232033,3.0,2026-10-03T15:12:35.710Z,9.830044732999994,5.0,0.5555555555555556,48960698.0,2293643.0,46220071.0,2393805.0,50716369.0,4496298.0,0.618147,3.233814,2.0,2026-10-03T15:12:23.347Z
37123731010,1,synthetic,small-short,S1,1,4,6.798096781999988,0.0,0.0,46524912.0,153505.0,46220071.0,0.0,,,,,2.0,2026-10-03T15:13:02.016Z,10.950648915999977,1.0,0.1111111111111111,46549170.0,1210537.0,46220071.0,93.0,47272048.0,1051977.0,0.636269,3.244148,3.0,2026-10-03T15:13:10.857Z,10.324881876000006,5.0,0.5555555555555556,49034301.0,2335467.0,46220071.0,2393805.0,50716368.0,4496297.0,0.605208,3.681926,1.0,2026-10-03T15:12:49.096Z
37123731010,1,synthetic,small-short,S1,1,5,6.730529881999985,0.0,0.0,46520591.0,121309.0,46220071.0,0.0,,,,,1.0,2026-10-03T15:13:24.575Z,11.02482012499999,1.0,0.1111111111111111,46601633.0,1239996.0,46220071.0,93.0,47272048.0,1051977.0,0.62636,3.318111,2.0,2026-10-03T15:13:33.428Z,10.042848463999974,5.0,0.5555555555555556,48998216.0,2307508.0,46220071.0,2393805.0,50716367.0,4496296.0,0.625831,3.471196,3.0,2026-10-03T15:13:47.108Z
37123731010,1,synthetic,small-short,S1,2,1,8.522434254000018,0.0,0.0,46463049.0,88383.0,46220071.0,0.0,,,,,2.0,2026-10-03T12:43:35.834Z,11.536156844999994,1.0,0.1111111111111111,46533119.0,1203885.0,46220071.0,92.0,47272058.0,1051987.0,0.378344,2.533228,3.0,2026-10-03T12:43:46.137Z,9.660552588999963,5.0,0.5555555555555556,48935581.0,2270844.0,46220071.0,2393812.0,50716374.0,4496303.0,0.392665,2.754487,1.0,2026-10-03T12:43:24.126Z
37123731010,1,synthetic,small-short,S1,2,2,8.470837550999988,0.0,0.0,46479203.0,104653.0,46220071.0,0.0,,,,,2.0,2026-10-03T12:44:13.762Z,11.753309506999983,1.0,0.1111111111111111,46522163.0,1198271.0,46220071.0,92.0,47272047.0,1051976.0,0.371196,2.712611,1.0,2026-10-03T12:43:59.933Z,10.14361801800004,5.0,0.5555555555555556,48941587.0,2288810.0,46220071.0,2393812.0,50716375.0,4496304.0,0.384473,3.17586,3.0,2026-10-03T12:44:23.870Z
37123731010,1,synthetic,small-short,S1,2,3,8.43210443999999,0.0,0.0,46480388.0,101480.0,46220071.0,0.0,,,,,2.0,2026-10-03T12:44:48.010Z,11.59266912399994,1.0,0.1111111111111111,46544643.0,1208189.0,46220071.0,92.0,47272051.0,1051980.0,0.392242,2.599299,3.0,2026-10-03T12:44:58.241Z,9.82972334499999,5.0,0.5555555555555556,48928246.0,2250195.0,46220071.0,2393812.0,50716375.0,4496304.0,0.384711,3.000994,1.0,2026-10-03T12:44:36.103Z
37123731010,1,synthetic,small-short,S1,2,4,8.539537214999996,0.0,0.0,46462455.0,100544.0,46220071.0,0.0,,,,,3.0,2026-10-03T12:45:37.789Z,11.54918459299995,1.0,0.1111111111111111,46516199.0,1194753.0,46220071.0,92.0,47272047.0,1051976.0,0.393236,2.518417,2.0,2026-10-03T12:45:24.054Z,9.913134432000106,5.0,0.5555555555555556,48993340.0,2299651.0,46220071.0,2393812.0,50716375.0,4496304.0,0.386258,2.883132,1.0,2026-10-03T12:45:11.939Z
37123731010,1,synthetic,small-short,S1,2,5,8.498145372999943,0.0,0.0,46469542.0,103294.0,46220071.0,0.0,,,,,2.0,2026-10-03T12:46:01.594Z,11.54122742100003,1.0,0.1111111111111111,46558552.0,1205859.0,46220071.0,92.0,47272047.0,1051976.0,0.394371,2.601142,1.0,2026-10-03T12:45:47.996Z,9.691132992000007,5.0,0.5555555555555556,48944361.0,2283004.0,46220071.0,2393812.0,50716374.0,4496303.0,0.372156,2.836484,3.0,2026-10-03T12:46:11.837Z
37123731010,1,synthetic,small-short,S1,3,1,8.300974683000007,0.0,0.0,46472577.0,117466.0,46220071.0,0.0,,,,,3.0,2026-10-03T14:48:20.540Z,11.752698810000012,1.0,0.1111111111111111,46540949.0,1256263.0,46220071.0,92.0,47272047.0,1051976.0,0.547169,2.785618,1.0,2026-10-03T14:47:54.622Z,10.042149680000009,5.0,0.5555555555555556,48977043.0,2296454.0,46220071.0,2393807.0,50716368.0,4496297.0,0.488164,3.070584,2.0,2026-10-03T14:48:08.478Z
37123731010,1,synthetic,small-short,S1,3,2,8.413766914999997,0.0,0.0,46479003.0,122452.0,46220071.0,0.0,,,,,2.0,2026-10-03T14:48:44.584Z,11.938891486999992,1.0,0.1111111111111111,46583506.0,1249713.0,46220071.0,92.0,47272045.0,1051974.0,0.459176,2.848773,1.0,2026-10-03T14:48:30.564Z,10.290630278000009,5.0,0.5555555555555556,48969394.0,2314077.0,46220071.0,2393807.0,50716371.0,4496300.0,0.478365,3.338417,3.0,2026-10-03T14:48:54.704Z
37123731010,1,synthetic,small-short,S1,3,3,8.309693068000001,0.0,0.0,46457287.0,113519.0,46220071.0,0.0,,,,,3.0,2026-10-03T14:49:33.048Z,11.809034787999991,1.0,0.1111111111111111,46550180.0,1222051.0,46220071.0,92.0,47272057.0,1051986.0,0.43982,2.847346,2.0,2026-10-03T14:49:19.237Z,10.25619831199998,5.0,0.5555555555555556,48984962.0,3382503.0,46220071.0,2393807.0,51765614.0,5545543.0,0.548382,3.049939,1.0,2026-10-03T14:49:06.990Z
37123731010,1,synthetic,small-short,S1,3,4,8.26499420899998,0.0,0.0,46459673.0,117654.0,46220071.0,0.0,,,,,1.0,2026-10-03T14:49:42.966Z,11.476984318999996,1.0,0.1111111111111111,46553896.0,1222263.0,46220071.0,92.0,47272047.0,1051976.0,0.453593,2.631466,2.0,2026-10-03T14:49:52.748Z,10.257660695999988,5.0,0.5555555555555556,48992018.0,3385968.0,46220071.0,2393807.0,51765602.0,5545531.0,0.49127,3.277621,3.0,2026-10-03T14:50:06.102Z
37123731010,1,synthetic,small-short,S1,3,5,8.35426387199999,0.0,0.0,46481967.0,122724.0,46220071.0,0.0,,,,,2.0,2026-10-03T14:50:30.236Z,11.818990331999998,1.0,0.1111111111111111,46537850.0,1212726.0,46220071.0,92.0,47272047.0,1051976.0,0.503566,2.906325,3.0,2026-10-03T14:50:40.174Z,9.915671796999987,5.0,0.5555555555555556,48964390.0,2299557.0,46220071.0,2393807.0,50716366.0,4496295.0,0.502204,2.961325,1.0,2026-10-03T14:50:18.349Z
37123731010,1,synthetic,small-short,S1,4,1,6.47009043700001,0.0,0.0,46621579.0,186399.0,46220071.0,0.0,,,,,2.0,2026-10-03T15:10:05.849Z,10.232776515000012,1.0,0.1111111111111111,46598317.0,1265708.0,46220071.0,93.0,47272048.0,1051977.0,0.461467,2.74436,1.0,2026-10-03T15:09:53.298Z,9.03715726400003,5.0,0.5555555555555556,48992432.0,2415267.0,46220071.0,2393690.0,50716248.0,4496177.0,0.495202,2.890348,3.0,2026-10-03T15:10:14.230Z
37123731010,1,synthetic,small-short,S1,4,2,6.378078375999962,0.0,0.0,46562629.0,186739.0,46220071.0,0.0,,,,,3.0,2026-10-03T15:10:49.736Z,10.44137126000004,1.0,0.1111111111111111,46642318.0,1280314.0,46220071.0,93.0,47272052.0,1051981.0,0.475845,3.060278,1.0,2026-10-03T15:10:25.522Z,8.78629640600002,5.0,0.5555555555555556,49009135.0,2326979.0,46220071.0,2393690.0,50716251.0,4496180.0,0.462686,2.803123,2.0,2026-10-03T15:10:38.522Z
37123731010,1,synthetic,small-short,S1,4,3,6.385920343000009,0.0,0.0,46532600.0,178126.0,46220071.0,0.0,,,,,2.0,2026-10-03T15:11:10.740Z,10.073566744000004,1.0,0.1111111111111111,46629645.0,1286899.0,46220071.0,93.0,47272059.0,1051988.0,0.45434,2.620342,1.0,2026-10-03T15:10:58.064Z,8.930311959999983,5.0,0.5555555555555556,49036641.0,2357045.0,46220071.0,2393690.0,50716253.0,4496182.0,0.442335,2.931114,3.0,2026-10-03T15:11:19.121Z
37123731010,1,synthetic,small-short,S1,4,4,6.514686245999997,0.0,0.0,46548059.0,164247.0,46220071.0,0.0,,,,,1.0,2026-10-03T15:11:30.385Z,10.212118153999995,1.0,0.1111111111111111,46647092.0,1299323.0,46220071.0,93.0,47272048.0,1051977.0,0.503997,2.913292,2.0,2026-10-03T15:11:38.831Z,8.799693886,5.0,0.5555555555555556,49044255.0,2350514.0,46220071.0,2393690.0,50716263.0,4496192.0,0.483782,2.880776,3.0,2026-10-03T15:11:51.389Z
37123731010,1,synthetic,small-short,S1,4,5,6.251543061000007,0.0,0.0,46553717.0,172201.0,46220071.0,0.0,,,,,2.0,2026-10-03T15:12:14.168Z,9.997145984000042,1.0,0.1111111111111111,46675963.0,1321158.0,46220071.0,93.0,47272048.0,1051977.0,0.446054,2.862999,3.0,2026-10-03T15:12:22.312Z,9.291015512000001,5.0,0.5555555555555556,49027146.0,2370597.0,46220071.0,2393690.0,50716251.0,4496180.0,0.387879,3.111727,1.0,2026-10-03T15:12:02.549Z
37123731010,1,synthetic,small-short,S2,1,1,6.522803971000002,0.0,0.0,46561409.0,165521.0,46220071.0,0.0,,,,,3.0,2026-10-03T15:06:46.751Z,9.98723949699999,1.0,0.1111111111111111,46651350.0,1300372.0,46220071.0,93.0,47272058.0,1051987.0,0.466049,2.732497,2.0,2026-10-03T15:06:34.387Z,10.944185008000005,3.0,0.3333333333333333,48027525.0,3424229.0,46220071.0,1344342.0,50716379.0,4496308.0,0.471604,4.109762,1.0,2026-10-03T15:06:21.171Z
37123731010,1,synthetic,small-short,S2,1,2,6.482360339000024,0.0,0.0,46538674.0,160771.0,46220071.0,0.0,,,,,1.0,2026-10-03T15:06:55.540Z,9.908343187000014,1.0,0.1111111111111111,46629458.0,1251998.0,46220071.0,93.0,47272047.0,1051976.0,0.457402,2.734727,2.0,2026-10-03T15:07:04.166Z,10.587144561999992,3.0,0.3333333333333333,48015458.0,3436005.0,46220071.0,1344342.0,50716382.0,4496311.0,0.462499,3.91465,3.0,2026-10-03T15:07:16.670Z
37123731010,1,synthetic,small-short,S2,1,3,6.329342967000002,0.0,0.0,46571582.0,186067.0,46220071.0,0.0,,,,,2.0,2026-10-03T15:07:41.971Z,10.068476301999993,1.0,0.1111111111111111,46617834.0,1266816.0,46220071.0,93.0,47272047.0,1051976.0,0.442824,2.83521,1.0,2026-10-03T15:07:29.563Z,10.796891551999977,3.0,0.3333333333333333,48035193.0,4486458.0,46220071.0,1344342.0,51765617.0,5545546.0,0.464167,4.066468,3.0,2026-10-03T15:07:50.341Z
37123731010,1,synthetic,small-short,S2,1,4,6.454755582000018,0.0,0.0,46547503.0,179058.0,46220071.0,0.0,,,,,1.0,2026-10-03T15:08:03.617Z,10.200728398000024,1.0,0.1111111111111111,46629196.0,1270373.0,46220071.0,93.0,47272047.0,1051976.0,0.449016,2.867757,2.0,2026-10-03T15:08:12.104Z,11.243776214000036,3.0,0.3333333333333333,48028434.0,3516360.0,46220071.0,1344342.0,50716376.0,4496305.0,0.523889,4.228188,3.0,2026-10-03T15:08:24.931Z
37123731010,1,synthetic,small-short,S2,1,5,6.4397867509999855,0.0,0.0,46558081.0,154721.0,46220071.0,0.0,,,,,1.0,2026-10-03T15:08:38.605Z,9.973088044000008,1.0,0.1111111111111111,46633906.0,1264228.0,46220071.0,93.0,47272047.0,1051976.0,0.452614,2.675445,2.0,2026-10-03T15:08:47.396Z,12.50549298499999,3.0,0.3333333333333333,47980923.0,4448774.0,46220071.0,1344342.0,51765605.0,5545534.0,0.464472,4.568358,3.0,2026-10-03T15:08:59.956Z
37123731010,1,synthetic,small-short,S2,2,1,8.377644400999998,0.0,0.0,46454006.0,83040.0,46220071.0,0.0,,,,,3.0,2026-10-03T15:11:09.947Z,11.286037848999996,1.0,0.1111111111111111,46549638.0,1240653.0,46220071.0,93.0,47272047.0,1051976.0,0.255298,2.567121,1.0,2026-10-03T15:10:43.583Z,11.352717242999987,3.0,0.3333333333333333,47879869.0,3388151.0,46220071.0,1344343.0,50716396.0,4496325.0,0.222169,3.732217,2.0,2026-10-03T15:10:56.737Z
37123731010,1,synthetic,small-short,S2,2,2,8.307171811000003,0.0,0.0,46458178.0,99325.0,46220071.0,0.0,,,,,2.0,2026-10-03T15:11:33.298Z,11.293849452000003,1.0,0.1111111111111111,46539780.0,1214983.0,46220071.0,93.0,47272047.0,1051976.0,0.280058,2.54931,1.0,2026-10-03T15:11:20.070Z,10.996832217000005,3.0,0.3333333333333333,47877896.0,3382831.0,46220071.0,1344343.0,50716385.0,4496314.0,0.248103,3.383409,3.0,2026-10-03T15:11:43.252Z
37123731010,1,synthetic,small-short,S2,2,3,8.301543127999992,0.0,0.0,46508983.0,100294.0,46220071.0,0.0,,,,,2.0,2026-10-03T15:12:09.051Z,11.035169698999994,1.0,0.1111111111111111,46528269.0,1223481.0,46220071.0,93.0,47272058.0,1051987.0,0.175718,2.427167,1.0,2026-10-03T15:11:56.110Z,10.977087842999993,3.0,0.3333333333333333,47881494.0,3387710.0,46220071.0,1344343.0,50716385.0,4496314.0,0.188506,3.56492,3.0,2026-10-03T15:12:18.999Z
37123731010,1,synthetic,small-short,S2,2,4,8.270576738000017,0.0,0.0,46470830.0,93448.0,46220071.0,0.0,,,,,2.0,2026-10-03T15:12:44.981Z,11.15514330100001,1.0,0.1111111111111111,46500334.0,1205687.0,46220071.0,93.0,47272058.0,1051987.0,0.213591,2.50064,1.0,2026-10-03T15:12:31.858Z,10.894852775000004,3.0,0.3333333333333333,47882125.0,3389475.0,46220071.0,1344343.0,50716385.0,4496314.0,0.20815,3.43296,3.0,2026-10-03T15:12:54.900Z
37123731010,1,synthetic,small-short,S2,2,5,8.323014067000003,0.0,0.0,46459442.0,86279.0,46220071.0,0.0,,,,,3.0,2026-10-03T15:13:33.687Z,11.064651940000005,1.0,0.1111111111111111,46516615.0,1218264.0,46220071.0,93.0,47272047.0,1051976.0,0.263516,2.298783,2.0,2026-10-03T15:13:20.800Z,11.215421906000017,3.0,0.3333333333333333,47862753.0,3394586.0,46220071.0,1344343.0,50716385.0,4496314.0,0.233037,3.681373,1.0,2026-10-03T15:13:07.723Z
37123731010,1,synthetic,small-short,S2,3,1,8.879030597999986,0.0,0.0,46442390.0,72872.0,46220071.0,0.0,,,,,3.0,2026-10-03T13:19:18.700Z,12.630872336999971,1.0,0.1111111111111111,46486144.0,1178702.0,46220071.0,92.0,47272045.0,1051974.0,0.369877,2.669683,2.0,2026-10-03T13:19:03.371Z,12.482366816000024,3.0,0.3333333333333333,47879307.0,3323466.0,46220071.0,1344347.0,50716396.0,4496325.0,0.400287,3.791255,1.0,2026-10-03T13:18:48.194Z
37123731010,1,synthetic,small-short,S2,3,2,8.772925537000049,0.0,0.0,46444114.0,70851.0,46220071.0,0.0,,,,,2.0,2026-10-03T13:19:45.256Z,12.746578246000013,1.0,0.1111111111111111,46534767.0,1186629.0,46220071.0,92.0,47272046.0,1051975.0,0.369904,2.676874,3.0,2026-10-03T13:19:56.762Z,12.527276324000013,3.0,0.3333333333333333,47883733.0,3310136.0,46220071.0,1344347.0,50716388.0,4496317.0,0.704048,3.659907,1.0,2026-10-03T13:19:29.976Z
37123731010,1,synthetic,small-short,S2,3,3,8.867244568999979,0.0,0.0,46445863.0,81034.0,46220071.0,0.0,,,,,1.0,2026-10-03T13:20:12.401Z,12.094865654999978,1.0,0.1111111111111111,46545754.0,1201216.0,46220071.0,92.0,47272043.0,1051972.0,0.341578,2.568342,3.0,2026-10-03T13:20:38.639Z,12.433006766000005,3.0,0.3333333333333333,47909627.0,3313973.0,46220071.0,1344347.0,50716399.0,4496328.0,0.362872,3.834329,2.0,2026-10-03T13:20:23.601Z
37123731010,1,synthetic,small-short,S2,3,4,8.775921684999958,0.0,0.0,46477959.0,87377.0,46220071.0,0.0,,,,,3.0,2026-10-03T13:21:23.903Z,12.77214662299997,1.0,0.1111111111111111,46585672.0,1197688.0,46220071.0,92.0,47272056.0,1051985.0,0.385923,2.829549,1.0,2026-10-03T13:20:53.378Z,12.36596600100006,3.0,0.3333333333333333,47876032.0,3312542.0,46220071.0,1344347.0,50716395.0,4496324.0,0.388008,3.762711,2.0,2026-10-03T13:21:08.841Z
37123731010,1,synthetic,small-short,S2,3,5,8.804459844999997,0.0,0.0,46476813.0,82482.0,46220071.0,0.0,,,,,1.0,2026-10-03T13:21:35.007Z,12.31755703500005,1.0,0.1111111111111111,46493379.0,1176151.0,46220071.0,92.0,47272045.0,1051974.0,0.381935,2.713564,2.0,2026-10-03T13:21:46.433Z,12.611401686000022,3.0,0.3333333333333333,47873333.0,3311155.0,46220071.0,1344347.0,50716398.0,4496327.0,0.370085,4.068196,3.0,2026-10-03T13:22:01.881Z
37123731010,1,synthetic,small-short,S2,4,1,9.191395471999996,0.0,0.0,46517365.0,164889.0,46220071.0,0.0,,,,,2.0,2026-10-03T14:45:31.700Z,14.029538345999995,1.0,0.1111111111111111,46600384.0,1300596.0,46220071.0,93.0,47272047.0,1051976.0,0.933704,3.576299,1.0,2026-10-03T14:45:15.160Z,14.536981036,3.0,0.3333333333333333,47955435.0,3408591.0,46220071.0,1344341.0,50716394.0,4496323.0,0.824211,5.354027,3.0,2026-10-03T14:45:42.764Z
37123731010,1,synthetic,small-short,S2,4,2,9.175064418000005,0.0,0.0,46499376.0,150845.0,46220071.0,0.0,,,,,3.0,2026-10-03T14:46:32.570Z,13.751148916000005,1.0,0.1111111111111111,46613087.0,1275282.0,46220071.0,93.0,47272052.0,1051981.0,0.798766,3.581641,2.0,2026-10-03T14:46:16.230Z,14.041043678999998,3.0,0.3333333333333333,47910558.0,3376976.0,46220071.0,1344341.0,50716377.0,4496306.0,0.80999,4.974926,1.0,2026-10-03T14:45:59.682Z
37123731010,1,synthetic,small-short,S2,4,3,9.155253512000002,0.0,0.0,46511973.0,160625.0,46220071.0,0.0,,,,,3.0,2026-10-03T14:47:16.946Z,13.755582481999994,1.0,0.1111111111111111,46578533.0,1245422.0,46220071.0,93.0,47272058.0,1051987.0,0.870951,3.511841,1.0,2026-10-03T14:46:43.609Z,14.314576701999982,3.0,0.3333333333333333,47970309.0,3411196.0,46220071.0,1344341.0,50716380.0,4496309.0,0.855354,5.005582,2.0,2026-10-03T14:47:00.023Z
37123731010,1,synthetic,small-short,S2,4,4,9.21551564699999,0.0,0.0,46490345.0,153178.0,46220071.0,0.0,,,,,1.0,2026-10-03T14:47:27.939Z,13.748990321999997,1.0,0.1111111111111111,46570078.0,1251597.0,46220071.0,93.0,47272058.0,1051987.0,0.810076,3.480352,3.0,2026-10-03T14:47:55.627Z,14.154699676000007,3.0,0.3333333333333333,47952064.0,4459451.0,46220071.0,1344341.0,51765616.0,5545545.0,0.855077,4.93238,2.0,2026-10-03T14:47:38.971Z
37123731010,1,synthetic,small-short,S2,4,5,9.105697262000007,0.0,0.0,46525078.0,152607.0,46220071.0,0.0,,,,,1.0,2026-10-03T14:48:11.946Z,13.821484080000005,1.0,0.1111111111111111,46574634.0,1258922.0,46220071.0,93.0,47272051.0,1051980.0,0.89768,3.526814,2.0,2026-10-03T14:48:22.895Z,14.171617322999964,3.0,0.3333333333333333,47955872.0,4466215.0,46220071.0,1344341.0,51765612.0,5545541.0,0.801522,5.182489,3.0,2026-10-03T14:48:39.209Z
37123731010,1,synthetic,small-short,S3,1,1,6.568848300999889,0.0,0.0,46527562.0,158004.0,46220071.0,0.0,,,,,1.0,2026-10-03T15:13:17.975Z,9.81518620199995,2.0,0.2222222222222222,47643907.0,203444.0,46220071.0,1049324.0,47273346.0,1053275.0,0.7296,1.856303,3.0,2026-10-03T15:13:41.349Z,12.186687458000051,2.0,0.2222222222222222,47676502.0,4758598.0,46220071.0,1049324.0,51766872.0,5546801.0,0.672603,4.178709,2.0,2026-10-03T15:13:26.535Z
37123731010,1,synthetic,small-short,S3,1,2,6.395270888999903,0.0,0.0,46546286.0,161511.0,46220071.0,0.0,,,,,1.0,2026-10-03T15:13:53.657Z,8.310185005999983,2.0,0.2222222222222222,47659750.0,180301.0,46220071.0,1049324.0,47273346.0,1053275.0,0.659329,0.856157,3.0,2026-10-03T15:14:16.509Z,11.95244281500004,2.0,0.2222222222222222,47718881.0,4782354.0,46220071.0,1049324.0,51766879.0,5546808.0,0.705972,4.278531,2.0,2026-10-03T15:14:02.027Z
37123731010,1,synthetic,small-short,S3,1,3,7.624184485999876,0.0,0.0,46781062.0,394015.0,46220071.0,0.0,,,,,3.0,2026-10-03T15:14:54.143Z,9.373666164000042,2.0,0.2222222222222222,47643290.0,201662.0,46220071.0,1049324.0,47273346.0,1053275.0,0.605176,1.912953,2.0,2026-10-03T15:14:42.300Z,12.429801959000088,2.0,0.2222222222222222,47704875.0,4779553.0,46220071.0,1049324.0,51766873.0,5546802.0,0.635536,4.888713,1.0,2026-10-03T15:14:27.401Z
37123731010,1,synthetic,small-short,S3,1,4,6.970103161999987,0.0,0.0,46687889.0,303687.0,46220071.0,0.0,,,,,2.0,2026-10-03T15:15:15.213Z,9.014333001000068,2.0,0.2222222222222222,47742693.0,277646.0,46220071.0,1049324.0,47273346.0,1053275.0,0.681662,0.900965,1.0,2026-10-03T15:15:03.727Z,12.389216929999975,2.0,0.2222222222222222,47732909.0,4791801.0,46220071.0,1049324.0,51766902.0,5546831.0,0.683703,4.608302,3.0,2026-10-03T15:15:24.107Z
37123731010,1,synthetic,small-short,S3,1,5,6.481818341000007,0.0,0.0,46534910.0,133838.0,46220071.0,0.0,,,,,3.0,2026-10-03T15:16:05.162Z,8.49012851700013,2.0,0.2222222222222222,47648683.0,176923.0,46220071.0,1049324.0,47273346.0,1053275.0,0.708982,0.878141,2.0,2026-10-03T15:15:54.068Z,12.542769990999886,2.0,0.2222222222222222,47709896.0,4748903.0,46220071.0,1049324.0,51766868.0,5546797.0,0.681225,4.665055,1.0,2026-10-03T15:15:39.016Z
37123731010,1,synthetic,small-short,S3,2,1,8.67946863100002,0.0,0.0,46467840.0,101696.0,46220071.0,0.0,,,,,1.0,2026-10-03T13:50:20.342Z,11.852368941000009,2.0,0.2222222222222222,47605319.0,160208.0,46220071.0,1049323.0,47273347.0,1053276.0,0.744651,2.149772,3.0,2026-10-03T13:50:47.473Z,14.503104557000029,2.0,0.2222222222222222,47613918.0,4813186.0,46220071.0,1049327.0,51766884.0,5546813.0,0.718689,4.88197,2.0,2026-10-03T13:50:30.704Z
37123731010,1,synthetic,small-short,S3,2,2,8.675147231999972,0.0,0.0,46459737.0,113238.0,46220071.0,0.0,,,,,2.0,2026-10-03T13:51:18.409Z,11.555147806000036,2.0,0.2222222222222222,47595383.0,261217.0,46220071.0,1049323.0,47273347.0,1053276.0,0.593423,2.093761,3.0,2026-10-03T13:51:28.754Z,14.617159076000007,2.0,0.2222222222222222,47622010.0,4833656.0,46220071.0,1049327.0,51766883.0,5546812.0,0.691275,4.930938,1.0,2026-10-03T13:51:01.643Z
37123731010,1,synthetic,small-short,S3,2,3,8.746788934999984,0.0,0.0,46435755.0,84687.0,46220071.0,0.0,,,,,3.0,2026-10-03T13:52:11.474Z,10.478646169000001,2.0,0.2222222222222222,47587747.0,140995.0,46220071.0,1049323.0,47273347.0,1053276.0,0.619032,1.042048,1.0,2026-10-03T13:51:42.579Z,13.93303815500002,2.0,0.2222222222222222,47622121.0,4804767.0,46220071.0,1049327.0,51766879.0,5546808.0,0.616856,4.585135,2.0,2026-10-03T13:51:55.370Z
37123731010,1,synthetic,small-short,S3,2,4,8.690102330999991,0.0,0.0,46465682.0,111542.0,46220071.0,0.0,,,,,2.0,2026-10-03T13:52:38.329Z,11.712683207999987,2.0,0.2222222222222222,47607948.0,160093.0,46220071.0,1049323.0,47273347.0,1053276.0,0.66878,2.148662,3.0,2026-10-03T13:52:48.715Z,14.082495064,2.0,0.2222222222222222,47611959.0,4844553.0,46220071.0,1049327.0,51766886.0,5546815.0,0.606077,4.741692,1.0,2026-10-03T13:52:21.883Z
37123731010,1,synthetic,small-short,S3,2,5,8.672176110999999,0.0,0.0,46485842.0,122604.0,46220071.0,0.0,,,,,1.0,2026-10-03T13:53:02.803Z,10.357187099999976,2.0,0.2222222222222222,47591027.0,152852.0,46220071.0,1049323.0,47273347.0,1053276.0,0.611742,0.995952,2.0,2026-10-03T13:53:13.053Z,14.117914315999997,2.0,0.2222222222222222,47611858.0,4828032.0,46220071.0,1049327.0,51766881.0,5546810.0,0.563631,4.737907,3.0,2026-10-03T13:53:25.538Z
37123731010,1,synthetic,small-short,S3,3,1,6.350842001999993,0.0,0.0,46586110.0,204010.0,46220071.0,0.0,,,,,3.0,2026-10-03T14:26:53.607Z,9.622081637000008,2.0,0.2222222222222222,47695292.0,210965.0,46220071.0,1049324.0,47273337.0,1053266.0,0.600017,1.787021,1.0,2026-10-03T14:26:27.588Z,11.654919178,2.0,0.2222222222222222,47787016.0,4808905.0,46220071.0,1049322.0,51766871.0,5546800.0,0.503821,4.261911,2.0,2026-10-03T14:26:39.667Z
37123731010,1,synthetic,small-short,S3,3,2,6.296050242000007,0.0,0.0,46593148.0,181400.0,46220071.0,0.0,,,,,1.0,2026-10-03T14:27:01.943Z,8.133596385000004,2.0,0.2222222222222222,47702738.0,232582.0,46220071.0,1049324.0,47273337.0,1053266.0,0.47829,0.624311,2.0,2026-10-03T14:27:10.390Z,11.361580477000004,2.0,0.2222222222222222,47748694.0,4801047.0,46220071.0,1049322.0,51766872.0,5546801.0,0.424101,4.122793,3.0,2026-10-03T14:27:20.779Z
37123731010,1,synthetic,small-short,S3,3,3,6.283861783000006,0.0,0.0,46550183.0,173534.0,46220071.0,0.0,,,,,1.0,2026-10-03T14:27:34.536Z,10.22275123099999,2.0,0.2222222222222222,47735693.0,225732.0,46220071.0,1049324.0,47273337.0,1053266.0,0.440704,1.884635,2.0,2026-10-03T14:27:42.672Z,11.250192175999985,2.0,0.2222222222222222,47761492.0,4798027.0,46220071.0,1049322.0,51766870.0,5546799.0,0.423248,4.152259,3.0,2026-10-03T14:27:55.230Z
37123731010,1,synthetic,small-short,S3,3,4,6.271189029999988,0.0,0.0,46542360.0,174959.0,46220071.0,0.0,,,,,1.0,2026-10-03T14:28:08.817Z,7.906513466000007,2.0,0.2222222222222222,47679094.0,203316.0,46220071.0,1049324.0,47273337.0,1053266.0,0.45512,0.662774,3.0,2026-10-03T14:28:30.805Z,11.427404530000018,2.0,0.2222222222222222,47794124.0,4834070.0,46220071.0,1049322.0,51766872.0,5546801.0,0.446811,4.186405,2.0,2026-10-03T14:28:16.969Z
37123731010,1,synthetic,small-short,S3,3,5,65.972004911,0.0,0.0,46617991.0,234324.0,46220071.0,0.0,,,,,1.0,2026-10-03T14:28:41.047Z,8.371877778999988,2.0,0.2222222222222222,47723072.0,204536.0,46220071.0,1049324.0,47273337.0,1053266.0,0.499405,0.804473,3.0,2026-10-03T14:30:02.985Z,11.735069056000043,2.0,0.2222222222222222,47741124.0,4769944.0,46220071.0,1049322.0,51766874.0,5546803.0,0.506344,4.293234,2.0,2026-10-03T14:29:48.966Z
37123731010,1,synthetic,small-short,S3,4,1,8.335278359,0.0,0.0,46447335.0,86143.0,46220071.0,0.0,,,,,2.0,2026-10-03T13:21:50.679Z,10.26525284200001,2.0,0.2222222222222222,47640200.0,161419.0,46220071.0,1049323.0,47273336.0,1053265.0,0.247815,1.604057,3.0,2026-10-03T13:22:00.689Z,12.324550865000006,2.0,0.2222222222222222,47606138.0,4780089.0,46220071.0,1049324.0,51766871.0,5546800.0,0.271111,3.718328,1.0,2026-10-03T13:21:36.474Z
37123731010,1,synthetic,small-short,S3,4,2,8.266219987,0.0,0.0,46456832.0,94097.0,46220071.0,0.0,,,,,2.0,2026-10-03T13:22:27.219Z,9.114045445000002,2.0,0.2222222222222222,47588288.0,137297.0,46220071.0,1049323.0,47273336.0,1053265.0,0.224506,0.548803,3.0,2026-10-03T13:22:37.126Z,12.487295928999998,2.0,0.2222222222222222,47608993.0,4763337.0,46220071.0,1049324.0,51766867.0,5546796.0,0.213487,3.796242,1.0,2026-10-03T13:22:12.892Z
37123731010,1,synthetic,small-short,S3,4,3,8.19772316700002,0.0,0.0,46447497.0,91608.0,46220071.0,0.0,,,,,2.0,2026-10-03T13:23:02.277Z,10.207942067999994,2.0,0.2222222222222222,47566361.0,144847.0,46220071.0,1049323.0,47273336.0,1053265.0,0.20053,1.593609,3.0,2026-10-03T13:23:12.164Z,12.107361442000013,2.0,0.2222222222222222,47596919.0,4785218.0,46220071.0,1049324.0,51766884.0,5546813.0,0.212092,3.624717,1.0,2026-10-03T13:22:48.250Z
37123731010,1,synthetic,small-short,S3,4,4,8.328445446000018,0.0,0.0,46450852.0,89598.0,46220071.0,0.0,,,,,2.0,2026-10-03T13:23:35.015Z,8.831174607000008,2.0,0.2222222222222222,47596835.0,131333.0,46220071.0,1049323.0,47273336.0,1053265.0,0.173578,0.455346,1.0,2026-10-03T13:23:24.292Z,12.414913573999996,2.0,0.2222222222222222,47610922.0,4811138.0,46220071.0,1049324.0,51766872.0,5546801.0,0.254584,3.901034,3.0,2026-10-03T13:23:45.112Z
37123731010,1,synthetic,small-short,S3,4,5,8.214028579,0.0,0.0,46450614.0,73276.0,46220071.0,0.0,,,,,2.0,2026-10-03T13:24:13.523Z,8.986498256000004,2.0,0.2222222222222222,47551051.0,121091.0,46220071.0,1049323.0,47273336.0,1053265.0,0.209267,0.470276,3.0,2026-10-03T13:24:23.316Z,12.18786759599999,2.0,0.2222222222222222,47611613.0,4819802.0,46220071.0,1049324.0,51766874.0,5546803.0,0.207297,3.651268,1.0,2026-10-03T13:23:59.547Z
37123731010,1,uptime-kuma,default,S0,1,1,95.09763893899998,0.0,0.0,272285063.0,1859438.0,72967928.0,0.0,,,,,1.0,2026-10-03T14:48:30.764Z,11.393207560000008,8.0,1.0,116269645.0,382005.0,72967928.0,42510924.0,115481261.0,42513333.0,0.52706,0.752036,3.0,2026-10-03T14:50:43.293Z,10.96080116500002,8.0,1.0,116209727.0,330284.0,72967928.0,42509862.0,410994403.0,338026475.0,0.551739,0.752889,2.0,2026-10-03T14:50:26.961Z
37123731010,1,uptime-kuma,default,S0,1,2,96.38319395799994,0.0,0.0,272252622.0,1691384.0,72967928.0,0.0,,,,,1.0,2026-10-03T14:51:00.861Z,10.954083537999963,8.0,1.0,116644776.0,571774.0,72967928.0,42510924.0,115481261.0,42513333.0,0.465245,0.630603,3.0,2026-10-03T14:53:14.025Z,10.606415237999954,8.0,1.0,116122695.0,258863.0,72967928.0,42509862.0,410994403.0,338026475.0,0.447251,0.746136,2.0,2026-10-03T14:52:57.531Z
37123731010,1,uptime-kuma,default,S0,1,3,94.88922823300004,0.0,0.0,272231095.0,1690142.0,72967928.0,0.0,,,,,3.0,2026-10-03T14:54:01.702Z,10.431252147999999,8.0,1.0,116187973.0,280216.0,72967928.0,42510924.0,115481261.0,42513333.0,0.396977,0.649626,2.0,2026-10-03T14:53:45.830Z,10.347812303999945,8.0,1.0,116082544.0,255244.0,72967928.0,42509862.0,410994403.0,338026475.0,0.483836,0.84157,1.0,2026-10-03T14:53:30.364Z
37123731010,1,uptime-kuma,default,S0,1,4,95.96707985799992,0.0,0.0,272306801.0,1677435.0,72967928.0,0.0,,,,,3.0,2026-10-03T14:56:29.121Z,11.437230333000002,8.0,1.0,116577176.0,550805.0,72967928.0,42510924.0,115481261.0,42513333.0,0.510552,0.678878,1.0,2026-10-03T14:55:55.696Z,10.886549836999961,8.0,1.0,116354701.0,409709.0,72967928.0,42509862.0,410994403.0,338026475.0,0.513176,0.752133,2.0,2026-10-03T14:56:12.954Z
37123731010,1,uptime-kuma,default,S0,1,5,95.87084034400004,0.0,0.0,272515629.0,1906716.0,72967928.0,0.0,,,,,1.0,2026-10-03T14:58:25.107Z,11.452271021999877,8.0,1.0,116563235.0,607016.0,72967928.0,42510924.0,115481261.0,42513333.0,0.497465,0.656957,3.0,2026-10-03T15:00:36.600Z,11.220390783000084,8.0,1.0,116453189.0,513479.0,72967928.0,42509862.0,410994403.0,338026475.0,0.495324,0.858632,2.0,2026-10-03T15:00:20.123Z
37123731010,1,uptime-kuma,default,S0,2,1,151.84444671000006,0.0,0.0,272037160.0,1692653.0,72967928.0,0.0,,,,,2.0,2026-10-03T13:43:51.043Z,12.73969825000006,8.0,1.0,116048884.0,241172.0,72967928.0,42513778.0,115484118.0,42516190.0,0.2772,0.55362,3.0,2026-10-03T13:46:35.838Z,12.623163892999969,8.0,1.0,116001746.0,211255.0,72967928.0,42513846.0,411023044.0,338055116.0,0.295681,0.590281,1.0,2026-10-03T13:43:34.590Z
37123731010,1,uptime-kuma,default,S0,2,2,150.1158448409999,0.0,0.0,272247524.0,1732158.0,72967928.0,0.0,,,,,1.0,2026-10-03T13:46:52.412Z,12.233313973000122,8.0,1.0,116066680.0,234944.0,72967928.0,42513778.0,115484118.0,42516190.0,0.255571,0.612276,3.0,2026-10-03T13:49:51.498Z,12.490122960000008,8.0,1.0,116046792.0,224437.0,72967928.0,42513846.0,411023044.0,338055116.0,0.273874,0.567847,2.0,2026-10-03T13:49:35.207Z
37123731010,1,uptime-kuma,default,S0,2,3,145.53510738299997,0.0,0.0,272239206.0,1728865.0,72967928.0,0.0,,,,,1.0,2026-10-03T13:50:07.340Z,12.502036369999814,8.0,1.0,116011592.0,220435.0,72967928.0,42513778.0,115484118.0,42516190.0,0.233176,0.446268,2.0,2026-10-03T13:52:45.413Z,12.3826803569998,8.0,1.0,116057968.0,249877.0,72967928.0,42513846.0,411023044.0,338055116.0,0.283083,0.630042,3.0,2026-10-03T13:53:01.523Z
37123731010,1,uptime-kuma,default,S0,2,4,145.6507719010001,0.0,0.0,272209503.0,1690165.0,72967928.0,0.0,,,,,3.0,2026-10-03T13:53:49.128Z,12.026981664999994,8.0,1.0,116011536.0,196120.0,72967928.0,42513778.0,115484118.0,42516190.0,0.337076,0.529686,1.0,2026-10-03T13:53:17.727Z,12.129001982999853,8.0,1.0,116035097.0,214809.0,72967928.0,42513846.0,411023044.0,338055116.0,0.25335,0.581277,2.0,2026-10-03T13:53:33.377Z
37123731010,1,uptime-kuma,default,S0,2,5,145.12587501200005,0.0,0.0,272041434.0,1714104.0,72967928.0,0.0,,,,,3.0,2026-10-03T13:56:59.095Z,12.466314345,8.0,1.0,116025983.0,217963.0,72967928.0,42513778.0,115484118.0,42516190.0,0.288752,0.554536,1.0,2026-10-03T13:56:26.962Z,12.374700800000028,8.0,1.0,116035805.0,224725.0,72967928.0,42513846.0,411023044.0,338055116.0,0.269602,0.673257,2.0,2026-10-03T13:56:43.025Z
37123731010,1,uptime-kuma,default,S0,3,1,98.77432473300001,0.0,0.0,272227521.0,1857407.0,72967928.0,0.0,,,,,2.0,2026-10-03T12:57:17.007Z,11.07837368700001,8.0,1.0,116285548.0,407863.0,72967928.0,42509903.0,115480253.0,42512325.0,0.456811,0.706365,1.0,2026-10-03T12:57:00.973Z,11.002665304000004,8.0,1.0,116109260.0,291854.0,72967928.0,42511012.0,410997825.0,338029897.0,0.464571,0.726644,3.0,2026-10-03T12:59:13.456Z
37123731010,1,uptime-kuma,default,S0,3,2,97.29690716200002,0.0,0.0,272215193.0,1684704.0,72967928.0,0.0,,,,,2.0,2026-10-03T12:59:45.326Z,11.148785527999962,8.0,1.0,116359914.0,493757.0,72967928.0,42509903.0,115480253.0,42512325.0,0.521979,0.645528,3.0,2026-10-03T13:01:40.405Z,10.717223321999995,8.0,1.0,116024815.0,211571.0,72967928.0,42511012.0,410997825.0,338029897.0,0.461494,0.811501,1.0,2026-10-03T12:59:29.499Z
37123731010,1,uptime-kuma,default,S0,3,3,97.761610098,0.0,0.0,271601844.0,1677876.0,72967928.0,0.0,,,,,3.0,2026-10-03T13:02:28.827Z,10.827940811000076,8.0,1.0,116086870.0,286619.0,72967928.0,42509903.0,115480253.0,42512325.0,0.473657,0.763069,2.0,2026-10-03T13:02:12.968Z,10.93403712099996,8.0,1.0,116184532.0,352145.0,72967928.0,42511012.0,410997825.0,338029897.0,0.450529,0.79658,1.0,2026-10-03T13:01:56.526Z
37123731010,1,uptime-kuma,default,S0,3,4,93.95945973000005,0.0,0.0,272116947.0,1730755.0,72967928.0,0.0,,,,,3.0,2026-10-03T13:04:58.080Z,10.83309728800009,8.0,1.0,116045406.0,255234.0,72967928.0,42509903.0,115480253.0,42512325.0,0.453025,0.674948,2.0,2026-10-03T13:04:42.191Z,11.14836113299998,8.0,1.0,116192195.0,392355.0,72967928.0,42511012.0,410997825.0,338029897.0,0.446387,0.804423,1.0,2026-10-03T13:04:25.568Z
37123731010,1,uptime-kuma,default,S0,3,5,94.271543651,0.0,0.0,272109972.0,1805447.0,72967928.0,0.0,,,,,1.0,2026-10-03T13:06:53.621Z,10.605622874999995,8.0,1.0,116285498.0,403730.0,72967928.0,42509903.0,115480253.0,42512325.0,0.487478,0.648932,2.0,2026-10-03T13:08:46.199Z,11.16954254899997,8.0,1.0,116190643.0,373689.0,72967928.0,42511012.0,410997825.0,338029897.0,0.457792,0.83612,3.0,2026-10-03T13:09:01.930Z
37123731010,1,uptime-kuma,default,S0,4,1,150.33614447399998,0.0,0.0,272189566.0,1715473.0,72967928.0,0.0,,,,,2.0,2026-10-03T15:13:52.192Z,12.780961562000016,8.0,1.0,116064398.0,225203.0,72967928.0,42513723.0,115484061.0,42516133.0,0.246631,0.572209,1.0,2026-10-03T15:13:35.512Z,12.57447185400008,8.0,1.0,116042726.0,228220.0,72967928.0,42513535.0,411021038.0,338053110.0,0.315307,0.585062,3.0,2026-10-03T15:16:35.177Z
37123731010,1,uptime-kuma,default,S0,4,2,151.29693396800008,0.0,0.0,272081334.0,1738059.0,72967928.0,0.0,,,,,1.0,2026-10-03T15:16:51.528Z,12.868915239999978,8.0,1.0,116028448.0,235710.0,72967928.0,42513723.0,115484061.0,42516133.0,0.28908,0.570169,2.0,2026-10-03T15:19:35.885Z,12.445131917000026,8.0,1.0,116060590.0,226068.0,72967928.0,42513535.0,411021038.0,338053110.0,0.270463,0.682305,3.0,2026-10-03T15:19:52.610Z
37123731010,1,uptime-kuma,default,S0,4,3,150.47724728700007,0.0,0.0,272186755.0,1704084.0,72967928.0,0.0,,,,,2.0,2026-10-03T15:20:25.614Z,13.017096617999982,8.0,1.0,116017294.0,225912.0,72967928.0,42513723.0,115484061.0,42516133.0,0.306192,0.608389,3.0,2026-10-03T15:23:09.168Z,12.653646851999952,8.0,1.0,116140268.0,267836.0,72967928.0,42513535.0,411021038.0,338053110.0,0.290518,0.579994,1.0,2026-10-03T15:20:09.103Z
37123731010,1,uptime-kuma,default,S0,4,4,151.23959559999992,0.0,0.0,272376910.0,1754944.0,72967928.0,0.0,,,,,3.0,2026-10-03T15:23:58.352Z,12.354951544000073,8.0,1.0,116003831.0,211384.0,72967928.0,42513723.0,115484061.0,42516133.0,0.292987,0.564641,2.0,2026-10-03T15:23:42.289Z,12.388230647,8.0,1.0,116016689.0,218183.0,72967928.0,42513535.0,411021038.0,338053110.0,0.272074,0.577766,1.0,2026-10-03T15:23:26.061Z
37123731010,1,uptime-kuma,default,S0,4,5,154.25239521899994,0.0,0.0,272449665.0,1783146.0,72967928.0,0.0,,,,,1.0,2026-10-03T15:26:42.435Z,12.895801276999919,8.0,1.0,116075694.0,228535.0,72967928.0,42513723.0,115484061.0,42516133.0,0.297674,0.472901,3.0,2026-10-03T15:29:46.151Z,12.61887882499991,8.0,1.0,116043381.0,241422.0,72967928.0,42513535.0,411021038.0,338053110.0,0.227649,0.525154,2.0,2026-10-03T15:29:29.684Z
37123731010,1,uptime-kuma,default,S1,1,1,130.14229624899997,0.0,0.0,271459219.0,1684610.0,72967928.0,0.0,,,,,2.0,2026-10-03T14:41:21.032Z,134.691753269,1.0,0.125,271704507.0,45984737.0,72967928.0,93.0,115479241.0,42511313.0,0.262079,2.882044,1.0,2026-10-03T14:38:46.072Z,115.09976151800004,5.0,0.625,361835208.0,54340892.0,72967928.0,286756233.0,411183847.0,338215919.0,0.251183,3.014691,3.0,2026-10-03T14:43:51.332Z
37123731010,1,uptime-kuma,default,S1,1,2,127.48206509299996,0.0,0.0,271478499.0,1671628.0,72967928.0,0.0,,,,,1.0,2026-10-03T14:46:06.588Z,137.5476297890001,1.0,0.125,271537185.0,46037435.0,72967928.0,93.0,115478477.0,42510549.0,0.268946,2.63132,2.0,2026-10-03T14:48:35.716Z,122.63608320200001,5.0,0.625,361575566.0,54449684.0,72967928.0,286756233.0,411183797.0,338215869.0,0.229058,3.389827,3.0,2026-10-03T14:51:15.375Z
37123731010,1,uptime-kuma,default,S1,1,3,130.50233350100007,0.0,0.0,271463956.0,1628504.0,72967928.0,0.0,,,,,3.0,2026-10-03T14:58:33.406Z,133.277153945,1.0,0.125,271566851.0,46200309.0,72967928.0,93.0,115479738.0,42511810.0,0.212826,2.783359,2.0,2026-10-03T14:55:59.143Z,118.800034761,5.0,0.625,361496963.0,54240964.0,72967928.0,286756233.0,411183858.0,338215930.0,0.233245,3.496559,1.0,2026-10-03T14:53:39.010Z
37123731010,1,uptime-kuma,default,S1,1,4,132.37371037399998,0.0,0.0,271592290.0,1633786.0,72967928.0,0.0,,,,,2.0,2026-10-03T15:03:35.593Z,130.15093906100014,1.0,0.125,271649921.0,46010417.0,72967928.0,93.0,115477817.0,42509889.0,0.255253,2.693903,1.0,2026-10-03T15:01:04.346Z,113.78314424899986,5.0,0.625,361641668.0,54319501.0,72967928.0,286756233.0,411183879.0,338215951.0,0.225863,3.29327,3.0,2026-10-03T15:06:07.742Z
37123731010,1,uptime-kuma,default,S1,1,5,127.58561908899992,0.0,0.0,271306931.0,1612940.0,72967928.0,0.0,,,,,1.0,2026-10-03T15:08:21.911Z,132.053452827,1.0,0.125,271424913.0,45912466.0,72967928.0,93.0,115478846.0,42510918.0,0.230481,2.909277,3.0,2026-10-03T15:13:08.019Z,117.49241636499983,5.0,0.625,361863774.0,54383990.0,72967928.0,286756233.0,411183753.0,338215825.0,0.236044,3.60196,2.0,2026-10-03T15:10:50.162Z
37123731010,1,uptime-kuma,default,S1,2,1,144.11216136200005,0.0,0.0,272680178.0,1692033.0,72967928.0,0.0,,,,,1.0,2026-10-03T14:31:04.438Z,148.66489780199993,1.0,0.125,272915587.0,45996180.0,72967928.0,93.0,115482981.0,42515053.0,0.375115,3.188017,3.0,2026-10-03T14:36:01.823Z,128.93862934100002,5.0,0.625,361756227.0,53208874.0,72967928.0,286769011.0,411201631.0,338233703.0,0.347484,3.479563,2.0,2026-10-03T14:33:40.350Z
37123731010,1,uptime-kuma,default,S1,2,2,149.99398510699984,0.0,0.0,272383943.0,1670605.0,72967928.0,0.0,,,,,1.0,2026-10-03T14:38:43.701Z,150.07437667900012,1.0,0.125,273060741.0,45571534.0,72967928.0,93.0,115484204.0,42516276.0,0.340917,3.169731,3.0,2026-10-03T14:43:50.897Z,132.15515965300006,5.0,0.625,361804373.0,53876151.0,72967928.0,286769011.0,411201048.0,338233120.0,0.323559,3.600803,2.0,2026-10-03T14:41:26.338Z
37123731010,1,uptime-kuma,default,S1,2,3,145.58973264400015,0.0,0.0,272904690.0,1623324.0,72967928.0,0.0,,,,,1.0,2026-10-03T14:46:33.458Z,147.8415947640001,1.0,0.125,272041970.0,44650922.0,72967928.0,93.0,115482896.0,42514968.0,0.40468,2.87301,3.0,2026-10-03T14:51:34.583Z,131.13804008399984,5.0,0.625,361551151.0,54211061.0,72967928.0,286769011.0,411201546.0,338233618.0,0.341844,3.978007,2.0,2026-10-03T14:49:11.031Z
37123731010,1,uptime-kuma,default,S1,2,4,151.62665137000022,0.0,0.0,272435099.0,1742227.0,72967928.0,0.0,,,,,3.0,2026-10-03T14:59:23.969Z,147.6723791479999,1.0,0.125,272186393.0,45174527.0,72967928.0,93.0,115484325.0,42516397.0,0.34837,2.922179,1.0,2026-10-03T14:54:14.946Z,134.98525012799973,5.0,0.625,361799186.0,53896243.0,72967928.0,286769011.0,411201100.0,338233172.0,0.35281,3.527781,2.0,2026-10-03T14:56:55.729Z
37123731010,1,uptime-kuma,default,S1,2,5,146.70164048700008,0.0,0.0,271563375.0,1632996.0,72967928.0,0.0,,,,,3.0,2026-10-03T15:07:20.797Z,156.23659731599992,1.0,0.125,272648067.0,45851695.0,72967928.0,93.0,115483754.0,42515826.0,0.371907,2.999127,1.0,2026-10-03T15:02:08.250Z,130.75778240599993,5.0,0.625,361694584.0,53819385.0,72967928.0,286769011.0,411200870.0,338232942.0,0.329673,3.525415,2.0,2026-10-03T15:04:57.503Z
37123731010,1,uptime-kuma,default,S1,3,1,147.59742468299999,0.0,0.0,272875613.0,1678136.0,72967928.0,0.0,,,,,3.0,2026-10-03T14:12:31.924Z,155.48844254899996,1.0,0.125,273854260.0,46099380.0,72967928.0,93.0,115484352.0,42516424.0,0.704704,3.881875,2.0,2026-10-03T14:09:42.851Z,138.57115448900004,5.0,0.625,362146880.0,53147990.0,72967928.0,286771518.0,411203649.0,338235721.0,0.707141,5.085705,1.0,2026-10-03T14:07:11.165Z
37123731010,1,uptime-kuma,default,S1,3,2,147.852764857,0.0,0.0,271408591.0,1797682.0,72967928.0,0.0,,,,,3.0,2026-10-03T14:20:28.919Z,154.28013566800007,1.0,0.125,273753774.0,46430463.0,72967928.0,93.0,115483602.0,42515674.0,0.772983,3.976391,1.0,2026-10-03T14:15:12.566Z,135.48718685900008,5.0,0.625,361819865.0,54276738.0,72967928.0,286771518.0,411204968.0,338237040.0,0.681398,4.6436,2.0,2026-10-03T14:18:00.060Z
37123731010,1,uptime-kuma,default,S1,3,3,148.15500943000006,0.0,0.0,272689691.0,1830470.0,72967928.0,0.0,,,,,2.0,2026-10-03T14:25:54.823Z,152.13290196100002,1.0,0.125,272436648.0,45965687.0,72967928.0,93.0,115483759.0,42515831.0,0.676875,4.136043,1.0,2026-10-03T14:23:09.313Z,137.63743462999992,5.0,0.625,362003558.0,54741908.0,72967928.0,286771518.0,411204947.0,338237019.0,0.713276,4.797645,3.0,2026-10-03T14:28:35.585Z
37123731010,1,uptime-kuma,default,S1,3,4,148.36427728199988,0.0,0.0,271401472.0,1759491.0,72967928.0,0.0,,,,,2.0,2026-10-03T14:33:53.757Z,153.22017574799997,1.0,0.125,271897952.0,46091235.0,72967928.0,93.0,115483716.0,42515788.0,0.675891,4.450646,1.0,2026-10-03T14:31:07.201Z,138.73740870600022,5.0,0.625,361992035.0,54570556.0,72967928.0,286771518.0,411203519.0,338235591.0,0.686251,4.467122,3.0,2026-10-03T14:36:34.750Z
37123731010,1,uptime-kuma,default,S1,3,5,150.4662324609999,0.0,0.0,272149912.0,1768233.0,72967928.0,0.0,,,,,2.0,2026-10-03T14:41:36.478Z,155.69343074899962,1.0,0.125,271589810.0,45828883.0,72967928.0,93.0,115484074.0,42516146.0,0.695565,3.874878,3.0,2026-10-03T14:44:19.777Z,136.49219402400013,5.0,0.625,361984148.0,54672819.0,72967928.0,286771518.0,411203538.0,338235610.0,0.689465,4.441882,1.0,2026-10-03T14:39:06.683Z
37123731010,1,uptime-kuma,default,S1,4,1,149.5901461709999,0.0,0.0,272157747.0,1823398.0,72967928.0,0.0,,,,,2.0,2026-10-03T12:51:31.941Z,154.2235806,1.0,0.125,272178977.0,46148237.0,72967928.0,93.0,115480669.0,42512741.0,0.883027,4.495594,3.0,2026-10-03T12:54:12.553Z,137.792040757,5.0,0.625,362120109.0,54521578.0,72967928.0,286771182.0,411203321.0,338235393.0,0.866468,5.586099,1.0,2026-10-03T12:49:02.732Z
37123731010,1,uptime-kuma,default,S1,4,2,150.47731075399997,0.0,0.0,271961673.0,1707007.0,72967928.0,0.0,,,,,2.0,2026-10-03T12:59:24.932Z,155.2658539260001,1.0,0.125,271863183.0,45982065.0,72967928.0,93.0,115481205.0,42513277.0,0.99202,4.262987,3.0,2026-10-03T13:02:06.295Z,134.70194413600007,5.0,0.625,362244869.0,54788397.0,72967928.0,286771182.0,411203357.0,338235429.0,0.845763,5.215241,1.0,2026-10-03T12:56:58.708Z
37123731010,1,uptime-kuma,default,S1,4,3,146.00212149799995,0.0,0.0,271810178.0,1707717.0,72967928.0,0.0,,,,,1.0,2026-10-03T13:04:52.901Z,147.87651050499994,1.0,0.125,271825998.0,45895086.0,72967928.0,93.0,115480271.0,42512343.0,0.908322,4.332039,3.0,2026-10-03T13:09:53.745Z,132.86076830499997,5.0,0.625,362274127.0,54801841.0,72967928.0,286771182.0,411203647.0,338235719.0,0.837743,4.892794,2.0,2026-10-03T13:07:29.625Z
37123731010,1,uptime-kuma,default,S1,4,4,146.52410774700002,0.0,0.0,272063413.0,1841682.0,72967928.0,0.0,,,,,2.0,2026-10-03T13:15:13.878Z,149.56413537699996,1.0,0.125,272136674.0,45756829.0,72967928.0,93.0,115479382.0,42511454.0,0.922807,4.487802,1.0,2026-10-03T13:12:33.031Z,133.9033871659999,5.0,0.625,362174250.0,54430339.0,72967928.0,286771182.0,411203023.0,338235095.0,0.829466,4.841953,3.0,2026-10-03T13:17:51.033Z
37123731010,1,uptime-kuma,default,S1,4,5,148.73626848100002,0.0,0.0,271872029.0,1749097.0,72967928.0,0.0,,,,,2.0,2026-10-03T13:23:08.870Z,160.95577055800004,1.0,0.125,272253078.0,46003560.0,72967928.0,93.0,115482259.0,42514331.0,0.85704,4.399227,1.0,2026-10-03T13:20:16.366Z,138.14186777399982,5.0,0.625,361964156.0,54291285.0,72967928.0,286771182.0,411203776.0,338235848.0,0.897887,5.142168,3.0,2026-10-03T13:25:48.402Z
37123731010,1,uptime-kuma,default,S2,1,1,146.90597343899992,0.0,0.0,273193071.0,1706421.0,72967928.0,0.0,,,,,3.0,2026-10-03T12:54:12.928Z,150.15696223300006,1.0,0.125,272386959.0,46169563.0,72967928.0,93.0,115483490.0,42515562.0,0.26514,3.066774,2.0,2026-10-03T12:51:29.891Z,158.79428509699994,3.0,0.375,291618085.0,233916083.0,72967928.0,115556879.0,411018710.0,338050782.0,0.304208,20.285196,1.0,2026-10-03T12:48:38.171Z
37123731010,1,uptime-kuma,default,S2,1,2,145.38697018799985,0.0,0.0,272423800.0,1738817.0,72967928.0,0.0,,,,,3.0,2026-10-03T13:02:27.184Z,149.91857711399985,1.0,0.125,272530391.0,46144559.0,72967928.0,93.0,115483345.0,42515417.0,0.227336,2.931131,2.0,2026-10-03T12:59:44.188Z,158.8789422530001,3.0,0.375,291580933.0,233961661.0,72967928.0,115556879.0,411015710.0,338047782.0,0.251214,21.691413,1.0,2026-10-03T12:56:52.401Z
37123731010,1,uptime-kuma,default,S2,1,3,146.2129568779999,0.0,0.0,273265270.0,1727581.0,72967928.0,0.0,,,,,1.0,2026-10-03T13:05:05.368Z,149.75320443600003,1.0,0.125,272423801.0,46091503.0,72967928.0,93.0,115482595.0,42514667.0,0.250706,2.980831,2.0,2026-10-03T13:07:44.154Z,158.67324987799998,3.0,0.375,291339413.0,233872272.0,72967928.0,115556879.0,411018776.0,338050848.0,0.318816,20.803225,3.0,2026-10-03T13:10:27.113Z
37123731010,1,uptime-kuma,default,S2,1,4,145.66865801599988,0.0,0.0,272634039.0,1683496.0,72967928.0,0.0,,,,,2.0,2026-10-03T13:16:00.967Z,149.02175043599982,1.0,0.125,272318645.0,46004223.0,72967928.0,93.0,115484149.0,42516221.0,0.24519,3.002953,1.0,2026-10-03T13:13:18.721Z,157.46083199500026,3.0,0.375,291557538.0,233879162.0,72967928.0,115556879.0,411014961.0,338047033.0,0.23448,20.567438,3.0,2026-10-03T13:18:39.895Z
37123731010,1,uptime-kuma,default,S2,1,5,145.64578766800014,0.0,0.0,272276040.0,1687099.0,72967928.0,0.0,,,,,2.0,2026-10-03T13:24:13.181Z,149.01929380399997,1.0,0.125,272109432.0,46080575.0,72967928.0,93.0,115482350.0,42514422.0,0.218673,2.799889,1.0,2026-10-03T13:21:30.507Z,158.05875042000025,3.0,0.375,291597941.0,233935566.0,72967928.0,115556879.0,411013968.0,338046040.0,0.331754,20.783641,3.0,2026-10-03T13:26:51.858Z
37123731010,1,uptime-kuma,default,S2,2,1,146.63632643500006,0.0,0.0,272041585.0,1878377.0,72967928.0,0.0,,,,,1.0,2026-10-03T14:05:49.919Z,150.80594283999994,1.0,0.125,271520770.0,46177366.0,72967928.0,93.0,115484090.0,42516162.0,0.72792,4.125812,2.0,2026-10-03T14:08:29.382Z,166.652272779,3.0,0.375,291233448.0,233268032.0,72967928.0,115557233.0,411021558.0,338053630.0,0.732474,22.433409,3.0,2026-10-03T14:11:13.680Z
37123731010,1,uptime-kuma,default,S2,2,2,150.40611268899988,0.0,0.0,273470531.0,1834362.0,72967928.0,0.0,,,,,1.0,2026-10-03T14:14:13.698Z,152.0443221339999,1.0,0.125,272042607.0,45967362.0,72967928.0,93.0,115483627.0,42515699.0,0.742367,3.898189,2.0,2026-10-03T14:16:56.756Z,159.83154240299996,3.0,0.375,291023475.0,232982580.0,72967928.0,115557233.0,411020231.0,338052303.0,0.694655,22.203001,3.0,2026-10-03T14:19:41.829Z
37123731010,1,uptime-kuma,default,S2,2,3,145.31685716900006,0.0,0.0,271717111.0,1847970.0,72967928.0,0.0,,,,,2.0,2026-10-03T14:25:17.600Z,149.52943909099986,1.0,0.125,272916703.0,45724785.0,72967928.0,93.0,115484235.0,42516307.0,0.702581,3.749796,1.0,2026-10-03T14:22:34.872Z,161.2856385340001,3.0,0.375,291279698.0,233987497.0,72967928.0,115557233.0,411021519.0,338053591.0,0.691031,22.471835,3.0,2026-10-03T14:27:55.403Z
37123731010,1,uptime-kuma,default,S2,2,4,145.15430529600008,0.0,0.0,273125971.0,1660347.0,72967928.0,0.0,,,,,2.0,2026-10-03T14:33:34.312Z,151.03314775599983,1.0,0.125,271963809.0,45792203.0,72967928.0,93.0,115483391.0,42515463.0,0.70543,3.842889,1.0,2026-10-03T14:30:49.973Z,161.42496526500008,3.0,0.375,291018838.0,233117952.0,72967928.0,115557233.0,411022025.0,338054097.0,0.693782,23.531102,3.0,2026-10-03T14:36:11.961Z
37123731010,1,uptime-kuma,default,S2,2,5,144.9232945069998,0.0,0.0,273436559.0,1644640.0,72967928.0,0.0,,,,,1.0,2026-10-03T14:39:06.693Z,151.55571444999987,1.0,0.125,274611597.0,46074900.0,72967928.0,93.0,115484033.0,42516105.0,0.692562,4.102955,3.0,2026-10-03T14:44:38.573Z,161.2814057659998,3.0,0.375,291116477.0,233020864.0,72967928.0,115557233.0,411022816.0,338054888.0,0.718705,23.523095,2.0,2026-10-03T14:41:44.063Z
37123731010,1,uptime-kuma,default,S2,3,1,125.75916419700002,0.0,0.0,271470989.0,1591703.0,72967928.0,0.0,,,,,3.0,2026-10-03T15:11:10.611Z,130.64760494799998,1.0,0.125,271789422.0,46032716.0,72967928.0,93.0,115480882.0,42512954.0,0.279273,2.985204,2.0,2026-10-03T15:08:39.278Z,136.91719477599997,3.0,0.375,290896168.0,233650905.0,72967928.0,115556556.0,411000670.0,338032742.0,0.227285,18.777947,1.0,2026-10-03T15:06:01.247Z
37123731010,1,uptime-kuma,default,S2,3,2,125.07815276299993,0.0,0.0,271444503.0,1609940.0,72967928.0,0.0,,,,,1.0,2026-10-03T15:13:36.335Z,127.26685332699992,1.0,0.125,271819642.0,45997651.0,72967928.0,93.0,115478414.0,42510486.0,0.235416,3.047038,2.0,2026-10-03T15:16:00.455Z,133.93827091699995,3.0,0.375,290857266.0,233742836.0,72967928.0,115556556.0,411002777.0,338034849.0,0.22271,18.504222,3.0,2026-10-03T15:18:27.426Z
37123731010,1,uptime-kuma,default,S2,3,3,126.75587475299994,0.0,0.0,271632034.0,1629077.0,72967928.0,0.0,,,,,2.0,2026-10-03T15:23:29.199Z,128.20861226399984,1.0,0.125,271666352.0,45899902.0,72967928.0,93.0,115478540.0,42510612.0,0.280394,2.851102,1.0,2026-10-03T15:21:00.984Z,136.6613699830002,3.0,0.375,290986712.0,233844887.0,72967928.0,115556556.0,411004115.0,338036187.0,0.23467,18.643001,3.0,2026-10-03T15:25:55.494Z
37123731010,1,uptime-kuma,default,S2,3,4,127.99442446099988,0.0,0.0,271347746.0,1647821.0,72967928.0,0.0,,,,,3.0,2026-10-03T15:33:47.202Z,131.54000486299992,1.0,0.125,271574015.0,46021589.0,72967928.0,93.0,115479698.0,42511770.0,0.183573,2.758232,1.0,2026-10-03T15:28:33.363Z,140.6611217740001,3.0,0.375,290808354.0,233927347.0,72967928.0,115556556.0,411008959.0,338041031.0,0.233187,19.583703,2.0,2026-10-03T15:31:06.373Z
37123731010,1,uptime-kuma,default,S2,3,5,123.01091523399964,0.0,0.0,271575374.0,1671731.0,72967928.0,0.0,,,,,1.0,2026-10-03T15:36:15.193Z,135.010175763,1.0,0.125,271685328.0,46044686.0,72967928.0,93.0,115478271.0,42510343.0,0.225518,2.851638,3.0,2026-10-03T15:41:17.919Z,138.14157162499987,3.0,0.375,290764912.0,233263196.0,72967928.0,115556556.0,411001558.0,338033630.0,0.274743,18.83946,2.0,2026-10-03T15:38:37.850Z
37123731010,1,uptime-kuma,default,S2,4,1,147.341357109,0.0,0.0,272320575.0,1741746.0,72967928.0,0.0,,,,,2.0,2026-10-03T12:58:42.633Z,151.546551487,1.0,0.125,272162117.0,45996446.0,72967928.0,90.0,115483092.0,42515164.0,0.279769,3.011853,3.0,2026-10-03T13:01:23.093Z,158.21390587199994,3.0,0.375,291689156.0,234462124.0,72967928.0,115556901.0,411015825.0,338047897.0,0.256154,20.233827,1.0,2026-10-03T12:55:50.937Z
37123731010,1,uptime-kuma,default,S2,4,2,148.36147183599996,0.0,0.0,272292267.0,1733368.0,72967928.0,0.0,,,,,3.0,2026-10-03T13:09:44.460Z,150.2479810200001,1.0,0.125,272296595.0,46009674.0,72967928.0,90.0,115482110.0,42514182.0,0.264918,3.215604,1.0,2026-10-03T13:04:07.778Z,159.738139951,3.0,0.375,291556195.0,233903124.0,72967928.0,115556901.0,411021105.0,338053177.0,0.264553,20.001902,2.0,2026-10-03T13:06:51.429Z
37123731010,1,uptime-kuma,default,S2,4,3,148.109023836,0.0,0.0,273967871.0,1756040.0,72967928.0,0.0,,,,,2.0,2026-10-03T13:15:23.115Z,151.39123301099994,1.0,0.125,272413236.0,46139737.0,72967928.0,90.0,115483954.0,42516026.0,0.257113,2.783038,3.0,2026-10-03T13:18:04.128Z,162.90868004699996,3.0,0.375,291768637.0,234131432.0,72967928.0,115556901.0,411017372.0,338049444.0,0.267438,20.519739,1.0,2026-10-03T13:12:26.376Z
37123731010,1,uptime-kuma,default,S2,4,4,151.2247235960001,0.0,0.0,272203442.0,1701751.0,72967928.0,0.0,,,,,1.0,2026-10-03T13:20:48.758Z,152.18859495800007,1.0,0.125,272460147.0,46145795.0,72967928.0,90.0,115483137.0,42515209.0,0.326679,3.068386,2.0,2026-10-03T13:23:33.252Z,160.40766097699998,3.0,0.375,291785371.0,234169405.0,72967928.0,115556901.0,411016389.0,338048461.0,0.291954,20.097985,3.0,2026-10-03T13:26:18.628Z
37123731010,1,uptime-kuma,default,S2,4,5,146.72951384499993,0.0,0.0,272111841.0,1755045.0,72967928.0,0.0,,,,,2.0,2026-10-03T13:31:54.664Z,149.52570954999965,1.0,0.125,272492691.0,46114668.0,72967928.0,90.0,115483988.0,42516060.0,0.299722,3.02975,1.0,2026-10-03T13:29:12.291Z,159.49843971799964,3.0,0.375,291582716.0,234002024.0,72967928.0,115556901.0,411019166.0,338051238.0,0.29269,20.496239,3.0,2026-10-03T13:34:33.996Z
37123731010,1,uptime-kuma,default,S3,1,1,149.22751686200002,0.0,0.0,272364955.0,1882626.0,72967928.0,0.0,,,,,3.0,2026-10-03T12:55:17.663Z,156.336420074,1.0,0.125,272549628.0,46066569.0,72967928.0,93.0,115483478.0,42515550.0,0.668113,4.155323,2.0,2026-10-03T12:52:28.069Z,172.60526436099997,1.0,0.125,272759501.0,352383787.0,72967928.0,93.0,411017532.0,338049604.0,0.644229,23.43515,1.0,2026-10-03T12:49:22.285Z
37123731010,1,uptime-kuma,default,S3,1,2,148.81635113800007,0.0,0.0,272225312.0,1745077.0,72967928.0,0.0,,,,,1.0,2026-10-03T12:58:00.033Z,153.37348248299986,1.0,0.125,272362402.0,46064830.0,72967928.0,93.0,115484313.0,42516385.0,0.700611,4.424568,2.0,2026-10-03T13:00:42.194Z,174.00165676799998,1.0,0.125,272528343.0,354045616.0,72967928.0,93.0,411019851.0,338051923.0,0.742464,24.262791,3.0,2026-10-03T13:03:29.057Z
37123731010,1,uptime-kuma,default,S3,1,3,151.475162964,0.0,0.0,272225631.0,1687867.0,72967928.0,0.0,,,,,2.0,2026-10-03T13:09:43.314Z,153.21499682699982,1.0,0.125,272296507.0,46135467.0,72967928.0,93.0,115483516.0,42515588.0,0.715711,4.078336,3.0,2026-10-03T13:12:27.501Z,172.46196351899994,1.0,0.125,272784932.0,354484567.0,72967928.0,93.0,411017527.0,338049599.0,0.670876,23.396006,1.0,2026-10-03T13:06:36.874Z
37123731010,1,uptime-kuma,default,S3,1,4,145.24025891500014,0.0,0.0,272138657.0,1776897.0,72967928.0,0.0,,,,,3.0,2026-10-03T13:21:14.152Z,156.07083325300005,1.0,0.125,272643663.0,46262900.0,72967928.0,93.0,115483453.0,42515525.0,0.729863,4.610622,1.0,2026-10-03T13:15:14.284Z,175.95130272300003,1.0,0.125,272722608.0,354178615.0,72967928.0,93.0,411022838.0,338054910.0,0.648509,23.512888,2.0,2026-10-03T13:18:04.909Z
37123731010,1,uptime-kuma,default,S3,1,5,148.255581206,0.0,0.0,272127262.0,1689955.0,72967928.0,0.0,,,,,3.0,2026-10-03T13:29:46.378Z,156.64416599599963,1.0,0.125,272655617.0,46128781.0,72967928.0,93.0,115484315.0,42516387.0,0.685368,4.513145,2.0,2026-10-03T13:26:56.254Z,171.03782071100022,1.0,0.125,272439710.0,354193873.0,72967928.0,93.0,411022783.0,338054855.0,0.688349,23.609549,1.0,2026-10-03T13:23:52.027Z
37123731010,1,uptime-kuma,default,S3,2,1,150.581158738,0.0,0.0,273550257.0,1651153.0,72967928.0,0.0,,,,,1.0,2026-10-03T15:18:48.231Z,156.30802917100004,1.0,0.125,271653624.0,46184291.0,72967928.0,92.0,115484333.0,42516405.0,0.70664,4.027557,2.0,2026-10-03T15:21:32.198Z,172.55027651900002,1.0,0.125,273461135.0,352588618.0,72967928.0,93.0,411021747.0,338053819.0,0.731045,22.781783,3.0,2026-10-03T15:24:22.061Z
37123731010,1,uptime-kuma,default,S3,2,2,153.91343791999998,0.0,0.0,271416579.0,1809599.0,72967928.0,0.0,,,,,2.0,2026-10-03T15:30:16.904Z,155.29385105699998,1.0,0.125,271993891.0,45952332.0,72967928.0,92.0,115484014.0,42516086.0,0.694513,3.83764,1.0,2026-10-03T15:27:28.123Z,179.27267396599996,1.0,0.125,273179094.0,353524937.0,72967928.0,93.0,411023313.0,338055385.0,0.807598,23.441575,3.0,2026-10-03T15:33:03.794Z
37123731010,1,uptime-kuma,default,S3,2,3,147.87768491299994,0.0,0.0,273424600.0,1712673.0,72967928.0,0.0,,,,,2.0,2026-10-03T15:39:04.690Z,153.78079188100014,1.0,0.125,271603617.0,45840082.0,72967928.0,92.0,115483533.0,42515605.0,0.702732,3.97447,1.0,2026-10-03T15:36:16.765Z,169.8074418340002,1.0,0.125,272284976.0,353161725.0,72967928.0,93.0,411020524.0,338052596.0,0.704942,23.97441,3.0,2026-10-03T15:41:45.388Z
37123731010,1,uptime-kuma,default,S3,2,4,145.32416102199977,0.0,0.0,271784959.0,1900813.0,72967928.0,0.0,,,,,2.0,2026-10-03T15:47:32.539Z,150.57187356500003,1.0,0.125,271504681.0,46140196.0,72967928.0,92.0,115483509.0,42515581.0,0.72364,4.13115,1.0,2026-10-03T15:44:48.377Z,169.30870213599974,1.0,0.125,271950073.0,354568135.0,72967928.0,93.0,411018619.0,338050691.0,0.72666,22.847167,3.0,2026-10-03T15:50:10.710Z
37123731010,1,uptime-kuma,default,S3,2,5,144.89320437600009,0.0,0.0,272273947.0,1890138.0,72967928.0,0.0,,,,,2.0,2026-10-03T15:56:17.520Z,181.57023664300004,1.0,0.125,272648137.0,45788062.0,72967928.0,92.0,115483474.0,42515546.0,0.691729,4.38657,3.0,2026-10-03T15:58:54.849Z,170.11158940999985,1.0,0.125,271845279.0,353722667.0,72967928.0,93.0,411023177.0,338055249.0,0.737765,22.571555,1.0,2026-10-03T15:53:14.023Z
37123731010,1,uptime-kuma,default,S3,3,1,147.06009355000003,0.0,0.0,272289874.0,1675128.0,72967928.0,0.0,,,,,3.0,2026-10-03T15:03:15.004Z,159.286616139,1.0,0.125,273541883.0,45969533.0,72967928.0,93.0,115483054.0,42515126.0,0.696434,4.200894,2.0,2026-10-03T15:00:22.271Z,176.96679636600004,1.0,0.125,272036065.0,352867652.0,72967928.0,93.0,411022514.0,338054586.0,0.732411,25.630164,1.0,2026-10-03T14:57:11.773Z
37123731010,1,uptime-kuma,default,S3,3,2,148.02453370900002,0.0,0.0,273446380.0,1750266.0,72967928.0,0.0,,,,,2.0,2026-10-03T15:09:08.541Z,154.59295354799997,1.0,0.125,271806751.0,45787850.0,72967928.0,93.0,115483930.0,42516002.0,0.697729,3.752397,3.0,2026-10-03T15:11:49.264Z,179.45030771699987,1.0,0.125,272087339.0,354004220.0,72967928.0,93.0,411023301.0,338055373.0,0.712752,23.026219,1.0,2026-10-03T15:05:55.326Z
37123731010,1,uptime-kuma,default,S3,3,3,148.23627192200001,0.0,0.0,272466745.0,1774530.0,72967928.0,0.0,,,,,2.0,2026-10-03T15:17:43.277Z,156.27743493499997,1.0,0.125,271643611.0,45864058.0,72967928.0,93.0,115483660.0,42515732.0,0.697704,4.01285,3.0,2026-10-03T15:20:24.498Z,172.672880222,1.0,0.125,273060075.0,353667472.0,72967928.0,93.0,411021434.0,338053506.0,0.76504,23.390087,1.0,2026-10-03T15:14:37.327Z
37123731010,1,uptime-kuma,default,S3,3,4,151.99856685999998,0.0,0.0,271189776.0,1684564.0,72967928.0,0.0,,,,,1.0,2026-10-03T15:23:14.216Z,157.15608874500003,1.0,0.125,271469907.0,46214997.0,72967928.0,93.0,115484067.0,42516139.0,0.699482,4.185552,3.0,2026-10-03T15:29:06.522Z,174.4586152310003,1.0,0.125,272147353.0,353491337.0,72967928.0,93.0,411023354.0,338055426.0,0.689235,22.960013,2.0,2026-10-03T15:25:58.770Z
37123731010,1,uptime-kuma,default,S3,3,5,151.29686710499982,0.0,0.0,271353489.0,1687294.0,72967928.0,0.0,,,,,1.0,2026-10-03T15:31:57.113Z,156.49928053999975,1.0,0.125,272885577.0,46060488.0,72967928.0,93.0,115483982.0,42516054.0,0.673775,3.947447,2.0,2026-10-03T15:34:41.108Z,177.36492977200032,1.0,0.125,271699178.0,352047565.0,72967928.0,93.0,411021836.0,338053908.0,0.696845,24.600229,3.0,2026-10-03T15:37:31.561Z
37123731010,1,uptime-kuma,default,S3,4,1,142.03109767800004,0.0,0.0,271603644.0,1660312.0,72967928.0,0.0,,,,,1.0,2026-10-03T14:53:09.632Z,145.9832106440001,1.0,0.125,272024219.0,45137617.0,72967928.0,93.0,115481905.0,42513977.0,0.477586,3.014883,2.0,2026-10-03T14:55:42.105Z,165.38776853499996,1.0,0.125,271885361.0,350729230.0,72967928.0,93.0,411010843.0,338042915.0,0.394736,23.41728,3.0,2026-10-03T14:58:18.956Z
37123731010,1,uptime-kuma,default,S3,4,2,142.84378502599998,0.0,0.0,271327781.0,1602529.0,72967928.0,0.0,,,,,2.0,2026-10-03T15:04:13.735Z,149.25731740699985,1.0,0.125,271960172.0,45411535.0,72967928.0,93.0,115483174.0,42515246.0,0.378076,3.250076,3.0,2026-10-03T15:06:47.079Z,167.4715221849999,1.0,0.125,272339618.0,345527875.0,72967928.0,93.0,411011659.0,338043731.0,0.363469,22.908961,1.0,2026-10-03T15:01:15.270Z
37123731010,1,uptime-kuma,default,S3,4,3,141.01597311500018,0.0,0.0,271586081.0,1663010.0,72967928.0,0.0,,,,,2.0,2026-10-03T15:12:26.266Z,145.91518161,1.0,0.125,271527059.0,45737435.0,72967928.0,93.0,115481453.0,42513525.0,0.436871,2.99362,3.0,2026-10-03T15:14:57.813Z,168.06801284099993,1.0,0.125,272085722.0,347472934.0,72967928.0,93.0,411014406.0,338046478.0,0.371132,23.344578,1.0,2026-10-03T15:09:27.208Z
37123731010,1,uptime-kuma,default,S3,4,4,145.13053671900002,0.0,0.0,271660465.0,1697557.0,72967928.0,0.0,,,,,1.0,2026-10-03T15:17:34.515Z,150.97039442599998,1.0,0.125,271820405.0,44922557.0,72967928.0,93.0,115483550.0,42515622.0,0.313216,3.289081,3.0,2026-10-03T15:23:13.478Z,172.2904176720001,1.0,0.125,272553613.0,344424888.0,72967928.0,93.0,411020677.0,338052749.0,0.36464,23.425087,2.0,2026-10-03T15:20:10.197Z
37123731010,1,uptime-kuma,default,S3,4,5,142.5907133139999,0.0,0.0,271596837.0,1656085.0,72967928.0,0.0,,,,,1.0,2026-10-03T15:25:55.421Z,146.7165997689999,1.0,0.125,271817291.0,45052529.0,72967928.0,93.0,115482718.0,42514790.0,0.34313,2.96006,2.0,2026-10-03T15:28:28.746Z,165.7984424780002,1.0,0.125,271975035.0,350650296.0,72967928.0,93.0,411012704.0,338044776.0,0.376119,23.087033,3.0,2026-10-03T15:31:06.256Z
